week,model,arm,coverage_adjusted_recall,actionable_precision,wasted_budget_rate,candidate_coverage
2,base_dffnn,activity_conditioned,0.0709789109222537,0.6424501424501424,0.14672364672364668,0.905946061491325
2,base_dffnn,AI,0.08301857097891092,0.7514245014245015,0.0,0.905946061491325
2,base_dffnn,activity_to_cutoff_valid,0.09073024866226,0.8212250712250713,0.0,1.0
2,base_dffnn,cutoff_valid,0.0908089392508656,0.8219373219373219,0.0,1.0
2,base_knn,activity_conditioned,0.06366068618193264,0.5762108262108262,0.09472934472934469,0.905946061491325
2,base_knn,AI,0.06987724268177525,0.6324786324786325,0.0,0.905946061491325
2,base_knn,activity_to_cutoff_valid,0.06987724268177525,0.6324786324786325,0.0,1.0
2,base_knn,cutoff_valid,0.0769593956562795,0.6965811965811965,0.0,1.0
2,base_lr_clickstream,activity_conditioned,0.06413282971356626,0.5804843304843305,0.10754985754985757,0.905946061491325
2,base_lr_clickstream,AI,0.07223796033994334,0.6538461538461539,0.0,0.905946061491325
2,base_lr_clickstream,activity_to_cutoff_valid,0.08168083097261568,0.7393162393162394,0.0,1.0
2,base_lr_clickstream,cutoff_valid,0.08380547686496695,0.7585470085470085,0.0,1.0
2,base_lr_profile,activity_conditioned,0.06665092854894554,0.6032763532763533,0.08262108262108259,0.905946061491325
2,base_lr_profile,AI,0.07184450739691534,0.6502849002849003,0.0,0.905946061491325
2,base_lr_profile,activity_to_cutoff_valid,0.0766446333018571,0.6937321937321937,0.0,1.0
2,base_lr_profile,cutoff_valid,0.0906515580736544,0.8205128205128205,0.0,1.0
2,base_lr_weekly,activity_conditioned,0.06515580736543909,0.5897435897435898,0.13461538461538458,0.905946061491325
2,base_lr_weekly,AI,0.07554296506137866,0.6837606837606838,0.0,0.905946061491325
2,base_lr_weekly,activity_to_cutoff_valid,0.08482845451683979,0.7678062678062678,0.0,1.0
2,base_lr_weekly,cutoff_valid,0.0850645262826566,0.76994301994302,0.0,1.0
2,base_rf_entropy,activity_conditioned,0.06948378973874725,0.6289173789173789,0.1524216524216524,0.905946061491325
2,base_rf_entropy,AI,0.08160214038401008,0.7386039886039886,0.0,0.905946061491325
2,base_rf_entropy,activity_to_cutoff_valid,0.08781869688385269,0.7948717948717948,0.0,1.0
2,base_rf_entropy,cutoff_valid,0.08876298394711993,0.8034188034188035,0.0,1.0
2,base_rf_gini,activity_conditioned,0.07042807680201447,0.6374643874643875,0.1488603988603988,0.905946061491325
2,base_rf_gini,AI,0.08160214038401008,0.7386039886039886,0.0,0.905946061491325
2,base_rf_gini,activity_to_cutoff_valid,0.08789738747245829,0.7955840455840456,0.0,1.0
2,base_rf_gini,cutoff_valid,0.0882121498268807,0.7984330484330484,0.0,1.0
2,base_svm,activity_conditioned,0.06484104501101669,0.5868945868945868,0.10256410256410253,0.905946061491325
2,base_svm,AI,0.07208057916273214,0.6524216524216524,0.0,0.905946061491325
2,base_svm,activity_to_cutoff_valid,0.08073654390934844,0.7307692307692307,0.0,1.0
2,base_svm,cutoff_valid,0.08412023921938937,0.7613960113960114,0.0,1.0
2,flat_hgb,activity_conditioned,0.06468366383380547,0.5854700854700855,0.11965811965811968,0.905946061491325
2,flat_hgb,AI,0.07310355681460497,0.6616809116809117,0.0,0.905946061491325
2,flat_hgb,activity_to_cutoff_valid,0.07711677683349072,0.698005698005698,0.0,1.0
2,flat_hgb,cutoff_valid,0.0853005980484734,0.7720797720797721,0.0,1.0
2,stack_7_full,activity_conditioned,0.07027069562480327,0.636039886039886,0.1552706552706553,0.905946061491325
2,stack_7_full,AI,0.08412023921938937,0.7613960113960114,0.0,0.905946061491325
2,stack_7_full,activity_to_cutoff_valid,0.08561536040289582,0.7749287749287749,0.0,1.0
2,stack_7_full,cutoff_valid,0.0905728674850488,0.8198005698005698,0.0,1.0
2,temporal_hgb,activity_conditioned,0.06562795089707271,0.594017094017094,0.13034188034188032,0.905946061491325
2,temporal_hgb,AI,0.07522820270695625,0.6809116809116809,0.0,0.905946061491325
2,temporal_hgb,activity_to_cutoff_valid,0.07932011331444759,0.717948717948718,0.0,1.0
2,temporal_hgb,cutoff_valid,0.0852219074598678,0.7713675213675214,0.0,1.0
4,base_dffnn,activity_conditioned,0.05807831523527476,0.5138282387190685,0.3981077147016011,0.9584891955692755
4,base_dffnn,AI,0.0970714050674564,0.858806404657933,0.0,0.9584891955692755
4,base_dffnn,activity_to_cutoff_valid,0.10143139190523198,0.8973799126637555,0.0,1.0
4,base_dffnn,cutoff_valid,0.10217176702862783,0.9039301310043668,0.0,1.0
4,base_knn,activity_conditioned,0.06605791378743008,0.5844250363901019,0.25181950509461426,0.9584891955692755
4,base_knn,AI,0.09114840408028957,0.8064046579330422,0.0,0.9584891955692755
4,base_knn,activity_to_cutoff_valid,0.09345179335307667,0.826783114992722,0.0,1.0
4,base_knn,cutoff_valid,0.09583744652846331,0.8478893740902474,0.0,1.0
4,base_lr_clickstream,activity_conditioned,0.0686080947680158,0.6069868995633187,0.23362445414847166,0.9584891955692755
4,base_lr_clickstream,AI,0.09024350115169463,0.7983988355167394,0.0,0.9584891955692755
4,base_lr_clickstream,activity_to_cutoff_valid,0.09485027969726884,0.839155749636099,0.0,1.0
4,base_lr_clickstream,cutoff_valid,0.09493254359986837,0.8398835516739447,0.0,1.0
4,base_lr_profile,activity_conditioned,0.06688055281342548,0.5917030567685589,0.10407569141193596,0.9584891955692755
4,base_lr_profile,AI,0.07428430404738401,0.6572052401746725,0.0,0.9584891955692755
4,base_lr_profile,activity_to_cutoff_valid,0.0769990128331688,0.6812227074235808,0.0,1.0
4,base_lr_profile,cutoff_valid,0.09369858506087529,0.8289665211062591,0.0,1.0
4,base_lr_weekly,activity_conditioned,0.06293188548864759,0.5567685589519651,0.28165938864628826,0.9584891955692755
4,base_lr_weekly,AI,0.09007897334649556,0.7969432314410481,0.0,0.9584891955692755
4,base_lr_weekly,activity_to_cutoff_valid,0.09427443237907206,0.834061135371179,0.0,1.0
4,base_lr_weekly,cutoff_valid,0.09419216847647252,0.8333333333333334,0.0,1.0
4,base_rf_entropy,activity_conditioned,0.05380059230009872,0.4759825327510917,0.4337700145560408,0.9584891955692755
4,base_rf_entropy,AI,0.09559065482066469,0.8457059679767104,0.0,0.9584891955692755
4,base_rf_entropy,activity_to_cutoff_valid,0.10126686410003291,0.895924308588064,0.0,1.0
4,base_rf_entropy,cutoff_valid,0.1016781836130306,0.8995633187772926,0.0,1.0
4,base_rf_gini,activity_conditioned,0.05437643961829549,0.4810771470160116,0.4315866084425036,0.9584891955692755
4,base_rf_gini,AI,0.09509707140506746,0.8413391557496361,0.0,0.9584891955692755
4,base_rf_gini,activity_to_cutoff_valid,0.10110233629483383,0.8944687045123726,0.0,1.0
4,base_rf_gini,cutoff_valid,0.10151365580783152,0.8981077147016011,0.0,1.0
4,base_svm,activity_conditioned,0.06720960842382363,0.5946142649199417,0.2583697234352256,0.9584891955692755
4,base_svm,AI,0.0912306679828891,0.8071324599708879,0.0,0.9584891955692755
4,base_svm,activity_to_cutoff_valid,0.09666008555445871,0.8551673944687045,0.0,1.0
4,base_svm,cutoff_valid,0.09501480750246792,0.8406113537117904,0.0,1.0
4,flat_hgb,activity_conditioned,0.06794998354721948,0.6011644832605532,0.23580786026200873,0.9584891955692755
4,flat_hgb,AI,0.09007897334649556,0.7969432314410481,0.0,0.9584891955692755
4,flat_hgb,activity_to_cutoff_valid,0.09065482066469234,0.8020378457059679,0.0,1.0
4,flat_hgb,cutoff_valid,0.09633102994406055,0.8522561863173217,0.0,1.0
4,stack_7_full,activity_conditioned,0.05692662059888121,0.5036390101892285,0.42285298398835514,0.9584891955692755
4,stack_7_full,AI,0.0983053636064495,0.8697234352256187,0.0,0.9584891955692755
4,stack_7_full,activity_to_cutoff_valid,0.09953932214544257,0.8806404657933042,0.0,1.0
4,stack_7_full,cutoff_valid,0.10406383678841724,0.9206695778748181,0.0,1.0
4,temporal_hgb,activity_conditioned,0.062438302073050345,0.5524017467248908,0.3071324599708879,0.9584891955692755
4,temporal_hgb,AI,0.09073708456729188,0.8027656477438136,0.0,0.9584891955692755
4,temporal_hgb,activity_to_cutoff_valid,0.09534386311286608,0.8435225618631732,0.0,1.0
4,temporal_hgb,cutoff_valid,0.096248766041461,0.851528384279476,0.0,1.0
6,base_dffnn,activity_conditioned,0.05420030922521903,0.46671597633136097,0.47411242603550297,0.9674709495966249
6,base_dffnn,AI,0.10436351142415393,0.8986686390532544,0.0,0.9674709495966249
6,base_dffnn,activity_to_cutoff_valid,0.10676859646108916,0.9193786982248521,0.0,1.0
6,base_dffnn,cutoff_valid,0.10788524308538051,0.9289940828402367,0.0,1.0
6,base_knn,activity_conditioned,0.0569489778388593,0.49038461538461536,0.3831360946745562,0.9674709495966249
6,base_knn,AI,0.0963751932657619,0.8298816568047337,0.0,0.9674709495966249
6,base_knn,activity_to_cutoff_valid,0.10084177976292734,0.8683431952662722,0.0,1.0
6,base_knn,cutoff_valid,0.10058409208039856,0.8661242603550295,0.0,1.0
6,base_lr_clickstream,activity_conditioned,0.06742827692836283,0.5806213017751479,0.3002958579881657,0.9674709495966249
6,base_lr_clickstream,AI,0.09835079883181584,0.8468934911242604,0.0,0.9674709495966249
6,base_lr_clickstream,activity_to_cutoff_valid,0.10032640439786979,0.863905325443787,0.0,1.0
6,base_lr_clickstream,cutoff_valid,0.10024050850369352,0.8631656804733728,0.0,1.0
6,base_lr_profile,activity_conditioned,0.06682700566912901,0.5754437869822485,0.12278106508875741,0.9674709495966249
6,base_lr_profile,AI,0.07533069919257859,0.6486686390532544,0.0,0.9674709495966249
6,base_lr_profile,activity_to_cutoff_valid,0.07790757601786634,0.6708579881656804,0.0,1.0
6,base_lr_profile,cutoff_valid,0.09371242054629789,0.8069526627218935,0.0,1.0
6,base_lr_weekly,activity_conditioned,0.06837313176430167,0.5887573964497042,0.2818047337278107,0.9674709495966249
6,base_lr_weekly,AI,0.097405943995877,0.8387573964497042,0.0,0.9674709495966249
6,base_lr_weekly,activity_to_cutoff_valid,0.09835079883181584,0.8468934911242604,0.0,1.0
6,base_lr_weekly,cutoff_valid,0.09817900704346333,0.8454142011834319,0.0,1.0
6,base_rf_entropy,activity_conditioned,0.045782511595945714,0.3942307692307692,0.5436390532544378,0.9674709495966249
6,base_rf_entropy,AI,0.1025596976464525,0.8831360946745562,0.0,0.9674709495966249
6,base_rf_entropy,activity_to_cutoff_valid,0.10539426215426903,0.9075443786982249,0.0,1.0
6,base_rf_entropy,cutoff_valid,0.10548015804844528,0.908284023668639,0.0,1.0
6,base_rf_gini,activity_conditioned,0.046297886961003266,0.39866863905325445,0.5399408284023668,0.9674709495966249
6,base_rf_gini,AI,0.1029891771173338,0.8868343195266272,0.0,0.9674709495966249
6,base_rf_gini,activity_to_cutoff_valid,0.10530836626009277,0.9068047337278107,0.0,1.0
6,base_rf_gini,cutoff_valid,0.10582374162515032,0.9112426035502958,0.0,1.0
6,base_svm,activity_conditioned,0.0660539426215427,0.5687869822485208,0.3195266272189349,0.9674709495966249
6,base_svm,AI,0.09843669472599209,0.8476331360946746,0.0,0.9674709495966249
6,base_svm,activity_to_cutoff_valid,0.1015289469163374,0.8742603550295858,0.0,1.0
6,base_svm,cutoff_valid,0.10015461260951726,0.8624260355029586,0.0,1.0
6,flat_hgb,activity_conditioned,0.060642501288438413,0.522189349112426,0.3557692307692307,0.9674709495966249
6,flat_hgb,AI,0.09663288094829067,0.8321005917159763,0.0,0.9674709495966249
6,flat_hgb,activity_to_cutoff_valid,0.097405943995877,0.8387573964497042,0.0,1.0
6,flat_hgb,cutoff_valid,0.10221611406974747,0.8801775147928994,0.0,1.0
6,stack_7_full,activity_conditioned,0.0497337227280536,0.4282544378698225,0.5155325443786982,0.9674709495966249
6,stack_7_full,AI,0.10444940731833019,0.8994082840236687,0.0,0.9674709495966249
6,stack_7_full,activity_to_cutoff_valid,0.1052224703659165,0.9060650887573964,0.0,1.0
6,stack_7_full,cutoff_valid,0.10908778560384813,0.9393491124260355,0.0,1.0
6,temporal_hgb,activity_conditioned,0.05540285174368665,0.4770710059171598,0.42677514792899407,0.9674709495966249
6,temporal_hgb,AI,0.09929565366775468,0.8550295857988166,0.0,0.9674709495966249
6,temporal_hgb,activity_to_cutoff_valid,0.10187253049304243,0.8772189349112426,0.0,1.0
6,temporal_hgb,cutoff_valid,0.10316096890568631,0.8883136094674556,0.0,1.0
8,base_dffnn,activity_conditioned,0.05035454627053227,0.42275810097965333,0.5403165033911077,0.971534140180221
8,base_dffnn,AI,0.11165963558028902,0.9374529012810852,0.0,0.971534140180221
8,base_dffnn,activity_to_cutoff_valid,0.11372408221883135,0.9547852298417483,0.0,1.0
8,base_dffnn,cutoff_valid,0.1140831164168387,0.9577995478522984,0.0,1.0
8,base_knn,activity_conditioned,0.056637644735661075,0.47550866616428034,0.4333082140165787,0.971534140180221
8,base_knn,AI,0.10259402208060318,0.8613413715146948,0.0,0.971534140180221
8,base_knn,activity_to_cutoff_valid,0.10762050085270622,0.9035418236623964,0.0,1.0
8,base_knn,cutoff_valid,0.1078000179517099,0.9050489826676714,0.0,1.0
8,base_lr_clickstream,activity_conditioned,0.0613948478592586,0.5154483798040693,0.40391861341371516,0.971534140180221
8,base_lr_clickstream,AI,0.10394040032313077,0.8726450640542577,0.0,0.971534140180221
8,base_lr_clickstream,activity_to_cutoff_valid,0.10753074230320438,0.9027882441597589,0.0,1.0
8,base_lr_clickstream,cutoff_valid,0.10860784489722645,0.9118311981914092,0.0,1.0
8,base_lr_profile,activity_conditioned,0.06552374113634324,0.5501130369253956,0.14996232102486817,0.971534140180221
8,base_lr_profile,AI,0.0753074230320438,0.6322532027128862,0.0,0.971534140180221
8,base_lr_profile,activity_to_cutoff_valid,0.07862848936361189,0.6601356443104748,0.0,1.0
8,base_lr_profile,cutoff_valid,0.09505430392244861,0.7980406932931424,0.0,1.0
8,base_lr_weekly,activity_conditioned,0.066780360829369,0.560663149962321,0.3579502637528259,0.971534140180221
8,base_lr_weekly,AI,0.10591508841217126,0.8892238131122834,0.0,0.971534140180221
8,base_lr_weekly,activity_to_cutoff_valid,0.1060048469616731,0.8899773926149209,0.0,1.0
8,base_lr_weekly,cutoff_valid,0.10788977650121175,0.905802562170309,0.0,1.0
8,base_rf_entropy,activity_conditioned,0.04568710169643658,0.3835719668425019,0.5757347400150716,0.971534140180221
8,base_rf_entropy,AI,0.11076205008527062,0.9299171062547099,0.0,0.971534140180221
8,base_rf_entropy,activity_to_cutoff_valid,0.11291625527331478,0.9480030143180106,0.0,1.0
8,base_rf_entropy,cutoff_valid,0.11318553092182031,0.9502637528259231,0.0,1.0
8,base_rf_gini,activity_conditioned,0.04559734314693475,0.38281838733986434,0.5757347400150716,0.971534140180221
8,base_rf_gini,AI,0.11085180863477247,0.9306706857573473,0.0,0.971534140180221
8,base_rf_gini,activity_to_cutoff_valid,0.11291625527331478,0.9480030143180106,0.0,1.0
8,base_rf_gini,cutoff_valid,0.11345480657032582,0.9525244913338358,0.0,1.0
8,base_svm,activity_conditioned,0.06004846961673099,0.5041446872645065,0.42878673700075354,0.971534140180221
8,base_svm,AI,0.10564581276366573,0.8869630746043707,0.0,0.971534140180221
8,base_svm,activity_to_cutoff_valid,0.10932591329324118,0.9178598342125094,0.0,1.0
8,base_svm,cutoff_valid,0.10977470604075037,0.921627731725697,0.0,1.0
8,flat_hgb,activity_conditioned,0.05861233282470155,0.492087415222306,0.4167294649585531,0.971534140180221
8,flat_hgb,AI,0.10304281482811238,0.8651092690278824,0.0,0.971534140180221
8,flat_hgb,activity_to_cutoff_valid,0.10358136612512342,0.8696307460437076,0.0,1.0
8,flat_hgb,cutoff_valid,0.10618436406067679,0.8914845516201959,0.0,1.0
8,stack_7_full,activity_conditioned,0.044969033300421866,0.3775433308214017,0.5855312735493594,0.971534140180221
8,stack_7_full,AI,0.1122879454268019,0.9427279577995479,0.0,0.971534140180221
8,stack_7_full,activity_to_cutoff_valid,0.1122879454268019,0.9427279577995479,0.0,1.0
8,stack_7_full,cutoff_valid,0.1145319091643479,0.9615674453654861,0.0,1.0
8,temporal_hgb,activity_conditioned,0.05322681985459115,0.4468726450640543,0.5071590052750565,0.971534140180221
8,temporal_hgb,AI,0.11013374023875774,0.9246420497362472,0.0,0.971534140180221
8,temporal_hgb,activity_to_cutoff_valid,0.11031325733776143,0.9261492087415222,0.0,1.0
8,temporal_hgb,cutoff_valid,0.11192891122879454,0.9397136397889977,0.0,1.0
10,base_dffnn,activity_conditioned,0.05059857837635615,0.41551459293394777,0.5768049155145929,0.9753403643336529
10,base_dffnn,AI,0.11915450804339693,0.978494623655914,0.0,0.9753403643336529
10,base_dffnn,activity_to_cutoff_valid,0.11999625888514777,0.9854070660522274,0.0,1.0
10,base_dffnn,cutoff_valid,0.11971567527123082,0.9831029185867896,0.0,1.0
10,base_knn,activity_conditioned,0.058922558922558925,0.4838709677419355,0.4746543778801844,0.9753403643336529
10,base_knn,AI,0.11232697343808455,0.9224270353302612,0.0,0.9753403643336529
10,base_knn,activity_to_cutoff_valid,0.11382341937897493,0.934715821812596,0.0,1.0
10,base_knn,cutoff_valid,0.11401047512158623,0.9362519201228878,0.0,1.0
10,base_lr_clickstream,activity_conditioned,0.05929667040778152,0.4869431643625192,0.4746543778801844,0.9753403643336529
10,base_lr_clickstream,AI,0.11176580621025066,0.9178187403993856,0.0,0.9753403643336529
10,base_lr_clickstream,activity_to_cutoff_valid,0.11354283576505798,0.9324116743471582,0.0,1.0
10,base_lr_clickstream,cutoff_valid,0.11447811447811448,0.9400921658986175,0.0,1.0
10,base_lr_profile,activity_conditioned,0.06331836887392443,0.5199692780337941,0.18433179723502302,0.9753403643336529
10,base_lr_profile,AI,0.07566404788627011,0.6213517665130568,0.0,0.9753403643336529
10,base_lr_profile,activity_to_cutoff_valid,0.07846988402543958,0.6443932411674347,0.0,1.0
10,base_lr_profile,cutoff_valid,0.0971754582865694,0.7980030721966206,0.0,1.0
10,base_lr_weekly,activity_conditioned,0.06575009352787131,0.5399385560675883,0.43471582181259605,0.9753403643336529
10,base_lr_weekly,AI,0.11588103254769921,0.9516129032258065,0.0,0.9753403643336529
10,base_lr_weekly,activity_to_cutoff_valid,0.11597456041900486,0.9523809523809523,0.0,1.0
10,base_lr_weekly,cutoff_valid,0.11578750467639357,0.9508448540706606,0.0,1.0
10,base_rf_entropy,activity_conditioned,0.044332210998877665,0.3640552995391705,0.6251920122887864,0.9753403643336529
10,base_rf_entropy,AI,0.11924803591470258,0.9792626728110599,0.0,0.9753403643336529
10,base_rf_entropy,activity_to_cutoff_valid,0.11971567527123082,0.9831029185867896,0.0,1.0
10,base_rf_entropy,cutoff_valid,0.11962214739992517,0.9823348694316436,0.0,1.0
10,base_rf_gini,activity_conditioned,0.0459221848110737,0.3771121351766513,0.6121351766513057,0.9753403643336529
10,base_rf_gini,AI,0.11896745230078563,0.9769585253456221,0.0,0.9753403643336529
10,base_rf_gini,activity_to_cutoff_valid,0.11980920314253647,0.9838709677419355,0.0,1.0
10,base_rf_gini,cutoff_valid,0.11980920314253647,0.9838709677419355,0.0,1.0
10,base_svm,activity_conditioned,0.057800224466891134,0.47465437788018433,0.49155145929339483,0.9753403643336529
10,base_svm,AI,0.11195286195286196,0.9193548387096774,0.0,0.9753403643336529
10,base_svm,activity_to_cutoff_valid,0.11429105873550317,0.9385560675883257,0.0,1.0
10,base_svm,cutoff_valid,0.11531986531986532,0.9470046082949308,0.0,1.0
10,flat_hgb,activity_conditioned,0.05433969322858212,0.44623655913978494,0.5153609831029187,0.9753403643336529
10,flat_hgb,AI,0.11344930789375234,0.9316436251920123,0.0,0.9753403643336529
10,flat_hgb,activity_to_cutoff_valid,0.11438458660680884,0.9393241167434716,0.0,1.0
10,flat_hgb,cutoff_valid,0.11541339319117097,0.9477726574500768,0.0,1.0
10,stack_7_full,activity_conditioned,0.04835390946502058,0.3970814132104455,0.5952380952380952,0.9753403643336529
10,stack_7_full,AI,0.11952861952861953,0.9815668202764977,0.0,0.9753403643336529
10,stack_7_full,activity_to_cutoff_valid,0.11952861952861953,0.9815668202764977,0.0,1.0
10,stack_7_full,cutoff_valid,0.11971567527123082,0.9831029185867896,0.0,1.0
10,temporal_hgb,activity_conditioned,0.049850355405910964,0.4093701996927803,0.5783410138248848,0.9753403643336529
10,temporal_hgb,AI,0.1181257014590348,0.9700460829493087,0.0,0.9753403643336529
10,temporal_hgb,activity_to_cutoff_valid,0.11821922933034044,0.9708141321044547,0.0,1.0
10,temporal_hgb,cutoff_valid,0.11765806210250655,0.9662058371735791,0.0,1.0
12,base_dffnn,activity_conditioned,0.049395843402609954,0.39704739704739705,0.5944055944055944,0.9756306113723814
12,base_dffnn,AI,0.12131464475592073,0.9751359751359752,0.0,0.9756306113723814
12,base_dffnn,activity_to_cutoff_valid,0.1223779603673272,0.9836829836829837,0.0,1.0
12,base_dffnn,cutoff_valid,0.12257129047849202,0.9852369852369852,0.0,1.0
12,base_knn,activity_conditioned,0.05790236829386177,0.4654234654234654,0.4933954933954934,0.9756306113723814
12,base_knn,AI,0.11483808603189948,0.9230769230769231,0.0,0.9756306113723814
12,base_knn,activity_to_cutoff_valid,0.11561140647655872,0.9292929292929293,0.0,1.0
12,base_knn,cutoff_valid,0.11744804253262446,0.9440559440559441,0.0,1.0
12,base_lr_clickstream,activity_conditioned,0.05896568390526825,0.473970473970474,0.4941724941724942,0.9756306113723814
12,base_lr_clickstream,AI,0.11416143064282262,0.9176379176379177,0.0,0.9756306113723814
12,base_lr_clickstream,activity_to_cutoff_valid,0.11619139681005317,0.933954933954934,0.0,1.0
12,base_lr_clickstream,cutoff_valid,0.11744804253262446,0.9440559440559441,0.0,1.0
12,base_lr_profile,activity_conditioned,0.06360560657322378,0.5112665112665112,0.195027195027195,0.9756306113723814
12,base_lr_profile,AI,0.07655872402126632,0.6153846153846154,0.0,0.9756306113723814
12,base_lr_profile,activity_to_cutoff_valid,0.07936201063315611,0.6379176379176379,0.0,1.0
12,base_lr_profile,cutoff_valid,0.09888835186080232,0.7948717948717948,0.0,1.0
12,base_lr_weekly,activity_conditioned,0.06379893668438859,0.5128205128205128,0.46464646464646464,0.9756306113723814
12,base_lr_weekly,AI,0.11851135814403094,0.9526029526029526,0.0,0.9756306113723814
12,base_lr_weekly,activity_to_cutoff_valid,0.11851135814403094,0.9526029526029526,0.0,1.0
12,base_lr_weekly,cutoff_valid,0.11822136297728371,0.9502719502719502,0.0,1.0
12,base_rf_entropy,activity_conditioned,0.04233929434509425,0.34032634032634035,0.6519036519036518,0.9756306113723814
12,base_rf_entropy,AI,0.1223779603673272,0.9836829836829837,0.0,0.9756306113723814
12,base_rf_entropy,activity_to_cutoff_valid,0.12305461575640406,0.9891219891219891,0.0,1.0
12,base_rf_entropy,cutoff_valid,0.12276462058965684,0.9867909867909868,0.0,1.0
12,base_rf_gini,activity_conditioned,0.044272595456742385,0.35586635586635584,0.6371406371406372,0.9756306113723814
12,base_rf_gini,AI,0.12208796520057999,0.9813519813519813,0.0,0.9756306113723814
12,base_rf_gini,activity_to_cutoff_valid,0.12324794586756888,0.9906759906759907,0.0,1.0
12,base_rf_gini,cutoff_valid,0.12257129047849202,0.9852369852369852,0.0,1.0
12,base_svm,activity_conditioned,0.05780570323827936,0.46464646464646464,0.5073815073815073,0.9756306113723814
12,base_svm,AI,0.11493475108748187,0.9238539238539238,0.0,0.9756306113723814
12,base_svm,activity_to_cutoff_valid,0.11657805703238279,0.9370629370629371,0.0,1.0
12,base_svm,cutoff_valid,0.11773803769937168,0.9463869463869464,0.0,1.0
12,flat_hgb,activity_conditioned,0.05577573707104882,0.4483294483294483,0.5143745143745144,0.9756306113723814
12,flat_hgb,AI,0.11474142097631707,0.9222999222999223,0.0,0.9756306113723814
12,flat_hgb,activity_to_cutoff_valid,0.11570807153214113,0.9300699300699301,0.0,1.0
12,flat_hgb,cutoff_valid,0.11754470758820686,0.9448329448329449,0.0,1.0
12,stack_7_full,activity_conditioned,0.04330594490091832,0.3480963480963481,0.6472416472416472,0.9756306113723814
12,stack_7_full,AI,0.12305461575640406,0.9891219891219891,0.0,0.9756306113723814
12,stack_7_full,activity_to_cutoff_valid,0.12315128081198647,0.98989898989899,0.0,1.0
12,stack_7_full,cutoff_valid,0.12334461092315128,0.9914529914529915,0.0,1.0
12,temporal_hgb,activity_conditioned,0.04765587240212663,0.38306138306138304,0.6076146076146076,0.9756306113723814
12,temporal_hgb,AI,0.12179797003383278,0.9790209790209791,0.0,0.9756306113723814
12,temporal_hgb,activity_to_cutoff_valid,0.12189463508941517,0.9797979797979798,0.0,1.0
12,temporal_hgb,cutoff_valid,0.12034799420009666,0.9673659673659674,0.0,1.0
14,base_dffnn,activity_conditioned,0.04884653961885657,0.3837667454688731,0.6130811662726556,0.9763745365622781
14,base_dffnn,AI,0.12527582748244734,0.9842395587076438,0.0,0.9763745365622781
14,base_dffnn,activity_to_cutoff_valid,0.12577733199598795,0.9881796690307328,0.0,1.0
14,base_dffnn,cutoff_valid,0.12587763289869608,0.9889676910953507,0.0,1.0
14,base_knn,activity_conditioned,0.057873620862587766,0.45468873128447596,0.516942474389283,0.9763745365622781
14,base_knn,AI,0.11985957873620863,0.9416863672182821,0.0,0.9763745365622781
14,base_knn,activity_to_cutoff_valid,0.11985957873620863,0.9416863672182821,0.0,1.0
14,base_knn,cutoff_valid,0.12146439317953861,0.9542947202521671,0.0,1.0
14,base_lr_clickstream,activity_conditioned,0.0592778335005015,0.4657210401891253,0.5051221434200157,0.9763745365622781
14,base_lr_clickstream,AI,0.11705115346038114,0.9196217494089834,0.0,0.9763745365622781
14,base_lr_clickstream,activity_to_cutoff_valid,0.1197592778335005,0.9408983451536643,0.0,1.0
14,base_lr_clickstream,cutoff_valid,0.12126379137412237,0.9527186761229315,0.0,1.0
14,base_lr_profile,activity_conditioned,0.062487462387161484,0.4909377462568952,0.21276595744680848,0.9763745365622781
14,base_lr_profile,AI,0.07713139418254765,0.6059889676910953,0.0,0.9763745365622781
14,base_lr_profile,activity_to_cutoff_valid,0.08004012036108325,0.6288416075650118,0.0,1.0
14,base_lr_profile,cutoff_valid,0.10090270812437312,0.7927501970055162,0.0,1.0
14,base_lr_weekly,activity_conditioned,0.062086258776328986,0.48778565799842394,0.49172576832151305,0.9763745365622781
14,base_lr_weekly,AI,0.12196589769307924,0.9582348305752562,0.0,0.9763745365622781
14,base_lr_weekly,activity_to_cutoff_valid,0.12196589769307924,0.9582348305752562,0.0,1.0
14,base_lr_weekly,cutoff_valid,0.12246740220661986,0.9621749408983451,0.0,1.0
14,base_rf_entropy,activity_conditioned,0.04373119358074223,0.34357762017336485,0.6540583136327818,0.9763745365622781
14,base_rf_entropy,AI,0.12577733199598795,0.9881796690307328,0.0,0.9763745365622781
14,base_rf_entropy,activity_to_cutoff_valid,0.1262788365095286,0.9921197793538219,0.0,1.0
14,base_rf_entropy,cutoff_valid,0.1259779338014042,0.9897557131599685,0.0,1.0
14,base_rf_gini,activity_conditioned,0.04684052156469408,0.3680063041765169,0.6304176516942475,0.9763745365622781
14,base_rf_gini,AI,0.12587763289869608,0.9889676910953507,0.0,0.9763745365622781
14,base_rf_gini,activity_to_cutoff_valid,0.1262788365095286,0.9921197793538219,0.0,1.0
14,base_rf_gini,cutoff_valid,0.12607823470411234,0.9905437352245863,0.0,1.0
14,base_svm,activity_conditioned,0.05757271815446339,0.4523246650906225,0.524822695035461,0.9763745365622781
14,base_svm,AI,0.11825476429287864,0.9290780141843972,0.0,0.9763745365622781
14,base_svm,activity_to_cutoff_valid,0.12076228686058174,0.9487785657998424,0.0,1.0
14,base_svm,cutoff_valid,0.12186559679037111,0.9574468085106383,0.0,1.0
14,flat_hgb,activity_conditioned,0.05616850551654965,0.44129235618597323,0.5216706067769897,0.9763745365622781
14,flat_hgb,AI,0.11835506519558676,0.929866036249015,0.0,0.9763745365622781
14,flat_hgb,activity_to_cutoff_valid,0.11905717151454363,0.9353821907013397,0.0,1.0
14,flat_hgb,cutoff_valid,0.12156469408224674,0.9550827423167849,0.0,1.0
14,stack_7_full,activity_conditioned,0.04513540621865597,0.3546099290780142,0.644602048857368,0.9763745365622781
14,stack_7_full,AI,0.1262788365095286,0.9921197793538219,0.0,0.9763745365622781
14,stack_7_full,activity_to_cutoff_valid,0.12647943831494485,0.9936958234830575,0.0,1.0
14,stack_7_full,cutoff_valid,0.12647943831494485,0.9936958234830575,0.0,1.0
14,temporal_hgb,activity_conditioned,0.04964894684052156,0.3900709219858156,0.6044129235618597,0.9763745365622781
14,temporal_hgb,AI,0.12537612838515547,0.9850275807722616,0.0,0.9763745365622781
14,temporal_hgb,activity_to_cutoff_valid,0.12527582748244734,0.9842395587076438,0.0,1.0
14,temporal_hgb,cutoff_valid,0.12477432296890673,0.9802994483845547,0.0,1.0
16,base_dffnn,activity_conditioned,0.05024073686414068,0.3843074459567654,0.611689351481185,0.9770640362484462
16,base_dffnn,AI,0.12884655641616077,0.9855884707766213,0.0,0.9770640362484462
16,base_dffnn,activity_to_cutoff_valid,0.12905589281976135,0.9871897518014412,0.0,1.0
16,base_dffnn,cutoff_valid,0.12905589281976135,0.9871897518014412,0.0,1.0
16,base_knn,activity_conditioned,0.05725350638476031,0.4379503602882306,0.5372297838270617,0.9770640362484462
16,base_knn,AI,0.12308980531714465,0.9415532425940752,0.0,0.9770640362484462
16,base_knn,activity_to_cutoff_valid,0.12350847812434583,0.944755804643715,0.0,1.0
16,base_knn,cutoff_valid,0.12622985137115345,0.9655724579663731,0.0,1.0
16,base_lr_clickstream,activity_conditioned,0.05871886120996441,0.44915932746196957,0.5300240192153722,0.9770640362484462
16,base_lr_clickstream,AI,0.12319447351894494,0.9423538831064852,0.0,0.9770640362484462
16,base_lr_clickstream,activity_to_cutoff_valid,0.1252878375549508,0.9583666933546837,0.0,1.0
16,base_lr_clickstream,cutoff_valid,0.12486916474774963,0.9551641313050441,0.0,1.0
16,base_lr_profile,activity_conditioned,0.0618589072639732,0.4731785428342674,0.23058446757405926,0.9770640362484462
16,base_lr_profile,AI,0.07818714674481893,0.5980784627702161,0.0,0.9770640362484462
16,base_lr_profile,activity_to_cutoff_valid,0.08111785639522713,0.6204963971176941,0.0,1.0
16,base_lr_profile,cutoff_valid,0.1026795059660875,0.7854283426741393,0.0,1.0
16,base_lr_weekly,activity_conditioned,0.05966087502616705,0.45636509207365894,0.5316253002401922,0.9770640362484462
16,base_lr_weekly,AI,0.12675319238015492,0.9695756605284227,0.0,0.9770640362484462
16,base_lr_weekly,activity_to_cutoff_valid,0.12675319238015492,0.9695756605284227,0.0,1.0
16,base_lr_weekly,cutoff_valid,0.12643918777475402,0.967173738991193,0.0,1.0
16,base_rf_entropy,activity_conditioned,0.04364664015072221,0.33386709367493994,0.6653322658126501,0.9770640362484462
16,base_rf_entropy,AI,0.129997906635964,0.9943955164131305,0.0,0.9770640362484462
16,base_rf_entropy,activity_to_cutoff_valid,0.1298932384341637,0.9935948759007206,0.0,1.0
16,base_rf_entropy,cutoff_valid,0.12968390203056313,0.9919935948759008,0.0,1.0
16,base_rf_gini,activity_conditioned,0.04762403181913335,0.36429143314651724,0.6349079263410728,0.9770640362484462
16,base_rf_gini,AI,0.1298932384341637,0.9935948759007206,0.0,0.9770640362484462
16,base_rf_gini,activity_to_cutoff_valid,0.1298932384341637,0.9935948759007206,0.0,1.0
16,base_rf_gini,cutoff_valid,0.12957923382876282,0.9911929543634908,0.0,1.0
16,base_svm,activity_conditioned,0.057358174586560604,0.4387510008006405,0.545236188951161,0.9770640362484462
16,base_svm,AI,0.1238224827297467,0.9471577261809447,0.0,0.9770640362484462
16,base_svm,activity_to_cutoff_valid,0.12570651036215197,0.9615692554043235,0.0,1.0
16,base_svm,cutoff_valid,0.12591584676575257,0.9631705364291433,0.0,1.0
16,flat_hgb,activity_conditioned,0.05704416998115972,0.4363490792634107,0.5468374699759808,0.9770640362484462
16,flat_hgb,AI,0.12507850115135022,0.9567654123298639,0.0,0.9770640362484462
16,flat_hgb,activity_to_cutoff_valid,0.12570651036215197,0.9615692554043235,0.0,1.0
16,flat_hgb,cutoff_valid,0.12643918777475402,0.967173738991193,0.0,1.0
16,stack_7_full,activity_conditioned,0.04574000418672807,0.3498799039231385,0.6501200960768615,0.9770640362484462
16,stack_7_full,AI,0.12957923382876282,0.9911929543634908,0.0,0.9770640362484462
16,stack_7_full,activity_to_cutoff_valid,0.12957923382876282,0.9911929543634908,0.0,1.0
16,stack_7_full,cutoff_valid,0.129997906635964,0.9943955164131305,0.0,1.0
16,temporal_hgb,activity_conditioned,0.048252041029935105,0.36909527622097676,0.6293034427542034,0.9770640362484462
16,temporal_hgb,AI,0.12936989742516222,0.9895916733386709,0.0,0.9770640362484462
16,temporal_hgb,activity_to_cutoff_valid,0.12936989742516222,0.9895916733386709,0.0,1.0
16,temporal_hgb,cutoff_valid,0.12874188821436047,0.9847878302642114,0.0,1.0
