week,model,eligibility,silence,total
2,base_dffnn,0.012039660056657228,0.007711677683349072,0.0197513377400063
2,base_knn,0.00621655649984261,0.0,0.00621655649984261
2,base_lr_clickstream,0.008105130626377077,0.009442870632672337,0.017548001259049414
2,base_lr_profile,0.005193578847969796,0.004800125904941763,0.009993704752911559
2,base_lr_weekly,0.010387157695939564,0.009285489455461135,0.0196726471514007
2,base_rf_entropy,0.01211835064526283,0.00621655649984261,0.01833490714510544
2,base_rf_gini,0.011174063581995602,0.006295247088448211,0.017469310670443813
2,base_svm,0.0072395341517154516,0.008655964746616299,0.01589549889833175
2,flat_hgb,0.008419892980799495,0.004013220018885752,0.012433112999685247
2,stack_7_full,0.013849543594586095,0.0014951211835064482,0.015344664778092543
2,temporal_hgb,0.00960025180988354,0.004091910607491339,0.013692162417374878
4,base_dffnn,0.03899308983218164,0.004359986837775581,0.04335307666995722
4,base_knn,0.025090490292859494,0.0023033892727871014,0.027393879565646595
4,base_lr_clickstream,0.021635406383678835,0.004606778545574203,0.026242184929253037
4,base_lr_profile,0.007403751233958533,0.0027147087857847946,0.010118460019743328
4,base_lr_weekly,0.027147087857847974,0.004195459032576496,0.03134254689042447
4,base_rf_entropy,0.04179006252056597,0.0056762092793682245,0.04746627179993419
4,base_rf_gini,0.04072063178677197,0.006005264889766368,0.046725896676538335
4,base_svm,0.024021059559065472,0.005429417571569603,0.029450477130635075
4,flat_hgb,0.022128989799276078,0.0005758473181967788,0.022704837117472856
4,stack_7_full,0.04137874300756828,0.0012339585389930796,0.04261270154656136
4,temporal_hgb,0.02829878249424153,0.004606778545574203,0.032905561039815734
6,base_dffnn,0.05016320219893489,0.002405085036935234,0.05256828723587013
6,base_knn,0.0394262154269026,0.004466586497165442,0.04389280192406804
6,base_lr_clickstream,0.030922521903453015,0.001975605566053945,0.03289812746950696
6,base_lr_profile,0.008503693523449582,0.0025768768252877466,0.011080570348737329
6,base_lr_weekly,0.029032812231575333,0.0009448548359388409,0.029977667067514174
6,base_rf_entropy,0.05677718605050678,0.0028345645078165366,0.059611750558323316
6,base_rf_gini,0.05669129015633053,0.0023191891427589706,0.0590104792990895
6,base_svm,0.032382752104449394,0.0030922521903453126,0.03547500429479471
6,flat_hgb,0.03599037965985226,0.0007730630475863282,0.03676344270743859
6,stack_7_full,0.05471568459027659,0.0007730630475863143,0.055488747637862906
6,temporal_hgb,0.04389280192406803,0.0025768768252877466,0.04646967874935578
8,base_dffnn,0.06130508930975675,0.0020644466385423277,0.06336953594829908
8,base_knn,0.04595637734494211,0.005026478772103035,0.050982856117045144
8,base_lr_clickstream,0.04254555246387218,0.0035903419800736025,0.04613589444394578
8,base_lr_profile,0.009783681895700558,0.00332106633156809,0.013104748227268648
8,base_lr_weekly,0.03913472758280226,8.975854950184214e-05,0.0392244861323041
8,base_rf_entropy,0.06507494838883404,0.002154205188044156,0.0672291535768782
8,base_rf_gini,0.06525446548783773,0.002064446638542314,0.06731891212638003
8,base_svm,0.04559734314693474,0.0036801005295754446,0.049277443676510185
8,flat_hgb,0.04443048200341083,0.000538551297011039,0.044969033300421866
8,stack_7_full,0.06731891212638003,0.0,0.06731891212638003
8,temporal_hgb,0.056906920384166594,0.0001795170990036843,0.05708643748317028
10,base_dffnn,0.06855592966704077,0.0008417508417508379,0.06939768050879161
10,base_knn,0.053404414515525626,0.0014964459408903785,0.054900860456416005
10,base_lr_clickstream,0.05246913580246914,0.0017770295548073245,0.054246165357276464
10,base_lr_profile,0.012345679012345678,0.0028058361391694736,0.015151515151515152
10,base_lr_weekly,0.0501309390198279,9.352787130564866e-05,0.05022446689113355
10,base_rf_entropy,0.07491582491582491,0.0004676393565282433,0.07538346427235315
10,base_rf_gini,0.07304526748971193,0.0008417508417508379,0.07388701833146277
10,base_svm,0.05415263748597082,0.0023381967826412164,0.05649083426861204
10,flat_hgb,0.059109614665170215,0.0009352787130565005,0.060044893378226716
10,stack_7_full,0.07117471006359895,0.0,0.07117471006359895
10,temporal_hgb,0.06827534605312383,9.352787130564866e-05,0.06836887392442947
12,base_dffnn,0.07191880135331077,0.0010633156114064762,0.07298211696471725
12,base_knn,0.056935717738037704,0.0007733204446592479,0.05770903818269695
12,base_lr_clickstream,0.055195746737554376,0.002029966167230543,0.05722571290478492
12,base_lr_profile,0.012953117448042534,0.002803286611889791,0.015756404059932325
12,base_lr_weekly,0.05471242145964235,0.0,0.05471242145964235
12,base_rf_entropy,0.08003866602223295,0.0006766553890768523,0.0807153214113098
12,base_rf_gini,0.0778153697438376,0.0011599806669888857,0.07897535041082648
12,base_svm,0.05712904784920251,0.001643305944900919,0.05877235379410343
12,flat_hgb,0.05896568390526825,0.0009666505558240668,0.059932334461092314
12,stack_7_full,0.07974867085548573,9.666505558240945e-05,0.07984533591106815
12,temporal_hgb,0.07414209763170615,9.666505558239558e-05,0.07423876268728855
14,base_dffnn,0.07642928786359077,0.0005015045135406127,0.07693079237713138
14,base_knn,0.061985957873620864,0.0,0.061985957873620864
14,base_lr_clickstream,0.05777331995987964,0.002708124373119361,0.060481444332999
14,base_lr_profile,0.014643931795386166,0.0029087261785356033,0.01755265797392177
14,base_lr_weekly,0.05987963891675025,0.0,0.05987963891675025
14,base_rf_entropy,0.08204613841524572,0.0005015045135406404,0.08254764292878636
14,base_rf_gini,0.079037111334002,0.0004012036108325123,0.07943831494483451
14,base_svm,0.06068204613841525,0.002507522567703105,0.06318956870611836
14,flat_hgb,0.062186559679037114,0.0007021063189568688,0.06288866599799398
14,stack_7_full,0.08114343029087262,0.00020060180541625616,0.08134403209628888
14,temporal_hgb,0.0757271815446339,-0.00010030090270812808,0.07562688064192577
16,base_dffnn,0.07860581955202009,0.00020933640360057404,0.07881515595562066
16,base_knn,0.06583629893238435,0.00041867280720117583,0.06625497173958553
16,base_lr_clickstream,0.06447561230898052,0.0020933640360058514,0.06656897634498637
16,base_lr_profile,0.016328239480845726,0.002930709650408203,0.01925894913125393
16,base_lr_weekly,0.06709231735398788,0.0,0.06709231735398788
16,base_rf_entropy,0.08635126648524179,-0.0001046682018003009,0.08624659828344149
16,base_rf_gini,0.08226920661503034,0.0,0.08226920661503034
16,base_svm,0.0664643081431861,0.0018840276324052635,0.06834833577559137
16,flat_hgb,0.0680343311701905,0.0006280092108017499,0.06866234038099225
16,stack_7_full,0.08383922964203475,0.0,0.08383922964203475
16,temporal_hgb,0.08111785639522712,0.0,0.08111785639522712
