week,model,metric,nonelig,silence,evaluation
2,base_dffnn,auc,0.012131377346845218,-0.019451094366788158,-0.0073197170199429396
2,base_dffnn,pr_auc_risk,0.035796472229433995,-0.04979184887501581,-0.013995376645581814
2,base_dffnn,brier,-0.001684211865225077,0.003090454582468899,0.0014062427172438219
2,base_dffnn,ece,-0.010804608315239207,0.001440037551390206,-0.009364570763849
2,base_knn,auc,0.008394353945379074,-0.01849733411500848,-0.010102980169629405
2,base_knn,pr_auc_risk,0.03237240854342771,-0.042229286292195856,-0.009856877748768145
2,base_knn,brier,0.0005213202804614236,0.0013011298318453823,0.001822450112306806
2,base_knn,ece,-0.0006234328399930848,-0.0020607903843346195,-0.0026842232243277035
2,base_lr_clickstream,auc,0.009781187681868142,-0.02503247308704193,-0.015251285405173787
2,base_lr_clickstream,pr_auc_risk,0.032225896134811194,-0.0597766729964635,-0.027550776861652304
2,base_lr_clickstream,brier,0.00037524390762039284,0.0026906396466455235,0.0030658835542659163
2,base_lr_clickstream,ece,-0.005282383673757123,0.0004949021637220361,-0.004787481510035087
2,base_lr_profile,auc,0.005514070571563168,-0.016166391569066074,-0.010652320997502907
2,base_lr_profile,pr_auc_risk,0.027013928149134114,-0.05158346756405979,-0.02456953941492568
2,base_lr_profile,brier,0.001595698366263179,0.000881043818028629,0.002476742184291808
2,base_lr_profile,ece,-0.005786859354167412,0.01007199920356069,0.004285139849393277
2,base_lr_weekly,auc,0.012351555400102077,-0.025495288166269725,-0.013143732766167648
2,base_lr_weekly,pr_auc_risk,0.036770612736645725,-0.058957604525711194,-0.02218699178906547
2,base_lr_weekly,brier,-0.00031995429975445466,0.003048323285107901,0.0027283689853534465
2,base_lr_weekly,ece,-0.0017436098611184302,0.0014250859106364829,-0.00031852395048194773
2,base_rf_entropy,auc,0.01259710700178951,-0.018918036545656935,-0.006320929543867426
2,base_rf_entropy,pr_auc_risk,0.03683123253080761,-0.048372713523295696,-0.011541480992488085
2,base_rf_entropy,brier,-0.002426185695931199,0.0031476265471159365,0.0007214408511847376
2,base_rf_entropy,ece,-0.013391507782723373,0.004050830190780282,-0.00934067759194309
2,base_rf_gini,auc,0.012610567885218804,-0.0188346939344064,-0.006224126049187595
2,base_rf_gini,pr_auc_risk,0.03671055521047073,-0.04803415232537134,-0.011323597114900608
2,base_rf_gini,brier,-0.0024317511679853576,0.0031322982298838814,0.0007005470618985238
2,base_rf_gini,ece,-0.013091676487239308,0.004383209099841984,-0.008708467387397324
2,base_svm,auc,0.009621348094767224,-0.025556379876860102,-0.01593503178209288
2,base_svm,pr_auc_risk,0.03131591628479824,-0.06455693134215057,-0.03324101505735233
2,base_svm,brier,0.0011286441562379373,0.0018601759340225732,0.0029888200902605105
2,base_svm,ece,0.0003322030556163619,-0.006301978939108607,-0.005969775883492245
2,flat_hgb,auc,0.008949504991671797,-0.02117440525705966,-0.012224900265387861
2,flat_hgb,pr_auc_risk,0.033269014351066994,-0.04344266862758239,-0.010173654276515398
2,flat_hgb,brier,0.00010105111271620226,0.0024952161263332856,0.002596267239049488
2,flat_hgb,ece,-0.007457385489532842,0.0022080429366702816,-0.00524934255286256
2,stack_7_full,auc,0.0126621345142916,-0.015353354482593673,-0.002691219968302072
2,stack_7_full,pr_auc_risk,0.03709122566831802,-0.039422727520995404,-0.0023315018526773867
2,stack_7_full,brier,-0.0015982288207886663,0.0016282797239821067,3.0050903193440393e-05
2,stack_7_full,ece,-0.006595461907726611,0.005929251242599611,-0.0006662106651270008
2,temporal_hgb,auc,0.011691865664158363,-0.0239366600447406,-0.012244794380582236
2,temporal_hgb,pr_auc_risk,0.03564290080613486,-0.05499254459445363,-0.01934964378831877
2,temporal_hgb,brier,-0.00017217026951805992,0.002781835659806123,0.002609665390288063
2,temporal_hgb,ece,-0.003499939946167782,0.002404019638055742,-0.0010959203081120396
4,base_dffnn,auc,0.023903760555355258,-0.013464264911937196,0.010439495643418062
4,base_dffnn,pr_auc_risk,0.06327519941076204,-0.03769754404675757,0.02557765536400447
4,base_dffnn,brier,-0.0075988892146856,0.0037414505424297195,-0.0038574386722558807
4,base_dffnn,ece,-0.008833535656837085,0.0016041163710322943,-0.00722941928580479
4,base_knn,auc,0.01974274426302891,-0.015530768265367811,0.004211975997661099
4,base_knn,pr_auc_risk,0.05405008546371093,-0.03883638188956606,0.015213703574144866
4,base_knn,brier,-0.0042995311939159064,0.00328959987357709,-0.0010099313203388166
4,base_knn,ece,-0.005635691360513603,-0.001787597806710001,-0.007423289167223604
4,base_lr_clickstream,auc,0.020160948266531253,-0.015668260176609994,0.0044926880899212596
4,base_lr_clickstream,pr_auc_risk,0.05195112838308502,-0.04085102469126084,0.011100103691824181
4,base_lr_clickstream,brier,-0.00346839555935452,0.00342183181973911,-4.656373961541005e-05
4,base_lr_clickstream,ece,-0.0026155431547250155,0.0033645741564165416,0.0007490310016915261
4,base_lr_profile,auc,0.004804204834899073,-0.011573281288258741,-0.006769076453359668
4,base_lr_profile,pr_auc_risk,0.035392389212173525,-0.03899887546702441,-0.0036064862548508825
4,base_lr_profile,brier,0.002522879868272057,0.001555811825759687,0.004078691694031744
4,base_lr_profile,ece,-0.003735896993159739,0.007118345019469451,0.00338244802630971
4,base_lr_weekly,auc,0.022425687377585657,-0.017513103984390488,0.004912583393195169
4,base_lr_weekly,pr_auc_risk,0.05366913317758504,-0.04476660414495515,0.008902529032629891
4,base_lr_weekly,brier,-0.004305320112615529,0.0037004152432257714,-0.000604904869389758
4,base_lr_weekly,ece,-0.006370222347783897,0.002790854709966128,-0.003579367637817769
4,base_rf_entropy,auc,0.023443492421452106,-0.013436787988439891,0.010006704433012215
4,base_rf_entropy,pr_auc_risk,0.061702371404174394,-0.036295793849484614,0.02540657755468978
4,base_rf_entropy,brier,-0.007113789182049635,0.0036698844173670697,-0.003443904764682565
4,base_rf_entropy,ece,-0.008471478174570796,0.0020475611317824667,-0.00642391704278833
4,base_rf_gini,auc,0.023476976367033664,-0.013462411434655264,0.0100145649323784
4,base_rf_gini,pr_auc_risk,0.061781118040118876,-0.03628372284492232,0.02549739519519656
4,base_rf_gini,brier,-0.007119412616740456,0.0036773408911817407,-0.003442071725558715
4,base_rf_gini,ece,-0.008722916694336204,0.002082329281928974,-0.00664058741240723
4,base_svm,auc,0.02048024196341086,-0.01581745545525809,0.004662786508152772
4,base_svm,pr_auc_risk,0.052254838859030484,-0.04264245143896128,0.009612387420069202
4,base_svm,brier,-0.0008823076755761078,0.0023058578173191097,0.0014235501417430019
4,base_svm,ece,0.010677595326369062,0.0009488862900430724,0.011626481616412134
4,flat_hgb,auc,0.02025253390177828,-0.013672441878248953,0.006580092023529327
4,flat_hgb,pr_auc_risk,0.05256648396397151,-0.02716065973052817,0.02540582423344334
4,flat_hgb,brier,-0.005388359104908758,0.0030777175758918973,-0.0023106415290168603
4,flat_hgb,ece,-0.01651134515466659,0.0025605087354879357,-0.013950836419178655
4,stack_7_full,auc,0.021752458911775352,-0.009604874758815996,0.012147584152959356
4,stack_7_full,pr_auc_risk,0.05556818927749152,-0.024825142657823096,0.030743046619668424
4,stack_7_full,brier,-0.006687752917556453,0.002314000053459872,-0.004373752864096581
4,stack_7_full,ece,-0.0013298536275283988,0.0015510852740402087,0.00022123164651180992
4,temporal_hgb,auc,0.02065101807370462,-0.01477782937861849,0.005873188695086129
4,temporal_hgb,pr_auc_risk,0.05326572832031873,-0.036000616907852556,0.017265111412466172
4,temporal_hgb,brier,-0.004736646300261202,0.0032926426262934183,-0.0014440036739677836
4,temporal_hgb,ece,-0.012318212001330302,0.0020093990316693566,-0.010308812969660946
6,base_dffnn,auc,0.031037394396367157,-0.010896943992565689,0.02014045040380147
6,base_dffnn,pr_auc_risk,0.0752844194190852,-0.028365413991941757,0.046919005427143445
6,base_dffnn,brier,-0.010230110327091535,0.0029962431624543234,-0.007233867164637212
6,base_dffnn,ece,-0.009531667150967059,0.0013820855830781135,-0.008149581567888945
6,base_knn,auc,0.024527762445960555,-0.013284359324295059,0.011243403121665496
6,base_knn,pr_auc_risk,0.07137839033535642,-0.04038477192989537,0.030993618405461054
6,base_knn,brier,-0.00532100445051549,0.002817559789190058,-0.0025034446613254324
6,base_knn,ece,0.0049943195743747185,-0.002648389486570814,0.0023459300878039043
6,base_lr_clickstream,auc,0.02515401453206545,-0.01284873034883427,0.01230528418323118
6,base_lr_clickstream,pr_auc_risk,0.06635818593692355,-0.0382458182732342,0.028112367663689353
6,base_lr_clickstream,brier,-0.005061521085484133,0.0030432432481007354,-0.0020182778373833976
6,base_lr_clickstream,ece,0.001980009039331619,0.0027977964888089915,0.004777805528140611
6,base_lr_profile,auc,0.003709339549890056,-0.010464804865552402,-0.006755465315662346
6,base_lr_profile,pr_auc_risk,0.04406923598902973,-0.035451026590029244,0.008618209399000487
6,base_lr_profile,brier,0.004086574652879371,0.001505493741065303,0.005592068393944674
6,base_lr_profile,ece,-0.0029452981474029777,0.00632849354913856,0.0033831954017355843
6,base_lr_weekly,auc,0.03026846107098191,-0.012715355382216798,0.017553105688765114
6,base_lr_weekly,pr_auc_risk,0.07088260598439944,-0.03271516982541883,0.038167436158980605
6,base_lr_weekly,brier,-0.007764033645675211,0.003026658747025235,-0.004737374898649976
6,base_lr_weekly,ece,-0.008794039651323122,0.0024517430099535616,-0.006342296641369561
6,base_rf_entropy,auc,0.030404158326637343,-0.010454070499906598,0.019950087826730745
6,base_rf_entropy,pr_auc_risk,0.07671953416740296,-0.02838098119922755,0.04833855296817541
6,base_rf_entropy,brier,-0.010267388463756202,0.0030048323821549316,-0.007262556081601271
6,base_rf_entropy,ece,-0.0057740059299038644,0.0018058739690818143,-0.00396813196082205
6,base_rf_gini,auc,0.030389750275001348,-0.010483653569323959,0.01990609670567739
6,base_rf_gini,pr_auc_risk,0.0768161844842557,-0.028545447265687196,0.048270737218568505
6,base_rf_gini,brier,-0.010256889263161206,0.0030196553758634753,-0.007237233887297731
6,base_rf_gini,ece,-0.006091317887630433,0.0016892559255452973,-0.004402061962085136
6,base_svm,auc,0.02527215879533229,-0.012970491118287242,0.012301667677045047
6,base_svm,pr_auc_risk,0.0663836906147523,-0.039170760589661235,0.027212930025091064
6,base_svm,brier,-0.0023598674725489044,0.002360626234094221,7.587615453163998e-07
6,base_svm,ece,0.017235493189581324,-0.0011611938726786945,0.01607429931690263
6,flat_hgb,auc,0.0253918185226103,-0.010726824737012752,0.014664993785597547
6,flat_hgb,pr_auc_risk,0.06806177727364066,-0.022023604042082423,0.04603817323155823
6,flat_hgb,brier,-0.007063290125472452,0.0026554177427393078,-0.004407872382733144
6,flat_hgb,ece,-0.014949678452546657,0.001743559900978759,-0.013206118551567898
6,stack_7_full,auc,0.028028965679759432,-0.008031862741181672,0.01999710293857776
6,stack_7_full,pr_auc_risk,0.06689229857968171,-0.019452518248525674,0.047439780331156034
6,stack_7_full,brier,-0.009623395414579086,0.0019771672242655247,-0.0076462281903135615
6,stack_7_full,ece,-0.0014431276084322245,0.0019639994946829874,0.0005208718862507629
6,temporal_hgb,auc,0.029820478028778352,-0.01122742156109785,0.018593056467680502
6,temporal_hgb,pr_auc_risk,0.07628540266304684,-0.025245552213382483,0.05103985044966436
6,temporal_hgb,brier,-0.008351025858486391,0.002738139242464202,-0.005612886616022189
6,temporal_hgb,ece,-0.007771191042215129,0.0012783732666207769,-0.006492817775594352
8,base_dffnn,auc,0.03899657436949888,-0.010532728469604291,0.02846384589989459
8,base_dffnn,pr_auc_risk,0.08288147800165868,-0.023988117490016392,0.05889336051164229
8,base_dffnn,brier,-0.014047220442651512,0.0030052710499821333,-0.011041949392669378
8,base_dffnn,ece,-0.008317305951145776,0.0016751044325725682,-0.006642201518573207
8,base_knn,auc,0.03384573943373176,-0.013234505278288233,0.020611234155443525
8,base_knn,pr_auc_risk,0.08606803451788614,-0.03361033807665603,0.052457696441230106
8,base_knn,brier,-0.008246790449741179,0.003258895575381948,-0.0049878948743592305
8,base_knn,ece,-0.004405743990773599,-0.0011036797238056957,-0.0055094237145792944
8,base_lr_clickstream,auc,0.03252157284922247,-0.012624705057934671,0.019896867791287798
8,base_lr_clickstream,pr_auc_risk,0.08611397741250376,-0.03931511174022673,0.046798865672277035
8,base_lr_clickstream,brier,-0.008525332363852264,0.0033463990804100535,-0.005178933283442211
8,base_lr_clickstream,ece,-0.007936055393080326,0.002084235934016297,-0.005851819459064029
8,base_lr_profile,auc,0.003218308836583139,-0.010759178105705314,-0.007540869269122175
8,base_lr_profile,pr_auc_risk,0.0549526491856111,-0.037558974863370564,0.017393674322240538
8,base_lr_profile,brier,0.005881298345409583,0.0017147784834750796,0.0075960768288846625
8,base_lr_profile,ece,-0.0022183815593625304,0.006569016275055465,0.0043506347156929345
8,base_lr_weekly,auc,0.03952054899261187,-0.011882987717215965,0.027637561275395905
8,base_lr_weekly,pr_auc_risk,0.09075857452710684,-0.02854925213557019,0.06220932239153665
8,base_lr_weekly,brier,-0.012245874527053738,0.0032254737017581026,-0.009020400825295635
8,base_lr_weekly,ece,-0.009405479568686082,0.0027409776235242725,-0.00666450194516181
8,base_rf_entropy,auc,0.03733911949119362,-0.010093450680235483,0.027245668810958135
8,base_rf_entropy,pr_auc_risk,0.08264243729175946,-0.02362463708805007,0.05901780020370939
8,base_rf_entropy,brier,-0.013848505256057006,0.0030465619891996976,-0.010801943266857308
8,base_rf_entropy,ece,-0.0034149519434302222,0.001962504567659229,-0.0014524473757709933
8,base_rf_gini,auc,0.03728929938839742,-0.010097441246320171,0.027191858142077252
8,base_rf_gini,pr_auc_risk,0.08262300432589487,-0.023722887165521844,0.05890011716037302
8,base_rf_gini,brier,-0.013831934230757514,0.003056775700160011,-0.010775158530597503
8,base_rf_gini,ece,-0.003763609102231811,0.0019571399087288527,-0.0018064691935029582
8,base_svm,auc,0.03357154886842434,-0.01273198800272013,0.02083956086570421
8,base_svm,pr_auc_risk,0.08801740488835147,-0.03992794608863198,0.04808945879971949
8,base_svm,brier,-0.005586798253909606,0.0027711982641000638,-0.002815599989809542
8,base_svm,ece,0.01302220469838268,0.0029550579521742046,0.015977262650556885
8,flat_hgb,auc,0.032406609553473464,-0.011424716285145464,0.020981893268328
8,flat_hgb,pr_auc_risk,0.0842997963082126,-0.025820123327066125,0.05847967298114648
8,flat_hgb,brier,-0.010524388286400899,0.0032051388948961396,-0.007319249391504759
8,flat_hgb,ece,-0.016180239680910716,0.0017093477092410374,-0.01447089197166968
8,stack_7_full,auc,0.03353497666731409,-0.00835215246270804,0.025182824204606047
8,stack_7_full,pr_auc_risk,0.07378674328190288,-0.01906404729014094,0.05472269599176194
8,stack_7_full,brier,-0.01283939658405199,0.0024319236024839957,-0.010407472981567994
8,stack_7_full,ece,-0.0019856233268405353,0.0017976984643276947,-0.00018792486251284057
8,temporal_hgb,auc,0.038144120273834126,-0.010489657806982855,0.02765446246685127
8,temporal_hgb,pr_auc_risk,0.09039554645529618,-0.021468663610307193,0.06892688284498899
8,temporal_hgb,brier,-0.012825006705618563,0.002938123699102388,-0.009886883006516176
8,temporal_hgb,ece,-0.0030697927373860862,0.00014234778080157544,-0.002927444956584511
10,base_dffnn,auc,0.042137985060390126,-0.010145128020132677,0.03199285704025745
10,base_dffnn,pr_auc_risk,0.0856688918548198,-0.021774859450811423,0.06389403240400837
10,base_dffnn,brier,-0.01573789296028455,0.003170500895641651,-0.012567392064642899
10,base_dffnn,ece,-0.004544509503223984,0.0008321314019201012,-0.0037123781013038825
10,base_knn,auc,0.039715023497096824,-0.01174553477529644,0.027969488721800384
10,base_knn,pr_auc_risk,0.09577192625608927,-0.028123381967841865,0.0676485442882474
10,base_knn,brier,-0.012428736887447625,0.0035174185391005225,-0.008911318348347103
10,base_knn,ece,-0.0024274750812746486,0.00018270454749031578,-0.002244770533784333
10,base_lr_clickstream,auc,0.03945544773616777,-0.012201431963822396,0.027254015772345375
10,base_lr_clickstream,pr_auc_risk,0.09901967560020059,-0.03654179391173973,0.06247788168846086
10,base_lr_clickstream,brier,-0.011413417039334586,0.0036332160929180846,-0.007780200946416502
10,base_lr_clickstream,ece,-0.003221441095303196,0.0016894854649424432,-0.001531955630360753
10,base_lr_profile,auc,0.003101486346012372,-0.010812868516127394,-0.007711382170115022
10,base_lr_profile,pr_auc_risk,0.06511447300005813,-0.03839896390363268,0.02671550909642545
10,base_lr_profile,brier,0.007603624799563433,0.0018904121321310086,0.009494036931694441
10,base_lr_profile,ece,-0.0021638805246299297,0.006306779798201328,0.004142899273571397
10,base_lr_weekly,auc,0.044160043141406535,-0.010877441010163191,0.033282602131243344
10,base_lr_weekly,pr_auc_risk,0.09160952267430311,-0.02257837249383965,0.06903115018046346
10,base_lr_weekly,brier,-0.015324103621055657,0.003335595938389127,-0.01198850768266653
10,base_lr_weekly,ece,-0.0010720072427604296,0.00215559612745515,0.0010835888846947202
10,base_rf_entropy,auc,0.03965796882575695,-0.00939663697681481,0.03026133184894214
10,base_rf_entropy,pr_auc_risk,0.08367209255299735,-0.020815531936134724,0.06285656061686262
10,base_rf_entropy,brier,-0.015486642736520617,0.0031009548478996563,-0.012385687888620961
10,base_rf_entropy,ece,-0.004099728178593855,0.0011926335256325325,-0.002907094652961323
10,base_rf_gini,auc,0.03971322436302571,-0.0094143568649932,0.03029886749803251
10,base_rf_gini,pr_auc_risk,0.08380290540460866,-0.020850128611960228,0.06295277679264843
10,base_rf_gini,brier,-0.015521310025226137,0.003113776367406229,-0.012407533657819908
10,base_rf_gini,ece,-0.004596320773304154,0.0012934065932161502,-0.003302914180088004
10,base_svm,auc,0.040763383828893385,-0.012405825806297177,0.028357558022596208
10,base_svm,pr_auc_risk,0.10149623572624566,-0.033724827678284885,0.06777140804796078
10,base_svm,brier,-0.007677551524568005,0.0029563468604984627,-0.004721204664069542
10,base_svm,ece,0.01619972893021995,-0.0030799320314811585,0.013119796898738791
10,flat_hgb,auc,0.03845081204512135,-0.010807034236912372,0.02764377780820898
10,flat_hgb,pr_auc_risk,0.09707471454537969,-0.027739319896637915,0.06933539464874178
10,flat_hgb,brier,-0.014413152246938774,0.0035129285232240876,-0.010900223723714686
10,flat_hgb,ece,-0.008538248758399487,0.001257706382803956,-0.007280542375595531
10,stack_7_full,auc,0.03625874313646793,-0.00839941295980906,0.02785933017665887
10,stack_7_full,pr_auc_risk,0.07678506616148933,-0.018405433311267705,0.05837963285022163
10,stack_7_full,brier,-0.014750850768502771,0.0028556607723134453,-0.011895189996189326
10,stack_7_full,ece,-0.0003420847031433251,0.0005786135921520413,0.0002365288890087162
10,temporal_hgb,auc,0.040496985799688634,-0.009550034249837303,0.03094695154985133
10,temporal_hgb,pr_auc_risk,0.08586106384271436,-0.019726906432152802,0.06613415741056156
10,temporal_hgb,brier,-0.015158566963759793,0.0030645172782315655,-0.012094049685528227
10,temporal_hgb,ece,0.0008862839533301907,0.00015353083410823368,0.0010398147874384244
12,base_dffnn,auc,0.04484299618237292,-0.010513116461982941,0.03432987972038998
12,base_dffnn,pr_auc_risk,0.09366296890712755,-0.02275120560548144,0.07091176330164611
12,base_dffnn,brier,-0.016344346120231917,0.0032403663279804013,-0.013103979792251516
12,base_dffnn,ece,-0.006471997436885705,0.0010177246467271694,-0.005454272790158535
12,base_knn,auc,0.042144818085066926,-0.011996738582587596,0.03014807950247933
12,base_knn,pr_auc_risk,0.10330142994877667,-0.028360160426502412,0.07494126952227426
12,base_knn,brier,-0.01235497801019396,0.003523303432129435,-0.008831674578064524
12,base_knn,ece,-0.005334311223881789,0.00048055712087585745,-0.004853754103005932
12,base_lr_clickstream,auc,0.04003324188747881,-0.011924752799938654,0.028108489087540156
12,base_lr_clickstream,pr_auc_risk,0.1062286600954252,-0.03697888862825033,0.06924977146717487
12,base_lr_clickstream,brier,-0.011713691248855379,0.003571881357319562,-0.008141809891535817
12,base_lr_clickstream,ece,-0.0056711454973074615,0.0016205328876746656,-0.004050612609632796
12,base_lr_profile,auc,0.0018083613264251452,-0.01097042192272718,-0.009162060596302035
12,base_lr_profile,pr_auc_risk,0.07197131236377097,-0.03945514196826927,0.0325161703955017
12,base_lr_profile,brier,0.009460963061160593,0.0018811362194822573,0.01134209928064285
12,base_lr_profile,ece,-0.0014051695766335616,0.006379518106439201,0.00497434852980564
12,base_lr_weekly,auc,0.04614215252890941,-0.0111031492300952,0.03503900329881421
12,base_lr_weekly,pr_auc_risk,0.09929440579999821,-0.024166865404417093,0.07512754039558112
12,base_lr_weekly,brier,-0.01610802155125189,0.003403859179093305,-0.012704162372158587
12,base_lr_weekly,ece,-0.004216108042303532,0.0022896440520689502,-0.0019264639902345816
12,base_rf_entropy,auc,0.042563104665094165,-0.009859392952000279,0.032703711713093886
12,base_rf_entropy,pr_auc_risk,0.09114661100070887,-0.021784056166899712,0.06936255483380915
12,base_rf_entropy,brier,-0.016254438223881937,0.003162926958559048,-0.013091511265322889
12,base_rf_entropy,ece,-0.007265841255377915,0.0014422886281552985,-0.005823552627222617
12,base_rf_gini,auc,0.042754509210720715,-0.009900596692652697,0.03285391251806802
12,base_rf_gini,pr_auc_risk,0.09149038223031597,-0.021879207205026008,0.06961117502528996
12,base_rf_gini,brier,-0.01632594625634362,0.0031783950497374786,-0.013147551206606142
12,base_rf_gini,ece,-0.007730588820471118,0.0015080234291498934,-0.006222565391321225
12,base_svm,auc,0.04129010295653279,-0.012127367675409007,0.029162735281123786
12,base_svm,pr_auc_risk,0.1083516945602142,-0.03377998342863886,0.07457171113157535
12,base_svm,brier,-0.008248238338652777,0.002992129224311163,-0.005256109114341614
12,base_svm,ece,0.01272806790727372,-0.0013621417206749718,0.011365926186598749
12,flat_hgb,auc,0.04006668305627792,-0.010828688074885351,0.029237994981392568
12,flat_hgb,pr_auc_risk,0.10264634184585603,-0.02770599861823847,0.07494034322761756
12,flat_hgb,brier,-0.014821640402359532,0.003467505044370517,-0.011354135357989015
12,flat_hgb,ece,-0.014748206299574162,0.0011771531651601289,-0.013571053134414033
12,stack_7_full,auc,0.03929633378500785,-0.00867490593943987,0.030621427845567983
12,stack_7_full,pr_auc_risk,0.0826330354056315,-0.01896251343266847,0.06367052197296302
12,stack_7_full,brier,-0.015756650135864164,0.0028744310293685876,-0.012882219106495577
12,stack_7_full,ece,-0.005418131260572253,0.0008088779600448261,-0.0046092533005274265
12,temporal_hgb,auc,0.04342965403155252,-0.009935458291777832,0.03349419573977469
12,temporal_hgb,pr_auc_risk,0.09330528213622163,-0.02067575640781638,0.07262952572840525
12,temporal_hgb,brier,-0.015857992974891447,0.0031046283814888803,-0.012753364593402566
12,temporal_hgb,ece,-0.0015187604470069133,0.00042162493919839505,-0.0010971355078085183
14,base_dffnn,auc,0.04432193914897736,-0.009382656743654072,0.03493928240532329
14,base_dffnn,pr_auc_risk,0.09271375729778547,-0.02076001071529676,0.07195374658248871
14,base_dffnn,brier,-0.01746199003355614,0.003085552972274863,-0.014376437061281278
14,base_dffnn,ece,-0.009381563675507049,0.000993005117099672,-0.008388558558407377
14,base_knn,auc,0.043771968653347204,-0.011353462380585266,0.03241850627276194
14,base_knn,pr_auc_risk,0.10499435493484593,-0.02692382016492506,0.07807053476992087
14,base_knn,brier,-0.012313195349076184,0.0034297535658429634,-0.00888344178323322
14,base_knn,ece,-0.002368759518405145,0.00037819031653375714,-0.001990569201871388
14,base_lr_clickstream,auc,0.04069137832389863,-0.011241433476536722,0.02944994484736191
14,base_lr_clickstream,pr_auc_risk,0.10899887180724488,-0.03561826904166454,0.07338060276558034
14,base_lr_clickstream,brier,-0.012343113839866207,0.003493990010990475,-0.008849123828875732
14,base_lr_clickstream,ece,-0.00697173109893027,0.000952869686456902,-0.006018861412473368
14,base_lr_profile,auc,0.0022882829326871246,-0.011306726788269605,-0.00901844385558248
14,base_lr_profile,pr_auc_risk,0.0815326099943276,-0.0415194660072849,0.0400131439870427
14,base_lr_profile,brier,0.011289109011115475,0.001939414029509673,0.013228523040625148
14,base_lr_profile,ece,-0.0006453167051166872,0.006431535921678464,0.005786219216561781
14,base_lr_weekly,auc,0.047184142268066,-0.010298674520664908,0.03688546774740109
14,base_lr_weekly,pr_auc_risk,0.10177423292822912,-0.02329744326342259,0.07847678966480653
14,base_lr_weekly,brier,-0.01794471602120587,0.0033550651351980793,-0.01458965088600779
14,base_lr_weekly,ece,-0.00500595654422982,0.0019362683091807484,-0.0030696882350490715
14,base_rf_entropy,auc,0.044289268414520355,-0.009178829186457405,0.03511043922806295
14,base_rf_entropy,pr_auc_risk,0.09331082438148419,-0.020880404871748137,0.07243041950973605
14,base_rf_entropy,brier,-0.017797393959373645,0.00309747371140201,-0.014699920247971635
14,base_rf_entropy,ece,-0.00812924185351594,0.0013942721697105392,-0.0067349696838054016
14,base_rf_gini,auc,0.044375474303579354,-0.009201942313215583,0.03517353199036377
14,base_rf_gini,pr_auc_risk,0.09364753727478464,-0.020999355622684235,0.07264818165210041
14,base_rf_gini,brier,-0.017865063486215638,0.003116867287558958,-0.01474819619865668
14,base_rf_gini,ece,-0.008905240292725679,0.0014499293675373885,-0.00745531092518829
14,base_svm,auc,0.04260897550569015,-0.011539505719858123,0.031069469785832027
14,base_svm,pr_auc_risk,0.11028488243369527,-0.03181357502071358,0.0784713074129817
14,base_svm,brier,-0.008629510791143866,0.002953753420341196,-0.00567575737080267
14,base_svm,ece,0.013361438161092982,-0.0024850714988433192,0.010876366662249663
14,flat_hgb,auc,0.040905784241772214,-0.009924378876928541,0.030981405364843673
14,flat_hgb,pr_auc_risk,0.10258676439768022,-0.026022153624971678,0.07656461077270854
14,flat_hgb,brier,-0.015255094212606318,0.0032989626490634444,-0.011956131563542874
14,flat_hgb,ece,-0.016787955143257618,0.0009839746300430025,-0.015803980513214615
14,stack_7_full,auc,0.0379950520635115,-0.00756739786212185,0.030427654201389653
14,stack_7_full,pr_auc_risk,0.0790846387179664,-0.016903002299478775,0.06218163641848762
14,stack_7_full,brier,-0.016386908178304044,0.0026821486436256897,-0.013704759534678354
14,stack_7_full,ece,-0.0038013283470601684,0.0005048291674978516,-0.003296499179562317
14,temporal_hgb,auc,0.04386790299332144,-0.009113851862785016,0.03475405113053642
14,temporal_hgb,pr_auc_risk,0.09303293927914053,-0.019880561649285033,0.07315237762985549
14,temporal_hgb,brier,-0.017090635634439022,0.0030136398659866837,-0.014076995768452338
14,temporal_hgb,ece,-0.005936555955800959,0.0005307870755207039,-0.005405768880280255
16,base_dffnn,auc,0.0460067834010201,-0.008807232390667108,0.037199551010352994
16,base_dffnn,pr_auc_risk,0.09259622889193753,-0.019044069280235554,0.07355215961170197
16,base_dffnn,brier,-0.017955185808300772,0.002897423063506238,-0.015057762744794534
16,base_dffnn,ece,-0.00705575255380312,0.0007797359751826709,-0.006276016578620449
16,base_knn,auc,0.04442347583391737,-0.010454555371324614,0.033968920462592755
16,base_knn,pr_auc_risk,0.10664697815931301,-0.025276914325247313,0.0813700638340657
16,base_knn,brier,-0.012321354914637511,0.003246660448488606,-0.009074694466148905
16,base_knn,ece,0.0016921879670685914,0.0004259522401154469,0.0021181402071840383
16,base_lr_clickstream,auc,0.04183680504263837,-0.010507086940854504,0.031329718101783866
16,base_lr_clickstream,pr_auc_risk,0.1093055964325037,-0.03073722039301452,0.07856837603948919
16,base_lr_clickstream,brier,-0.012822543596784725,0.0033390606204854456,-0.009483482976299279
16,base_lr_clickstream,ece,-0.010486605397195098,0.0004898249130889792,-0.009996780484106118
16,base_lr_profile,auc,0.00016815120076429935,-0.011362375512204037,-0.011194224311439738
16,base_lr_profile,pr_auc_risk,0.09008561093426168,-0.042375400950722314,0.047710209983539364
16,base_lr_profile,brier,0.014026300564167815,0.0019159768312778935,0.01594227739544571
16,base_lr_profile,ece,-0.0007726968523275521,0.006455254912421432,0.0056825580600938785
16,base_lr_weekly,auc,0.04662491193794127,-0.009107416287074233,0.03751749565086704
16,base_lr_weekly,pr_auc_risk,0.09804905641251738,-0.020117301833883217,0.07793175457863416
16,base_lr_weekly,brier,-0.018362754129048822,0.0030449877757259547,-0.015317766353322868
16,base_lr_weekly,ece,-0.0037530761548594666,0.000703889609749004,-0.0030491865451104626
16,base_rf_entropy,auc,0.04460264127761593,-0.00836122004830342,0.03624142122931251
16,base_rf_entropy,pr_auc_risk,0.09335896964005097,-0.019268942438549708,0.07409002720150126
16,base_rf_entropy,brier,-0.01875158310620105,0.0029185985212750037,-0.015832984584926046
16,base_rf_entropy,ece,-0.007251209509745976,0.001393819703236432,-0.005857389806509544
16,base_rf_gini,auc,0.04487412929906465,-0.008410162771193053,0.036463966527871594
16,base_rf_gini,pr_auc_risk,0.09351410799232412,-0.019324350219170505,0.07418975777315362
16,base_rf_gini,brier,-0.018847478567220854,0.0029410037478921347,-0.01590647481932872
16,base_rf_gini,ece,-0.007337429867705813,0.0015576139902220322,-0.005779815877483781
16,base_svm,auc,0.04314626110171127,-0.010804344701371205,0.032341916400340065
16,base_svm,pr_auc_risk,0.11125473645673994,-0.029577097836276545,0.0816776386204634
16,base_svm,brier,-0.008649879086267992,0.002849572842522366,-0.005800306243745626
16,base_svm,ece,0.01104988854475875,-0.002156461329425565,0.008893427215333184
16,flat_hgb,auc,0.042615321977371,-0.009357772959601884,0.03325754901776912
16,flat_hgb,pr_auc_risk,0.10119374225982625,-0.022703724324430963,0.07849001793539528
16,flat_hgb,brier,-0.015351159297297856,0.0031348610663139848,-0.012216298230983871
16,flat_hgb,ece,-0.006744463813879435,0.0006867202558012916,-0.006057743558078144
16,stack_7_full,auc,0.03861378420439626,-0.0069954563389740265,0.031618327865422236
16,stack_7_full,pr_auc_risk,0.08034122219779288,-0.015873153070737556,0.06446806912705533
16,stack_7_full,brier,-0.0173902790658763,0.002558325647571441,-0.014831953418304858
16,stack_7_full,ece,-0.0013926534573670615,0.00048264163712177354,-0.000910011820245288
16,temporal_hgb,auc,0.04386247934129567,-0.008205572210696566,0.0356569071305991
16,temporal_hgb,pr_auc_risk,0.09191171949052918,-0.018201586051333818,0.07371013343919536
16,temporal_hgb,brier,-0.017880749561919068,0.002807064201871712,-0.015073685360047356
16,temporal_hgb,ece,-0.0028794138485694976,0.0003253602520680394,-0.002554053596501458
