aggregate_source,arm,cells,metric,contrast,point_mean,bootstrap_mean,ci_low,ci_high,finite_draws,max_absolute_aggregate_draw_correction
aggregate_main_final.json,main,88,auc,joint_population_difference,0.016700727741759958,0.01645534396314251,0.010184396217810568,0.022005122051712803,2000,
aggregate_main_final.json,main,88,auc,evaluation_population_shapley,0.01822513483929752,0.01795384950074231,0.012029644819621996,0.023334519634684803,2000,
aggregate_main_final.json,main,88,auc,training_population_shapley,-0.0015244070975375611,-0.0014985055375998004,-0.002677529322575806,-0.0004677156108335977,2000,
aggregate_main_final.json,main,88,auc,absolute_evaluation_minus_absolute_training,0.01670072774175996,0.016455065062490445,0.010184396217810572,0.022005122051712803,2000,
aggregate_main_final.json,main,88,pr_auc_risk,joint_population_difference,0.04302305140394389,0.04236749318477083,0.02693906099076219,0.056111234588234936,2000,8.115823452699588e-06
aggregate_main_final.json,main,88,pr_auc_risk,evaluation_population_shapley,0.04568032449132386,0.044931318903155444,0.030502029950190464,0.058275555611902556,2000,3.638727980638668e-06
aggregate_main_final.json,main,88,pr_auc_risk,training_population_shapley,-0.0026572730873799587,-0.002563825718384612,-0.004958545792480528,-0.00040859370209515503,2000,8.559628254536928e-06
aggregate_main_final.json,main,88,pr_auc_risk,absolute_evaluation_minus_absolute_training,0.0430230514039439,0.04236221229753388,0.026939060990762174,0.05611123458823494,2000,
aggregate_main_final.json,main,88,brier,joint_population_difference,-0.0052510629344951305,-0.005188615698298891,-0.008071133345784347,-0.0021419080078779007,2000,
aggregate_main_final.json,main,88,brier,evaluation_population_shapley,-0.006007471911831824,-0.005980915490668444,-0.008022246713221465,-0.0038893001467090447,2000,
aggregate_main_final.json,main,88,brier,training_population_shapley,0.0007564089773366933,0.0007922997923695543,-0.0008481096446341043,0.002877076160121975,2000,
aggregate_main_final.json,main,88,brier,absolute_evaluation_minus_absolute_training,0.0052510629344951305,0.005013982342840582,0.0021419080078778994,0.00738819864368254,2000,
aggregate_main_final.json,main,88,ece,joint_population_difference,0.0001970641948099871,0.000232125968842789,-0.002739843098163419,0.0024750486115394234,2000,
aggregate_main_final.json,main,88,ece,evaluation_population_shapley,-0.002523126528130712,-0.0018324723348929284,-0.01248986201823552,0.00966138075302367,2000,
aggregate_main_final.json,main,88,ece,training_population_shapley,0.002720190722940699,0.0020645983037357175,-0.00808575058331764,0.011872644049324376,2000,
aggregate_main_final.json,main,88,ece,absolute_evaluation_minus_absolute_training,-0.00019706419480998699,0.0003752072748463488,-0.0021647971461779617,0.0029317774219375396,2000,
aggregate_main_matched4_final.json,main,32,auc,joint_population_difference,0.011976534683613586,0.011813242524490536,0.006122587796589356,0.01686483270034002,2000,
aggregate_main_matched4_final.json,main,32,auc,evaluation_population_shapley,0.01458643373477725,0.014430402243366513,0.009162025826028302,0.0194306716588246,2000,
aggregate_main_matched4_final.json,main,32,auc,training_population_shapley,-0.002609899051163664,-0.0026171597188759783,-0.003697951752356599,-0.0017025078934863516,2000,
aggregate_main_matched4_final.json,main,32,auc,absolute_evaluation_minus_absolute_training,0.011976534683613586,0.011813242524490536,0.006122587796589356,0.016864832700340022,2000,
aggregate_main_matched4_final.json,main,32,pr_auc_risk,joint_population_difference,0.035150230566003055,0.03461710903504424,0.019795267126906484,0.048481451301052275,2000,0.0
aggregate_main_matched4_final.json,main,32,pr_auc_risk,evaluation_population_shapley,0.04150999099380808,0.040954875034517016,0.026991734918060922,0.05406754277792432,2000,0.0
aggregate_main_matched4_final.json,main,32,pr_auc_risk,training_population_shapley,-0.00635976042780503,-0.006337765999472789,-0.008307914168813744,-0.004583024008359413,2000,0.0
aggregate_main_matched4_final.json,main,32,pr_auc_risk,absolute_evaluation_minus_absolute_training,0.035150230566003055,0.03461710903504424,0.019795267126906484,0.04848145130105228,2000,
aggregate_main_matched4_final.json,main,32,brier,joint_population_difference,-0.004059777235892683,-0.004026268492023869,-0.00645397794047302,-0.0016280871715012451,2000,
aggregate_main_matched4_final.json,main,32,brier,evaluation_population_shapley,-0.004726777678640851,-0.0047063800605476975,-0.006383103221811861,-0.0029361898972158165,2000,
aggregate_main_matched4_final.json,main,32,brier,training_population_shapley,0.0006670004427481676,0.0006801115685238292,-0.00043449007658092264,0.0017731804363977294,2000,
aggregate_main_matched4_final.json,main,32,brier,absolute_evaluation_minus_absolute_training,0.004059777235892683,0.003964979523877552,0.0016280871715012445,0.006019875015131646,2000,
aggregate_main_matched4_final.json,main,32,ece,joint_population_difference,-0.0033239798702552866,-0.002784945479110796,-0.006355145716838813,0.0002786790897192234,2000,
aggregate_main_matched4_final.json,main,32,ece,evaluation_population_shapley,-0.001433254870925531,-0.0008901185721759173,-0.01116427765295431,0.010115026613202616,2000,
aggregate_main_matched4_final.json,main,32,ece,training_population_shapley,-0.001890724999329756,-0.0018948269069348788,-0.01075908468467393,0.007138052533185437,2000,
aggregate_main_matched4_final.json,main,32,ece,absolute_evaluation_minus_absolute_training,-0.00045747012840422494,0.00038432991066955733,-0.0036378114241597693,0.006168374558882257,2000,
