week,model,protocol,merged_risk_thresholds
2,base_dffnn,activity_conditioned,0
2,base_dffnn,activity_to_cutoff_valid,0
2,base_dffnn,cutoff_valid,0
2,base_dffnn,cutoff_valid_to_activity,0
2,base_dffnn,static_full,0
2,base_knn,activity_conditioned,14
2,base_knn,activity_to_cutoff_valid,14
2,base_knn,cutoff_valid,14
2,base_knn,cutoff_valid_to_activity,11
2,base_knn,static_full,17
2,base_lr_clickstream,activity_conditioned,0
2,base_lr_clickstream,activity_to_cutoff_valid,0
2,base_lr_clickstream,cutoff_valid,0
2,base_lr_clickstream,cutoff_valid_to_activity,0
2,base_lr_clickstream,static_full,0
2,base_lr_profile,activity_conditioned,0
2,base_lr_profile,activity_to_cutoff_valid,0
2,base_lr_profile,cutoff_valid,0
2,base_lr_profile,cutoff_valid_to_activity,0
2,base_lr_profile,static_full,0
2,base_lr_weekly,activity_conditioned,0
2,base_lr_weekly,activity_to_cutoff_valid,0
2,base_lr_weekly,cutoff_valid,0
2,base_lr_weekly,cutoff_valid_to_activity,0
2,base_lr_weekly,static_full,1
2,base_rf_entropy,activity_conditioned,0
2,base_rf_entropy,activity_to_cutoff_valid,0
2,base_rf_entropy,cutoff_valid,0
2,base_rf_entropy,cutoff_valid_to_activity,0
2,base_rf_entropy,static_full,0
2,base_rf_gini,activity_conditioned,0
2,base_rf_gini,activity_to_cutoff_valid,0
2,base_rf_gini,cutoff_valid,0
2,base_rf_gini,cutoff_valid_to_activity,0
2,base_rf_gini,static_full,0
2,base_svm,activity_conditioned,0
2,base_svm,activity_to_cutoff_valid,0
2,base_svm,cutoff_valid,0
2,base_svm,cutoff_valid_to_activity,0
2,base_svm,static_full,0
2,flat_hgb,activity_conditioned,0
2,flat_hgb,activity_to_cutoff_valid,0
2,flat_hgb,cutoff_valid,0
2,flat_hgb,cutoff_valid_to_activity,0
2,flat_hgb,static_full,0
2,stack_7_full,activity_conditioned,0
2,stack_7_full,activity_to_cutoff_valid,0
2,stack_7_full,cutoff_valid,0
2,stack_7_full,cutoff_valid_to_activity,0
2,stack_7_full,static_full,0
2,temporal_hgb,activity_conditioned,0
2,temporal_hgb,activity_to_cutoff_valid,0
2,temporal_hgb,cutoff_valid,0
2,temporal_hgb,cutoff_valid_to_activity,0
2,temporal_hgb,static_full,0
4,base_dffnn,activity_conditioned,0
4,base_dffnn,activity_to_cutoff_valid,0
4,base_dffnn,cutoff_valid,0
4,base_dffnn,cutoff_valid_to_activity,0
4,base_dffnn,static_full,0
4,base_knn,activity_conditioned,34
4,base_knn,activity_to_cutoff_valid,32
4,base_knn,cutoff_valid,32
4,base_knn,cutoff_valid_to_activity,32
4,base_knn,static_full,35
4,base_lr_clickstream,activity_conditioned,0
4,base_lr_clickstream,activity_to_cutoff_valid,0
4,base_lr_clickstream,cutoff_valid,0
4,base_lr_clickstream,cutoff_valid_to_activity,0
4,base_lr_clickstream,static_full,2
4,base_lr_profile,activity_conditioned,0
4,base_lr_profile,activity_to_cutoff_valid,0
4,base_lr_profile,cutoff_valid,0
4,base_lr_profile,cutoff_valid_to_activity,0
4,base_lr_profile,static_full,0
4,base_lr_weekly,activity_conditioned,0
4,base_lr_weekly,activity_to_cutoff_valid,0
4,base_lr_weekly,cutoff_valid,1
4,base_lr_weekly,cutoff_valid_to_activity,0
4,base_lr_weekly,static_full,3
4,base_rf_entropy,activity_conditioned,0
4,base_rf_entropy,activity_to_cutoff_valid,0
4,base_rf_entropy,cutoff_valid,0
4,base_rf_entropy,cutoff_valid_to_activity,0
4,base_rf_entropy,static_full,0
4,base_rf_gini,activity_conditioned,0
4,base_rf_gini,activity_to_cutoff_valid,0
4,base_rf_gini,cutoff_valid,0
4,base_rf_gini,cutoff_valid_to_activity,0
4,base_rf_gini,static_full,0
4,base_svm,activity_conditioned,0
4,base_svm,activity_to_cutoff_valid,0
4,base_svm,cutoff_valid,0
4,base_svm,cutoff_valid_to_activity,0
4,base_svm,static_full,0
4,flat_hgb,activity_conditioned,0
4,flat_hgb,activity_to_cutoff_valid,0
4,flat_hgb,cutoff_valid,0
4,flat_hgb,cutoff_valid_to_activity,0
4,flat_hgb,static_full,0
4,stack_7_full,activity_conditioned,0
4,stack_7_full,activity_to_cutoff_valid,0
4,stack_7_full,cutoff_valid,0
4,stack_7_full,cutoff_valid_to_activity,0
4,stack_7_full,static_full,0
4,temporal_hgb,activity_conditioned,0
4,temporal_hgb,activity_to_cutoff_valid,0
4,temporal_hgb,cutoff_valid,0
4,temporal_hgb,cutoff_valid_to_activity,0
4,temporal_hgb,static_full,0
6,base_dffnn,activity_conditioned,0
6,base_dffnn,activity_to_cutoff_valid,0
6,base_dffnn,cutoff_valid,0
6,base_dffnn,cutoff_valid_to_activity,0
6,base_dffnn,static_full,0
6,base_knn,activity_conditioned,36
6,base_knn,activity_to_cutoff_valid,33
6,base_knn,cutoff_valid,27
6,base_knn,cutoff_valid_to_activity,30
6,base_knn,static_full,35
6,base_lr_clickstream,activity_conditioned,0
6,base_lr_clickstream,activity_to_cutoff_valid,0
6,base_lr_clickstream,cutoff_valid,1
6,base_lr_clickstream,cutoff_valid_to_activity,0
6,base_lr_clickstream,static_full,2
6,base_lr_profile,activity_conditioned,0
6,base_lr_profile,activity_to_cutoff_valid,0
6,base_lr_profile,cutoff_valid,0
6,base_lr_profile,cutoff_valid_to_activity,0
6,base_lr_profile,static_full,0
6,base_lr_weekly,activity_conditioned,0
6,base_lr_weekly,activity_to_cutoff_valid,1
6,base_lr_weekly,cutoff_valid,0
6,base_lr_weekly,cutoff_valid_to_activity,0
6,base_lr_weekly,static_full,4
6,base_rf_entropy,activity_conditioned,0
6,base_rf_entropy,activity_to_cutoff_valid,0
6,base_rf_entropy,cutoff_valid,0
6,base_rf_entropy,cutoff_valid_to_activity,0
6,base_rf_entropy,static_full,0
6,base_rf_gini,activity_conditioned,0
6,base_rf_gini,activity_to_cutoff_valid,0
6,base_rf_gini,cutoff_valid,0
6,base_rf_gini,cutoff_valid_to_activity,0
6,base_rf_gini,static_full,0
6,base_svm,activity_conditioned,0
6,base_svm,activity_to_cutoff_valid,0
6,base_svm,cutoff_valid,0
6,base_svm,cutoff_valid_to_activity,0
6,base_svm,static_full,0
6,flat_hgb,activity_conditioned,0
6,flat_hgb,activity_to_cutoff_valid,0
6,flat_hgb,cutoff_valid,0
6,flat_hgb,cutoff_valid_to_activity,0
6,flat_hgb,static_full,0
6,stack_7_full,activity_conditioned,0
6,stack_7_full,activity_to_cutoff_valid,0
6,stack_7_full,cutoff_valid,0
6,stack_7_full,cutoff_valid_to_activity,0
6,stack_7_full,static_full,0
6,temporal_hgb,activity_conditioned,0
6,temporal_hgb,activity_to_cutoff_valid,0
6,temporal_hgb,cutoff_valid,0
6,temporal_hgb,cutoff_valid_to_activity,0
6,temporal_hgb,static_full,0
8,base_dffnn,activity_conditioned,0
8,base_dffnn,activity_to_cutoff_valid,0
8,base_dffnn,cutoff_valid,0
8,base_dffnn,cutoff_valid_to_activity,0
8,base_dffnn,static_full,0
8,base_knn,activity_conditioned,36
8,base_knn,activity_to_cutoff_valid,36
8,base_knn,cutoff_valid,32
8,base_knn,cutoff_valid_to_activity,35
8,base_knn,static_full,35
8,base_lr_clickstream,activity_conditioned,0
8,base_lr_clickstream,activity_to_cutoff_valid,0
8,base_lr_clickstream,cutoff_valid,0
8,base_lr_clickstream,cutoff_valid_to_activity,0
8,base_lr_clickstream,static_full,0
8,base_lr_profile,activity_conditioned,0
8,base_lr_profile,activity_to_cutoff_valid,0
8,base_lr_profile,cutoff_valid,0
8,base_lr_profile,cutoff_valid_to_activity,0
8,base_lr_profile,static_full,0
8,base_lr_weekly,activity_conditioned,0
8,base_lr_weekly,activity_to_cutoff_valid,0
8,base_lr_weekly,cutoff_valid,0
8,base_lr_weekly,cutoff_valid_to_activity,0
8,base_lr_weekly,static_full,3
8,base_rf_entropy,activity_conditioned,0
8,base_rf_entropy,activity_to_cutoff_valid,0
8,base_rf_entropy,cutoff_valid,0
8,base_rf_entropy,cutoff_valid_to_activity,0
8,base_rf_entropy,static_full,0
8,base_rf_gini,activity_conditioned,0
8,base_rf_gini,activity_to_cutoff_valid,0
8,base_rf_gini,cutoff_valid,0
8,base_rf_gini,cutoff_valid_to_activity,0
8,base_rf_gini,static_full,0
8,base_svm,activity_conditioned,0
8,base_svm,activity_to_cutoff_valid,0
8,base_svm,cutoff_valid,0
8,base_svm,cutoff_valid_to_activity,0
8,base_svm,static_full,0
8,flat_hgb,activity_conditioned,0
8,flat_hgb,activity_to_cutoff_valid,0
8,flat_hgb,cutoff_valid,0
8,flat_hgb,cutoff_valid_to_activity,0
8,flat_hgb,static_full,0
8,stack_7_full,activity_conditioned,0
8,stack_7_full,activity_to_cutoff_valid,0
8,stack_7_full,cutoff_valid,0
8,stack_7_full,cutoff_valid_to_activity,0
8,stack_7_full,static_full,0
8,temporal_hgb,activity_conditioned,0
8,temporal_hgb,activity_to_cutoff_valid,0
8,temporal_hgb,cutoff_valid,0
8,temporal_hgb,cutoff_valid_to_activity,0
8,temporal_hgb,static_full,0
10,base_dffnn,activity_conditioned,0
10,base_dffnn,activity_to_cutoff_valid,0
10,base_dffnn,cutoff_valid,0
10,base_dffnn,cutoff_valid_to_activity,0
10,base_dffnn,static_full,0
10,base_knn,activity_conditioned,32
10,base_knn,activity_to_cutoff_valid,29
10,base_knn,cutoff_valid,34
10,base_knn,cutoff_valid_to_activity,35
10,base_knn,static_full,33
10,base_lr_clickstream,activity_conditioned,0
10,base_lr_clickstream,activity_to_cutoff_valid,1
10,base_lr_clickstream,cutoff_valid,0
10,base_lr_clickstream,cutoff_valid_to_activity,0
10,base_lr_clickstream,static_full,2
10,base_lr_profile,activity_conditioned,0
10,base_lr_profile,activity_to_cutoff_valid,0
10,base_lr_profile,cutoff_valid,0
10,base_lr_profile,cutoff_valid_to_activity,0
10,base_lr_profile,static_full,0
10,base_lr_weekly,activity_conditioned,0
10,base_lr_weekly,activity_to_cutoff_valid,0
10,base_lr_weekly,cutoff_valid,0
10,base_lr_weekly,cutoff_valid_to_activity,0
10,base_lr_weekly,static_full,2
10,base_rf_entropy,activity_conditioned,0
10,base_rf_entropy,activity_to_cutoff_valid,0
10,base_rf_entropy,cutoff_valid,0
10,base_rf_entropy,cutoff_valid_to_activity,0
10,base_rf_entropy,static_full,0
10,base_rf_gini,activity_conditioned,0
10,base_rf_gini,activity_to_cutoff_valid,0
10,base_rf_gini,cutoff_valid,0
10,base_rf_gini,cutoff_valid_to_activity,0
10,base_rf_gini,static_full,0
10,base_svm,activity_conditioned,0
10,base_svm,activity_to_cutoff_valid,0
10,base_svm,cutoff_valid,0
10,base_svm,cutoff_valid_to_activity,0
10,base_svm,static_full,0
10,flat_hgb,activity_conditioned,0
10,flat_hgb,activity_to_cutoff_valid,0
10,flat_hgb,cutoff_valid,0
10,flat_hgb,cutoff_valid_to_activity,0
10,flat_hgb,static_full,0
10,stack_7_full,activity_conditioned,0
10,stack_7_full,activity_to_cutoff_valid,0
10,stack_7_full,cutoff_valid,0
10,stack_7_full,cutoff_valid_to_activity,0
10,stack_7_full,static_full,0
10,temporal_hgb,activity_conditioned,0
10,temporal_hgb,activity_to_cutoff_valid,0
10,temporal_hgb,cutoff_valid,0
10,temporal_hgb,cutoff_valid_to_activity,0
10,temporal_hgb,static_full,0
12,base_dffnn,activity_conditioned,0
12,base_dffnn,activity_to_cutoff_valid,0
12,base_dffnn,cutoff_valid,0
12,base_dffnn,cutoff_valid_to_activity,0
12,base_dffnn,static_full,0
12,base_knn,activity_conditioned,32
12,base_knn,activity_to_cutoff_valid,32
12,base_knn,cutoff_valid,35
12,base_knn,cutoff_valid_to_activity,35
12,base_knn,static_full,33
12,base_lr_clickstream,activity_conditioned,0
12,base_lr_clickstream,activity_to_cutoff_valid,0
12,base_lr_clickstream,cutoff_valid,0
12,base_lr_clickstream,cutoff_valid_to_activity,0
12,base_lr_clickstream,static_full,1
12,base_lr_profile,activity_conditioned,0
12,base_lr_profile,activity_to_cutoff_valid,0
12,base_lr_profile,cutoff_valid,0
12,base_lr_profile,cutoff_valid_to_activity,0
12,base_lr_profile,static_full,0
12,base_lr_weekly,activity_conditioned,0
12,base_lr_weekly,activity_to_cutoff_valid,0
12,base_lr_weekly,cutoff_valid,0
12,base_lr_weekly,cutoff_valid_to_activity,0
12,base_lr_weekly,static_full,1
12,base_rf_entropy,activity_conditioned,0
12,base_rf_entropy,activity_to_cutoff_valid,0
12,base_rf_entropy,cutoff_valid,0
12,base_rf_entropy,cutoff_valid_to_activity,0
12,base_rf_entropy,static_full,0
12,base_rf_gini,activity_conditioned,0
12,base_rf_gini,activity_to_cutoff_valid,0
12,base_rf_gini,cutoff_valid,0
12,base_rf_gini,cutoff_valid_to_activity,0
12,base_rf_gini,static_full,0
12,base_svm,activity_conditioned,0
12,base_svm,activity_to_cutoff_valid,0
12,base_svm,cutoff_valid,0
12,base_svm,cutoff_valid_to_activity,0
12,base_svm,static_full,1
12,flat_hgb,activity_conditioned,0
12,flat_hgb,activity_to_cutoff_valid,0
12,flat_hgb,cutoff_valid,0
12,flat_hgb,cutoff_valid_to_activity,0
12,flat_hgb,static_full,0
12,stack_7_full,activity_conditioned,0
12,stack_7_full,activity_to_cutoff_valid,0
12,stack_7_full,cutoff_valid,0
12,stack_7_full,cutoff_valid_to_activity,0
12,stack_7_full,static_full,0
12,temporal_hgb,activity_conditioned,0
12,temporal_hgb,activity_to_cutoff_valid,0
12,temporal_hgb,cutoff_valid,0
12,temporal_hgb,cutoff_valid_to_activity,0
12,temporal_hgb,static_full,0
14,base_dffnn,activity_conditioned,0
14,base_dffnn,activity_to_cutoff_valid,0
14,base_dffnn,cutoff_valid,0
14,base_dffnn,cutoff_valid_to_activity,0
14,base_dffnn,static_full,0
14,base_knn,activity_conditioned,31
14,base_knn,activity_to_cutoff_valid,30
14,base_knn,cutoff_valid,31
14,base_knn,cutoff_valid_to_activity,32
14,base_knn,static_full,33
14,base_lr_clickstream,activity_conditioned,0
14,base_lr_clickstream,activity_to_cutoff_valid,0
14,base_lr_clickstream,cutoff_valid,0
14,base_lr_clickstream,cutoff_valid_to_activity,0
14,base_lr_clickstream,static_full,2
14,base_lr_profile,activity_conditioned,0
14,base_lr_profile,activity_to_cutoff_valid,0
14,base_lr_profile,cutoff_valid,0
14,base_lr_profile,cutoff_valid_to_activity,0
14,base_lr_profile,static_full,0
14,base_lr_weekly,activity_conditioned,0
14,base_lr_weekly,activity_to_cutoff_valid,0
14,base_lr_weekly,cutoff_valid,0
14,base_lr_weekly,cutoff_valid_to_activity,0
14,base_lr_weekly,static_full,2
14,base_rf_entropy,activity_conditioned,0
14,base_rf_entropy,activity_to_cutoff_valid,0
14,base_rf_entropy,cutoff_valid,0
14,base_rf_entropy,cutoff_valid_to_activity,0
14,base_rf_entropy,static_full,0
14,base_rf_gini,activity_conditioned,0
14,base_rf_gini,activity_to_cutoff_valid,0
14,base_rf_gini,cutoff_valid,0
14,base_rf_gini,cutoff_valid_to_activity,0
14,base_rf_gini,static_full,0
14,base_svm,activity_conditioned,0
14,base_svm,activity_to_cutoff_valid,0
14,base_svm,cutoff_valid,0
14,base_svm,cutoff_valid_to_activity,0
14,base_svm,static_full,0
14,flat_hgb,activity_conditioned,0
14,flat_hgb,activity_to_cutoff_valid,0
14,flat_hgb,cutoff_valid,0
14,flat_hgb,cutoff_valid_to_activity,0
14,flat_hgb,static_full,0
14,stack_7_full,activity_conditioned,0
14,stack_7_full,activity_to_cutoff_valid,0
14,stack_7_full,cutoff_valid,0
14,stack_7_full,cutoff_valid_to_activity,0
14,stack_7_full,static_full,0
14,temporal_hgb,activity_conditioned,0
14,temporal_hgb,activity_to_cutoff_valid,0
14,temporal_hgb,cutoff_valid,0
14,temporal_hgb,cutoff_valid_to_activity,0
14,temporal_hgb,static_full,0
16,base_dffnn,activity_conditioned,0
16,base_dffnn,activity_to_cutoff_valid,0
16,base_dffnn,cutoff_valid,0
16,base_dffnn,cutoff_valid_to_activity,0
16,base_dffnn,static_full,0
16,base_knn,activity_conditioned,35
16,base_knn,activity_to_cutoff_valid,34
16,base_knn,cutoff_valid,32
16,base_knn,cutoff_valid_to_activity,32
16,base_knn,static_full,32
16,base_lr_clickstream,activity_conditioned,0
16,base_lr_clickstream,activity_to_cutoff_valid,0
16,base_lr_clickstream,cutoff_valid,0
16,base_lr_clickstream,cutoff_valid_to_activity,0
16,base_lr_clickstream,static_full,2
16,base_lr_profile,activity_conditioned,0
16,base_lr_profile,activity_to_cutoff_valid,0
16,base_lr_profile,cutoff_valid,0
16,base_lr_profile,cutoff_valid_to_activity,0
16,base_lr_profile,static_full,0
16,base_lr_weekly,activity_conditioned,0
16,base_lr_weekly,activity_to_cutoff_valid,0
16,base_lr_weekly,cutoff_valid,0
16,base_lr_weekly,cutoff_valid_to_activity,0
16,base_lr_weekly,static_full,1
16,base_rf_entropy,activity_conditioned,0
16,base_rf_entropy,activity_to_cutoff_valid,0
16,base_rf_entropy,cutoff_valid,0
16,base_rf_entropy,cutoff_valid_to_activity,0
16,base_rf_entropy,static_full,0
16,base_rf_gini,activity_conditioned,0
16,base_rf_gini,activity_to_cutoff_valid,0
16,base_rf_gini,cutoff_valid,0
16,base_rf_gini,cutoff_valid_to_activity,0
16,base_rf_gini,static_full,0
16,base_svm,activity_conditioned,0
16,base_svm,activity_to_cutoff_valid,0
16,base_svm,cutoff_valid,0
16,base_svm,cutoff_valid_to_activity,0
16,base_svm,static_full,0
16,flat_hgb,activity_conditioned,0
16,flat_hgb,activity_to_cutoff_valid,0
16,flat_hgb,cutoff_valid,0
16,flat_hgb,cutoff_valid_to_activity,0
16,flat_hgb,static_full,0
16,stack_7_full,activity_conditioned,0
16,stack_7_full,activity_to_cutoff_valid,0
16,stack_7_full,cutoff_valid,0
16,stack_7_full,cutoff_valid_to_activity,0
16,stack_7_full,static_full,0
16,temporal_hgb,activity_conditioned,0
16,temporal_hgb,activity_to_cutoff_valid,0
16,temporal_hgb,cutoff_valid,0
16,temporal_hgb,cutoff_valid_to_activity,0
16,temporal_hgb,static_full,0
2,flat_hgb,discrete_hazard,0
4,flat_hgb,discrete_hazard,0
6,flat_hgb,discrete_hazard,0
8,flat_hgb,discrete_hazard,0
10,flat_hgb,discrete_hazard,0
12,flat_hgb,discrete_hazard,0
14,flat_hgb,discrete_hazard,0
16,flat_hgb,discrete_hazard,0
2,temporal_hgb,discrete_hazard,0
4,temporal_hgb,discrete_hazard,0
6,temporal_hgb,discrete_hazard,0
8,temporal_hgb,discrete_hazard,0
10,temporal_hgb,discrete_hazard,0
12,temporal_hgb,discrete_hazard,0
14,temporal_hgb,discrete_hazard,0
16,temporal_hgb,discrete_hazard,0
2,stack_7_full,discrete_hazard,0
4,stack_7_full,discrete_hazard,0
6,stack_7_full,discrete_hazard,0
8,stack_7_full,discrete_hazard,0
10,stack_7_full,discrete_hazard,0
12,stack_7_full,discrete_hazard,0
14,stack_7_full,discrete_hazard,0
16,stack_7_full,discrete_hazard,0
2,base_lr_profile,discrete_hazard,0
4,base_lr_profile,discrete_hazard,0
6,base_lr_profile,discrete_hazard,0
8,base_lr_profile,discrete_hazard,0
10,base_lr_profile,discrete_hazard,0
12,base_lr_profile,discrete_hazard,0
14,base_lr_profile,discrete_hazard,0
16,base_lr_profile,discrete_hazard,0
2,base_lr_clickstream,discrete_hazard,0
4,base_lr_clickstream,discrete_hazard,0
6,base_lr_clickstream,discrete_hazard,0
8,base_lr_clickstream,discrete_hazard,0
10,base_lr_clickstream,discrete_hazard,0
12,base_lr_clickstream,discrete_hazard,0
14,base_lr_clickstream,discrete_hazard,0
16,base_lr_clickstream,discrete_hazard,0
2,base_lr_weekly,discrete_hazard,0
4,base_lr_weekly,discrete_hazard,0
6,base_lr_weekly,discrete_hazard,0
8,base_lr_weekly,discrete_hazard,0
10,base_lr_weekly,discrete_hazard,0
12,base_lr_weekly,discrete_hazard,0
14,base_lr_weekly,discrete_hazard,0
16,base_lr_weekly,discrete_hazard,0
2,base_rf_gini,discrete_hazard,0
4,base_rf_gini,discrete_hazard,0
6,base_rf_gini,discrete_hazard,0
8,base_rf_gini,discrete_hazard,0
10,base_rf_gini,discrete_hazard,0
12,base_rf_gini,discrete_hazard,0
14,base_rf_gini,discrete_hazard,0
16,base_rf_gini,discrete_hazard,0
2,base_rf_entropy,discrete_hazard,0
4,base_rf_entropy,discrete_hazard,0
6,base_rf_entropy,discrete_hazard,0
8,base_rf_entropy,discrete_hazard,0
10,base_rf_entropy,discrete_hazard,0
12,base_rf_entropy,discrete_hazard,0
14,base_rf_entropy,discrete_hazard,0
16,base_rf_entropy,discrete_hazard,0
2,base_svm,discrete_hazard,0
4,base_svm,discrete_hazard,0
6,base_svm,discrete_hazard,0
8,base_svm,discrete_hazard,0
10,base_svm,discrete_hazard,0
12,base_svm,discrete_hazard,0
14,base_svm,discrete_hazard,0
16,base_svm,discrete_hazard,0
2,base_knn,discrete_hazard,0
4,base_knn,discrete_hazard,0
6,base_knn,discrete_hazard,0
8,base_knn,discrete_hazard,0
10,base_knn,discrete_hazard,0
12,base_knn,discrete_hazard,0
14,base_knn,discrete_hazard,0
16,base_knn,discrete_hazard,0
2,base_dffnn,discrete_hazard,0
4,base_dffnn,discrete_hazard,0
6,base_dffnn,discrete_hazard,0
8,base_dffnn,discrete_hazard,0
10,base_dffnn,discrete_hazard,0
12,base_dffnn,discrete_hazard,0
14,base_dffnn,discrete_hazard,0
16,base_dffnn,discrete_hazard,0
