dataset,week,protocol,model,n,n_clusters,cluster_unit,auc_mean,auc_ci_low,auc_ci_high,pr_auc_risk_mean,pr_auc_risk_ci_low,pr_auc_risk_ci_high,brier_mean,brier_ci_low,brier_ci_high,ece_mean,ece_ci_low,ece_ci_high
oulab,2,discrete_hazard,base_dffnn,28069,22,presentation,0.6615992866932732,0.615649628587178,0.7112742406656614,0.01584549319178686,0.011271069336360493,0.021837112776963256,0.007544658473913414,0.005182055201011866,0.010434009969865493,0.0009664908882873746,6.09667441984047e-05,0.00329299023615425
oulab,2,discrete_hazard,base_knn,28069,22,presentation,0.5011768218930812,0.4665791727545545,0.5463047314986381,0.007576886447156539,0.005645980381523344,0.010328658310790348,0.007697429619865331,0.005281031250215026,0.010606943643210867,0.00021133634970960102,4.1461955751785184e-05,0.00334136271566947
oulab,2,discrete_hazard,base_lr_clickstream,28069,22,presentation,0.5037828574879591,0.4294984365369443,0.6054824719221332,0.007367294999022141,0.0055642773198399985,0.010315070802286002,0.007574240684032334,0.005213278776161059,0.010460412242011437,0.002729876055786007,0.00027345139289254334,0.005269166755058783
oulab,2,discrete_hazard,base_lr_profile,28069,22,presentation,0.5800778229046615,0.521108888601375,0.6799609782712334,0.011812500738270993,0.0092657488171138,0.015724573767775304,0.007571776618831442,0.005203739398224819,0.010477465492847988,0.0022673836423693426,0.0001908674350635061,0.004792061496567688
oulab,2,discrete_hazard,base_lr_weekly,28069,22,presentation,0.530979857305103,0.4538383767942553,0.6346573170542359,0.00872199029061986,0.006554616529819382,0.012190962985257852,0.0075651008769926165,0.005194200965454409,0.010466986631226617,0.0009193423741393758,7.166860408651244e-05,0.0035879415905376547
oulab,2,discrete_hazard,base_rf_entropy,28069,22,presentation,0.6193719310783312,0.5733724126354902,0.6739703154865194,0.013248427978905079,0.009455304052971068,0.019965617621065187,0.017061913429143778,0.014271215573019483,0.02036216258453,0.07906996565392141,0.07255694792484377,0.0854524037872399
oulab,2,discrete_hazard,base_rf_gini,28069,22,presentation,0.6224318357582743,0.5733414872089694,0.6803090698148315,0.01351358293745435,0.009555799325744258,0.02050631371371609,0.0173554567511182,0.014534549952434778,0.02063466548815277,0.08047747466135247,0.07394788921613996,0.08706577908912458
oulab,2,discrete_hazard,base_svm,28069,22,presentation,0.48432478271153856,0.40401435537696045,0.6017039280455992,0.007252551450799284,0.00556834038372595,0.010147311909083969,0.007569993407321358,0.005201738933675898,0.010466206281005305,0.0014549450205754155,7.820312193844594e-05,0.0039894177930717995
oulab,2,discrete_hazard,flat_hgb,28069,22,presentation,0.6057587942901912,0.5427839596137831,0.6682014348415071,0.009682656854764082,0.007777099820521766,0.015059061806599964,0.0075611185291755345,0.005189123745402945,0.010455663554746253,0.0010668120685540794,7.63459169279192e-05,0.0033650342522292664
oulab,2,discrete_hazard,stack_7_full,28069,22,presentation,0.6427334812958294,0.579412585926651,0.7154563221411102,0.014922152597114673,0.011067925022906043,0.019330974535812985,0.0075497374288020745,0.005176029149751955,0.010454228387800642,0.00031621049168284454,4.4400663110633476e-05,0.003108964816544413
oulab,2,discrete_hazard,temporal_hgb,28069,22,presentation,0.5971882093015062,0.5267102467275919,0.6848664070496446,0.01015972106542432,0.00786523025776971,0.013477531832899955,0.007559273923633737,0.005189199945424698,0.01046100128614884,0.0008476981431749797,6.593142720916734e-05,0.0034999080013699713
oulab,4,discrete_hazard,base_dffnn,27535,22,presentation,0.6862130506528913,0.6467983513999693,0.7392264240273763,0.026485826287815352,0.019231454648308895,0.03565546328207451,0.010819587904637402,0.006821732140136181,0.015922409173703342,0.0014604411203996692,8.771269902532138e-05,0.006734202822415561
oulab,4,discrete_hazard,base_knn,27535,22,presentation,0.6713953783745001,0.6149460446133007,0.7232521680993587,0.02652896387352882,0.012959813180098293,0.037134959508048626,0.010891378100599237,0.0069724851160995385,0.015933983122460166,0.00077036499001272,0.00018268593617103097,0.004500789647602482
oulab,4,discrete_hazard,base_lr_clickstream,27535,22,presentation,0.6806987047852846,0.5977827243250399,0.769602047702297,0.016624651630533005,0.010326422813073614,0.02675422953064446,0.010859711685214499,0.006834033923490644,0.01598680563963378,0.0021824359820222794,9.929719434405248e-05,0.007422945167945361
oulab,4,discrete_hazard,base_lr_profile,27535,22,presentation,0.5866348752971654,0.5407791039865408,0.6784069038984386,0.017635683429716914,0.014669375589788152,0.022909907903204373,0.010869787545218971,0.006824166943766486,0.016019463171186594,0.001958507487648496,8.541129635350975e-05,0.007647087117623722
oulab,4,discrete_hazard,base_lr_weekly,27535,22,presentation,0.5909039622381744,0.524982400930085,0.6639123185656679,0.01294862438479882,0.008626645326315326,0.01991685114542455,0.010887962013692696,0.006856661290054808,0.01599681886665007,0.0006945568567178206,6.50350625634305e-05,0.006156376396588932
oulab,4,discrete_hazard,base_rf_entropy,27535,22,presentation,0.7244749188491116,0.6692241552084147,0.8065266804005597,0.034328551746127596,0.02466964730566364,0.0478379914648075,0.01696913928979496,0.013376175552315454,0.02120241567244314,0.058326167437482895,0.048242738636255146,0.06992599272170927
oulab,4,discrete_hazard,base_rf_gini,27535,22,presentation,0.7238586520226641,0.667385353075088,0.8071154529286557,0.03435376683724216,0.024441679422199034,0.048697439741416354,0.017116538531726722,0.013528178961325426,0.02134426142204964,0.05871524836986236,0.048689256861773424,0.07030941170937746
oulab,4,discrete_hazard,base_svm,27535,22,presentation,0.681847978790241,0.6032963718409629,0.769810347947932,0.016949717455745864,0.011226866848662446,0.02629844533925072,0.010871341861319996,0.006832779410559831,0.016007718609009645,0.0030112593252809017,0.00014716429972289885,0.008306412738203527
oulab,4,discrete_hazard,flat_hgb,27535,22,presentation,0.7334140600458401,0.6724148559804346,0.7821647073780131,0.02524913295597399,0.014377030888471233,0.038052399044711326,0.010806074615874264,0.006868057776378635,0.01584222153061104,0.0007075618485354873,8.216415135956588e-05,0.005117662346473535
oulab,4,discrete_hazard,stack_7_full,27535,22,presentation,0.7877438283634475,0.7455821275198459,0.8376425979468926,0.040837742402434325,0.030460005999291998,0.053344834464076944,0.010726283148025368,0.006757104378714023,0.015806549496020113,0.0025369922635590622,0.00012945445540205007,0.007169612483889638
oulab,4,discrete_hazard,temporal_hgb,27535,22,presentation,0.6550048622664851,0.5915244602792613,0.7332990070427603,0.017081947534835783,0.011507647344747485,0.026304701193692503,0.010855743392030772,0.006858209926686334,0.01597195483497469,0.00023761767897512165,0.00010146209429817676,0.0058870650541966545
oulab,6,discrete_hazard,base_dffnn,27022,22,presentation,0.6761498891131725,0.6206415019053468,0.7237631710668198,0.02522708552768066,0.017386119108913592,0.036473285928863855,0.008964561348107188,0.00700240370078321,0.011032907097254286,0.0007936208209820688,4.553077689154135e-05,0.0031211057821425017
oulab,6,discrete_hazard,base_knn,27022,22,presentation,0.5965302928723939,0.5430321637996947,0.6448521401434456,0.017877321768580177,0.011193167734728875,0.03435725846174556,0.009094657686329657,0.007169392511768741,0.01113914704263686,0.0010459625490339857,0.00011390851818040528,0.003965419000886733
oulab,6,discrete_hazard,base_lr_clickstream,27022,22,presentation,0.6565327583735951,0.5898127105566403,0.7153334921334584,0.014018255313658013,0.00963779134846664,0.021589991431278988,0.009046479453928285,0.0070683029497656605,0.011129054376563375,0.0002741266054980861,9.3824054126059e-05,0.0029031211115446115
oulab,6,discrete_hazard,base_lr_profile,27022,22,presentation,0.6084106231523922,0.5736447140055996,0.6507693119301126,0.019064418987841256,0.01377536375447011,0.03139818006524773,0.009000052995131345,0.007018188475512974,0.011113838862505047,0.00045874973171566115,3.859958550865249e-05,0.002807970646159911
oulab,6,discrete_hazard,base_lr_weekly,27022,22,presentation,0.6001111145522868,0.5391187141131496,0.6583266330499751,0.012329120991957411,0.008981470218455818,0.01902811921551478,0.009025468548526216,0.007060015194319624,0.011119244850119375,0.0016803973233406877,9.483109438671017e-05,0.004605477179075495
oulab,6,discrete_hazard,base_rf_entropy,27022,22,presentation,0.6696749121285656,0.6260755137452911,0.7156957985243257,0.020056222574838044,0.015159608058845071,0.02640490838759785,0.013647866549400606,0.011990406230466849,0.015531567083733136,0.04968692025846903,0.04396365760900575,0.056538769264474396
oulab,6,discrete_hazard,base_rf_gini,27022,22,presentation,0.6714592123513109,0.6302862666126549,0.7165998482319823,0.0196139383572857,0.015067236579484573,0.025661578400085126,0.013794735272946786,0.012096940575829043,0.015691796218157122,0.04996244687276511,0.04415574825615281,0.05681474505987254
oulab,6,discrete_hazard,base_svm,27022,22,presentation,0.6583547091072943,0.5988229076614678,0.7130679953466259,0.013968420757402691,0.00998214330992201,0.020293342275888873,0.00904024874352514,0.007042553798630786,0.011135457900524667,0.0010721701720193698,0.00010175686300080127,0.0034018650018683735
oulab,6,discrete_hazard,flat_hgb,27022,22,presentation,0.6820144875522554,0.6151233294233538,0.7364315676736032,0.020011611063205627,0.012063279475197157,0.0299935559075283,0.008983031735195499,0.007036093483685798,0.011058125194916188,0.000744143155451793,3.193886734269754e-05,0.003345544597198789
oulab,6,discrete_hazard,stack_7_full,27022,22,presentation,0.7512553712704739,0.7117312555371889,0.7950286012014097,0.03788265676390003,0.025956983077101797,0.05153928014029336,0.008894409001940648,0.006946655582164611,0.010926964052567531,7.192865826624477e-05,8.094519556952573e-05,0.0022328314555091202
oulab,6,discrete_hazard,temporal_hgb,27022,22,presentation,0.637012107068337,0.5762024451693749,0.6923859739115695,0.016018208608780594,0.010704225808253113,0.027118131639108804,0.009005141754963223,0.007038712610197844,0.011110996088075153,0.0007073233295734616,5.2577407558457165e-05,0.0036568572667638136
oulab,8,discrete_hazard,base_dffnn,26523,22,presentation,0.7524042603503329,0.71413375442501,0.7849792805146758,0.026425014190629044,0.01670799755740214,0.045102905012703386,0.008530325638334921,0.006605268361698191,0.010148215927769925,0.0011395837553368482,5.4085527240846917e-05,0.003046583123889327
oulab,8,discrete_hazard,base_knn,26523,22,presentation,0.6119813671683156,0.5675018518261462,0.653068260388329,0.01351022835910974,0.009476043819382147,0.01877403477331249,0.008720350488255476,0.006838739848558331,0.010303995649963413,0.0004337367567771774,0.00018149356477662612,0.003013667499166072
oulab,8,discrete_hazard,base_lr_clickstream,26523,22,presentation,0.6973864758184936,0.6299053090014948,0.7525726480712571,0.015031098915061367,0.009501103032760852,0.024553493420316572,0.00862802133081755,0.0066908063614384465,0.010266078650157412,0.0007058735140060947,0.00010825707651308828,0.002930369277152315
oulab,8,discrete_hazard,base_lr_profile,26523,22,presentation,0.6106173076318874,0.5613300937359929,0.6598666774979616,0.014550990782933076,0.009766017283744894,0.020885970348435198,0.008584171400789787,0.006650276750261734,0.010219236336111158,0.0003798476367608944,3.8907212603123154e-05,0.0021944205041238528
oulab,8,discrete_hazard,base_lr_weekly,26523,22,presentation,0.7195151958117469,0.6651180461642008,0.7684509671267699,0.017106392605926526,0.01134180456800777,0.02611573554245468,0.008560260465476867,0.006636544183140652,0.010181274824635418,0.0005559440560519713,4.9620148328196076e-05,0.002867104291716612
oulab,8,discrete_hazard,base_rf_entropy,26523,22,presentation,0.7804351960101796,0.7397546040618161,0.8137687662709051,0.025416954879782207,0.016512327827266325,0.0364379244922392,0.011843914486356976,0.010373214842662895,0.013183038607828186,0.037110983989684744,0.03206239138910886,0.04214547276701858
oulab,8,discrete_hazard,base_rf_gini,26523,22,presentation,0.7799399410324124,0.7387801652442889,0.8134003438847063,0.02559523715545923,0.016738949649440307,0.03661920749248827,0.011916219873707572,0.010439359778988043,0.013272207236882235,0.03742215106749756,0.03253207399428979,0.042293691763552854
oulab,8,discrete_hazard,base_svm,26523,22,presentation,0.7025718533119247,0.6385865586055363,0.7559261789880048,0.015186970422690727,0.00980128821339191,0.02524156867524538,0.008614464821700397,0.006667860737856626,0.010253073913491164,0.0012957234245396239,0.00013244524627756304,0.0031799020322657405
oulab,8,discrete_hazard,flat_hgb,26523,22,presentation,0.720910673860955,0.658446830491093,0.7719258815873048,0.017633004813355533,0.011629824367018014,0.02618885220629824,0.008559799532567455,0.006647549070418689,0.010174471099420967,2.439320791025601e-05,3.590631919856392e-05,0.0029183389859446084
oulab,8,discrete_hazard,stack_7_full,26523,22,presentation,0.8085935420073783,0.77060666305696,0.8428958597670407,0.03508280619711239,0.02481182237316959,0.05070796342863432,0.008475733872293235,0.006564130580175702,0.010067946314500737,0.00041873334449682074,6.517136200507662e-05,0.0022725339263500594
oulab,8,discrete_hazard,temporal_hgb,26523,22,presentation,0.7562567487792256,0.708132933780994,0.7967623737719787,0.0203059605240007,0.01404361568615199,0.028304660633127785,0.008538912249814012,0.006621208299716291,0.010158917447675657,0.00012035415440032483,4.777109464481248e-05,0.0028240973333993917
oulab,10,discrete_hazard,base_dffnn,26075,22,presentation,0.7315891649987357,0.671328880291794,0.7810164539585709,0.022236450561152723,0.01380611702524153,0.03725844398912969,0.007679473713519617,0.005891373777246908,0.009809482529887717,0.00020175342996018236,3.481545224820316e-05,0.0026588508983107213
oulab,10,discrete_hazard,base_knn,26075,22,presentation,0.6060028187271326,0.5483185676335828,0.6610313538935669,0.012562318738459229,0.0079477450287646,0.019531172747300662,0.007805935800575263,0.006026937948973729,0.009918316304374813,0.000873173537871451,0.00012459395805173275,0.003610027164342988
oulab,10,discrete_hazard,base_lr_clickstream,26075,22,presentation,0.6934645667492254,0.6311411146828636,0.7461824891339839,0.014685483804809867,0.01004961501430882,0.02184330381458492,0.0077603884958887944,0.005941606194451745,0.009921484377890992,0.00044692981070869765,0.00011379151332493523,0.002935973067747841
oulab,10,discrete_hazard,base_lr_profile,26075,22,presentation,0.5308038855936463,0.492270197686687,0.5827557234639574,0.010801228099626414,0.00806990940890674,0.01644576877148239,0.00772637736695111,0.005914023083254092,0.009876769607947434,0.00018885345538775184,4.126440809861774e-05,0.0025478727934388126
oulab,10,discrete_hazard,base_lr_weekly,26075,22,presentation,0.7181745067037115,0.6525921592828736,0.7719205150421031,0.020199223708943094,0.013913314976536018,0.032215039898844264,0.0076837124360038585,0.005904715454303674,0.009801764863259354,0.00026458169747400895,3.744628897737211e-05,0.0028736015671520457
oulab,10,discrete_hazard,base_rf_entropy,26075,22,presentation,0.7428494124922695,0.6840102039676326,0.7892995433156642,0.020090455979428427,0.012067705021299743,0.03242006327221901,0.010256457400416096,0.008808392917440528,0.011858140454935225,0.03325512095975878,0.02944527253221774,0.037155107666612855
oulab,10,discrete_hazard,base_rf_gini,26075,22,presentation,0.7398338085794103,0.6818075835500356,0.785548632976462,0.01992197615192695,0.012027315057599432,0.03233307518942095,0.010320137621437537,0.00888613788079511,0.011928926438941329,0.033572859274286763,0.02979361132388128,0.03734230464869705
oulab,10,discrete_hazard,base_svm,26075,22,presentation,0.6941528738678633,0.637230460342148,0.7467502416628612,0.014586797236403107,0.009956147330503056,0.02161140337870389,0.007749371089331289,0.005927429773020422,0.009889702353596735,0.0008417507690671033,0.00010694313291929972,0.0031997691871449496
oulab,10,discrete_hazard,flat_hgb,26075,22,presentation,0.7116636735303168,0.644261300282002,0.7665410504552248,0.017361111501953026,0.010418901055408701,0.030372072049117228,0.007692645536979125,0.005902340474630162,0.009804973081820278,1.2422232768760644e-05,3.9638583996535215e-05,0.002903182646353426
oulab,10,discrete_hazard,stack_7_full,26075,22,presentation,0.787971704579727,0.7319624181100403,0.8291903970366926,0.03152005454836786,0.020044315120652835,0.0512621261478294,0.007628057656611843,0.00585995630968805,0.0097417708532946,0.0002702063307253341,7.666650963175328e-05,0.0025688666838723823
oulab,10,discrete_hazard,temporal_hgb,26075,22,presentation,0.750465916326226,0.6852095084855846,0.7989593099409259,0.025132260942802714,0.015577693586652602,0.039621313289255694,0.007662309658113618,0.0058820990841725995,0.009788718307297549,0.00013458283352285605,3.761611019267076e-05,0.0025558974002829753
oulab,12,discrete_hazard,base_dffnn,25729,22,presentation,0.7046261936501269,0.6552734381431135,0.7453683851873205,0.017096499188950884,0.010313532169088717,0.028329845492873817,0.006587350499937648,0.004589926866675485,0.008653768873983348,0.0016704805086792246,0.00011298221004065526,0.004044727214579841
oulab,12,discrete_hazard,base_knn,25729,22,presentation,0.6189419410225749,0.5601259570047638,0.6673509283484708,0.011046162466238857,0.007160657885144441,0.019562670586413686,0.006673159158925726,0.004675339929885382,0.008742969568984441,0.00045256325547049373,5.38337516501712e-05,0.002746327318749154
oulab,12,discrete_hazard,base_lr_clickstream,25729,22,presentation,0.6557770904293365,0.6008623592453732,0.7058238436888574,0.011029310357346292,0.0071017155155650045,0.01690875803758248,0.0066708513200141725,0.0046673135924886365,0.008765058542106569,0.0013656908612554408,0.00018348891195519952,0.003890360485884487
oulab,12,discrete_hazard,base_lr_profile,25729,22,presentation,0.6408231432325239,0.5876604137231567,0.691983777461151,0.011507354555809228,0.0077000349247679485,0.016579557959818178,0.006595386358575845,0.004575203877728391,0.008692644051467248,0.0010450070360938138,5.680365022641523e-05,0.0030100913673884906
oulab,12,discrete_hazard,base_lr_weekly,25729,22,presentation,0.6524165423078525,0.5867061431123866,0.7116279529221415,0.01045425031460158,0.006475925313829894,0.0162707211388188,0.006621691445086706,0.004618752387930493,0.008701452301936178,0.002328787954295475,0.0001917751559546856,0.005126251660590158
oulab,12,discrete_hazard,base_rf_entropy,25729,22,presentation,0.689757364169743,0.626592840756791,0.7446316360938637,0.012888657229736207,0.00785491631204037,0.02145653314725295,0.008961646752083266,0.007173238031244531,0.010820245323340067,0.03368910069450301,0.03016689720333363,0.03766048785815857
oulab,12,discrete_hazard,base_rf_gini,25729,22,presentation,0.6811417123030338,0.6104618597454974,0.7422345997518837,0.012624023870449821,0.00756079069902172,0.020840212282466523,0.008979058856964577,0.007191515534782201,0.010818766197136277,0.03399009686969152,0.030584140689977408,0.03778781332096037
oulab,12,discrete_hazard,base_svm,25729,22,presentation,0.6671666188451539,0.6154055447625074,0.7123806689831508,0.011168315455445894,0.0071267694606079734,0.0176523354525526,0.006642689034357101,0.004632483681063543,0.008740375959782528,0.0008169702598896668,0.00011716727974715156,0.0031190386713348096
oulab,12,discrete_hazard,flat_hgb,25729,22,presentation,0.7298976894200968,0.6724446996831474,0.7849079935649493,0.01767235395171397,0.011523019702393531,0.02877658376259381,0.006569878482352753,0.004567177016480465,0.008659949360254665,0.0009098835581335951,4.2696902071708996e-05,0.003209978079814068
oulab,12,discrete_hazard,stack_7_full,25729,22,presentation,0.7795684531777052,0.7444592666822256,0.8119096407280059,0.022093377585652933,0.015199883719223524,0.031794926274491,0.006555624050111778,0.0045552665700053455,0.00863482199282162,0.0011247234192759926,7.492390163684792e-05,0.0031197276552344406
oulab,12,discrete_hazard,temporal_hgb,25729,22,presentation,0.6847755752424596,0.6213462832539394,0.7391812475831412,0.01508593664152901,0.009002418682815467,0.0235852246226155,0.006581587382234115,0.004569597699007082,0.008679758605831353,0.000578673405871144,3.71232218811396e-05,0.002832520503473017
oulab,14,discrete_hazard,base_dffnn,25354,22,presentation,0.7064963844392924,0.6667891968270937,0.7416574954089356,0.018973418739889836,0.013777594217066026,0.026404551830191383,0.00849654376182582,0.006751329949407612,0.010196035117182745,0.0011198234900459425,6.455233377043855e-05,0.0031542899003739696
oulab,14,discrete_hazard,base_knn,25354,22,presentation,0.6098047721313486,0.5784679407132957,0.636978654453126,0.013412497810505476,0.010508620710834707,0.017703552444907008,0.008588720990770687,0.006840743036269712,0.010290804218405763,0.0013482685177880426,9.342983537365223e-05,0.003092495507928188
oulab,14,discrete_hazard,base_lr_clickstream,25354,22,presentation,0.6722557726335706,0.6277874419340685,0.715133314736356,0.015163347666619881,0.011131380118835436,0.021143287717218726,0.008582191660549056,0.0068397425485810055,0.010295101647721662,0.0007866624338626556,0.00014514351981611762,0.002795951104042452
oulab,14,discrete_hazard,base_lr_profile,25354,22,presentation,0.571064509983123,0.5308997986524073,0.6207279463280941,0.011269807812603106,0.009028378968686126,0.014179274671008539,0.008524980075460703,0.006752768137192879,0.010242892392769036,0.0012014029974621479,7.230523494245574e-05,0.002963025613882103
oulab,14,discrete_hazard,base_lr_weekly,25354,22,presentation,0.6609778584317825,0.610669589001943,0.7110248405858548,0.013776387683479826,0.01042278916582733,0.019726750674444026,0.008542409589415732,0.006817726277375597,0.010232321197156847,0.00024318612734083221,5.5506341831486016e-05,0.003607405668740356
oulab,14,discrete_hazard,base_rf_entropy,25354,22,presentation,0.6977573194482566,0.6594022808898206,0.7343475471770864,0.01698700599479807,0.013173965915744915,0.022694576337842744,0.010461873252590835,0.008846870265013537,0.012063151471970422,0.029956112164501433,0.026537720959132493,0.03391714317322187
oulab,14,discrete_hazard,base_rf_gini,25354,22,presentation,0.6768023237989009,0.634631561966976,0.7169581430922165,0.01602328998861253,0.012325617061087675,0.02119584889082542,0.010466587623536165,0.008860027186615884,0.012071068896513567,0.03020267267955295,0.027061125596160224,0.033667293238853035
oulab,14,discrete_hazard,base_svm,25354,22,presentation,0.6736516652164518,0.6316250232428556,0.7158110732755776,0.015490843617961233,0.011707180542154638,0.0211921439570848,0.008558857606717294,0.006798651530896149,0.010276600508800724,0.001325453462401215,0.0001397350969167116,0.003138414975420176
oulab,14,discrete_hazard,flat_hgb,25354,22,presentation,0.7383709683541717,0.6972967014120299,0.7725862912361542,0.022812377530420817,0.016922458419854403,0.03136000972538194,0.008468457107253358,0.006728639340082108,0.010163531400489615,0.0007350035735463889,3.755337111968347e-05,0.0023357494364636194
oulab,14,discrete_hazard,stack_7_full,25354,22,presentation,0.7946536894340658,0.7492652808284482,0.8337370751501195,0.036683261257908606,0.0281212855008234,0.047456984964142274,0.008403189424126413,0.006678882999109762,0.010083743237145008,0.0007642570802250774,0.0001069206924180603,0.0019542579182506006
oulab,14,discrete_hazard,temporal_hgb,25354,22,presentation,0.7187593071671757,0.6759947079317363,0.7590373097762245,0.020576335873080477,0.01509886408083803,0.02864542832305517,0.008482518551800945,0.006737440146987679,0.010179235722211414,0.00048447183928858984,6.290194292306824e-05,0.0026668374467964033
oulab,16,discrete_hazard,base_dffnn,24939,22,presentation,0.7353467331134954,0.6904600847683633,0.7729114644417919,0.015069271091109074,0.011077791746193387,0.020172137522375542,0.006047124168330949,0.004672435424229745,0.007486928461623767,0.00036454944507735565,2.7709681134428623e-05,0.0016803713807311711
oulab,16,discrete_hazard,base_knn,24939,22,presentation,0.6029147282212874,0.5586411850736963,0.639293114472005,0.010678061296698604,0.007085674743150196,0.01646511968598266,0.006108513091944344,0.004738558071835344,0.007539139080126412,0.0002988090941897781,3.074263428062017e-05,0.001864170446697802
oulab,16,discrete_hazard,base_lr_clickstream,24939,22,presentation,0.6727425560512408,0.6273863917121066,0.7079618843383874,0.009903046116339596,0.007313050767949476,0.013840370936140448,0.006156419300973583,0.004765887500073975,0.007614013044698316,0.0019929924064158123,0.00044206063637368517,0.003872054301308478
oulab,16,discrete_hazard,base_lr_profile,24939,22,presentation,0.5743578711676112,0.5091582738440532,0.6363808116214666,0.008382436622708834,0.0065126463412073805,0.0110111365788193,0.006061660441955798,0.004674604526376792,0.007516858565415549,0.001046666104816281,6.85063710275713e-05,0.0024537892876771547
oulab,16,discrete_hazard,base_lr_weekly,24939,22,presentation,0.6853775748323081,0.6461318705479419,0.718580805013452,0.012074451504359183,0.0097609746568725,0.01601171802287834,0.006081912928343813,0.0047184295497927084,0.007528388622606895,0.0012286823718044165,6.590458842764654e-05,0.003296980147303634
oulab,16,discrete_hazard,base_rf_entropy,24939,22,presentation,0.7032819623189575,0.6576842970810952,0.744024420754087,0.011790562519830811,0.008863177804311676,0.016145987143518167,0.0076725720970508655,0.0063957589814705,0.009004434362386078,0.027299799293207104,0.02498442516109208,0.029982323907315405
oulab,16,discrete_hazard,base_rf_gini,24939,22,presentation,0.689670996893533,0.6416806599902285,0.7367391926056339,0.011144764415646397,0.008362199443173231,0.01599299944504661,0.007641127444334633,0.0063571528039373945,0.008981484419822347,0.028196560418014254,0.025953216966317975,0.030672649497278187
oulab,16,discrete_hazard,base_svm,24939,22,presentation,0.6729177327673886,0.630390308043659,0.7073484300369159,0.00990977979256764,0.007634475548779726,0.013263707256703247,0.006116269531930627,0.004730389120751638,0.007578405410600323,0.0014139776460383921,0.0002169208894781686,0.003068020465662651
oulab,16,discrete_hazard,flat_hgb,24939,22,presentation,0.7105721006130123,0.6594889329295247,0.7542792021198235,0.01575816501845363,0.011289202691813785,0.02924772660262394,0.006036577939887906,0.004655409906364691,0.007467017102858602,0.0006355573195651054,4.2379493484192416e-05,0.002096447804489742
oulab,16,discrete_hazard,stack_7_full,24939,22,presentation,0.7877160778251757,0.7437118203933979,0.8203938871815889,0.024369962960121012,0.01801251755205695,0.03744090131323746,0.006008271522722977,0.00465598357391779,0.007428598971841523,0.0011171524051464576,9.638145017955232e-05,0.00241532396485041
oulab,16,discrete_hazard,temporal_hgb,24939,22,presentation,0.7400540765214363,0.6974895918621282,0.7755017184039383,0.01483444613852588,0.010940310019052622,0.021511018269596234,0.0060415709610728546,0.004668816295283064,0.007484693726356337,0.00020748007310333882,2.409864926173047e-05,0.0017605757839581247
