dataset,week,attribute,group,observability,n,share,risk_rate
oulab,2,gender,F,eligible_active,11139,0.43804317904754414,0.4014723045156657
oulab,2,gender,M,eligible_active,14290,0.5619568209524558,0.44072778166550036
oulab,2,gender,F,eligible_silent,1437,0.5443181818181818,0.6910229645093946
oulab,2,gender,M,eligible_silent,1203,0.4556818181818182,0.7855361596009975
oulab,2,region,East Anglian Region,eligible_active,2597,0.10212749223327697,0.4023873700423566
oulab,2,region,East Midlands Region,eligible_active,1799,0.07074599866294388,0.42745969983324067
oulab,2,region,Ireland,eligible_active,999,0.039285854732785404,0.3923923923923924
oulab,2,region,London Region,eligible_active,2313,0.0909591411380707,0.44574146130566367
oulab,2,region,North Region,eligible_active,1455,0.057218136772975735,0.38694158075601376
oulab,2,region,North Western Region,eligible_active,2164,0.08509968933107868,0.4856746765249538
oulab,2,region,Scotland,eligible_active,2882,0.11333516850839592,0.44031922276197083
oulab,2,region,South East Region,eligible_active,1647,0.06476857131621377,0.3679417122040073
oulab,2,region,South Region,eligible_active,2445,0.09615006488654686,0.36973415132924337
oulab,2,region,South West Region,eligible_active,1913,0.07522906917299146,0.3920543648719289
oulab,2,region,Wales,eligible_active,1747,0.06870108930748359,0.48483113909559244
oulab,2,region,West Midlands Region,eligible_active,1936,0.07613354831098353,0.45041322314049587
oulab,2,region,Yorkshire Region,eligible_active,1532,0.06024617562625349,0.43798955613577023
oulab,2,region,East Anglian Region,eligible_silent,258,0.09772727272727273,0.6937984496124031
oulab,2,region,East Midlands Region,eligible_silent,168,0.06363636363636363,0.6964285714285714
oulab,2,region,Ireland,eligible_silent,116,0.04393939393939394,0.6982758620689655
oulab,2,region,London Region,eligible_silent,323,0.12234848484848485,0.7523219814241486
oulab,2,region,North Region,eligible_silent,112,0.04242424242424243,0.7678571428571429
oulab,2,region,North Western Region,eligible_silent,229,0.08674242424242425,0.759825327510917
oulab,2,region,Scotland,eligible_silent,311,0.1178030303030303,0.7652733118971061
oulab,2,region,South East Region,eligible_silent,153,0.05795454545454545,0.7189542483660131
oulab,2,region,South Region,eligible_silent,230,0.08712121212121213,0.6652173913043479
oulab,2,region,South West Region,eligible_silent,180,0.06818181818181818,0.7222222222222222
oulab,2,region,Wales,eligible_silent,197,0.07462121212121212,0.7868020304568528
oulab,2,region,West Midlands Region,eligible_silent,197,0.07462121212121212,0.7360406091370558
oulab,2,region,Yorkshire Region,eligible_silent,166,0.06287878787878788,0.7650602409638554
oulab,2,highest_education,A Level or Equivalent,eligible_active,11217,0.4411105430807346,0.3774627797093697
oulab,2,highest_education,HE Qualification,eligible_active,3898,0.1532895512996972,0.3435094920472037
oulab,2,highest_education,Lower Than A Level,eligible_active,9802,0.3854654135042668,0.508161599673536
oulab,2,highest_education,No Formal quals,eligible_active,234,0.009202092099571355,0.5769230769230769
oulab,2,highest_education,Post Graduate Qualification,eligible_active,278,0.010932400015730072,0.29136690647482016
oulab,2,highest_education,A Level or Equivalent,eligible_silent,1022,0.38712121212121214,0.6917808219178082
oulab,2,highest_education,HE Qualification,eligible_silent,313,0.11856060606060606,0.7028753993610224
oulab,2,highest_education,Lower Than A Level,eligible_silent,1252,0.47424242424242424,0.7747603833865815
oulab,2,highest_education,No Formal quals,eligible_silent,38,0.014393939393939395,0.8947368421052632
oulab,2,highest_education,Post Graduate Qualification,eligible_silent,15,0.005681818181818182,0.4666666666666667
oulab,2,imd_band,0-10%,eligible_active,2375,0.09339730229265798,0.536
oulab,2,imd_band,10-20,eligible_active,2564,0.10082976129615794,0.49882995319812795
oulab,2,imd_band,20-30%,eligible_active,2723,0.10708246490227692,0.4869629085567389
oulab,2,imd_band,30-40%,eligible_active,2765,0.10873412245861025,0.42495479204339964
oulab,2,imd_band,40-50%,eligible_active,2517,0.09898147784026112,0.42709574890742946
oulab,2,imd_band,50-60%,eligible_active,2477,0.0974084706437532,0.41865159467097296
oulab,2,imd_band,60-70%,eligible_active,2338,0.09194227063588815,0.3823781009409752
oulab,2,imd_band,70-80%,eligible_active,2346,0.09225687207518975,0.4011082693947144
oulab,2,imd_band,80-90%,eligible_active,2219,0.08726257422627709,0.35646687697160884
oulab,2,imd_band,90-100%,eligible_active,2112,0.08305477997561839,0.3319128787878788
oulab,2,imd_band,nan,eligible_active,993,0.039049903653309216,0.2799597180261833
oulab,2,imd_band,0-10%,eligible_silent,333,0.12613636363636363,0.8198198198198198
oulab,2,imd_band,10-20,eligible_silent,328,0.12424242424242424,0.7804878048780488
oulab,2,imd_band,20-30%,eligible_silent,338,0.12803030303030302,0.7366863905325444
oulab,2,imd_band,30-40%,eligible_silent,290,0.10984848484848485,0.7689655172413793
oulab,2,imd_band,40-50%,eligible_silent,256,0.09696969696969697,0.7109375
oulab,2,imd_band,50-60%,eligible_silent,264,0.1,0.6856060606060606
oulab,2,imd_band,60-70%,eligible_silent,224,0.08484848484848485,0.7321428571428571
oulab,2,imd_band,70-80%,eligible_silent,204,0.07727272727272727,0.6372549019607843
oulab,2,imd_band,80-90%,eligible_silent,202,0.07651515151515151,0.6881188118811881
oulab,2,imd_band,90-100%,eligible_silent,157,0.05946969696969697,0.6942675159235668
oulab,2,imd_band,nan,eligible_silent,44,0.016666666666666666,0.7272727272727273
oulab,2,age_band,0-35,eligible_active,17732,0.6973140902119627,0.44461989623279946
oulab,2,age_band,35-55,eligible_active,7510,0.29533210114436276,0.3764314247669774
oulab,2,age_band,55<=,eligible_active,187,0.007353808643674545,0.3155080213903743
oulab,2,age_band,0-35,eligible_silent,1853,0.7018939393939394,0.7458175930922828
oulab,2,age_band,35-55,eligible_silent,776,0.29393939393939394,0.7087628865979382
oulab,2,age_band,55<=,eligible_silent,11,0.004166666666666667,0.5454545454545454
oulab,2,disability,N,eligible_active,23038,0.9059734948287388,0.41318690858581475
oulab,2,disability,Y,eligible_active,2391,0.09402650517126115,0.5232120451693852
oulab,2,disability,N,eligible_silent,2354,0.8916666666666667,0.72982158028887
oulab,2,disability,Y,eligible_silent,286,0.10833333333333334,0.7692307692307693
oulab,4,gender,F,eligible_active,11747,0.44509699909063355,0.4035924065718907
oulab,4,gender,M,eligible_active,14645,0.5549030009093665,0.4406282007511096
oulab,4,gender,F,eligible_silent,616,0.5389326334208224,0.8068181818181818
oulab,4,gender,M,eligible_silent,527,0.46106736657917763,0.8823529411764706
oulab,4,region,East Anglian Region,eligible_active,2693,0.10203849651409518,0.40252506498329
oulab,4,region,East Midlands Region,eligible_active,1852,0.07017277963019097,0.42332613390928725
oulab,4,region,Ireland,eligible_active,1062,0.040239466505001514,0.3898305084745763
oulab,4,region,London Region,eligible_active,2451,0.09286905122764474,0.452468380252958
oulab,4,region,North Region,eligible_active,1480,0.05607759927250682,0.38175675675675674
oulab,4,region,North Western Region,eligible_active,2232,0.08457108214610488,0.48342293906810035
oulab,4,region,Scotland,eligible_active,3020,0.11442861473173689,0.4460264900662252
oulab,4,region,South East Region,eligible_active,1693,0.06414822673537436,0.3685764914353219
oulab,4,region,South Region,eligible_active,2532,0.09593816307972113,0.36808846761453395
oulab,4,region,South West Region,eligible_active,1969,0.0746059411943013,0.39106145251396646
oulab,4,region,Wales,eligible_active,1831,0.06937708396483783,0.4882577826324413
oulab,4,region,West Midlands Region,eligible_active,1994,0.07555319793876933,0.4498495486459378
oulab,4,region,Yorkshire Region,eligible_active,1583,0.05998029705971507,0.4390397978521794
oulab,4,region,East Anglian Region,eligible_silent,114,0.09973753280839895,0.7807017543859649
oulab,4,region,East Midlands Region,eligible_silent,72,0.06299212598425197,0.8194444444444444
oulab,4,region,Ireland,eligible_silent,44,0.03849518810148731,0.9545454545454546
oulab,4,region,London Region,eligible_silent,124,0.1084864391951006,0.8387096774193549
oulab,4,region,North Region,eligible_silent,51,0.04461942257217848,0.9019607843137255
oulab,4,region,North Western Region,eligible_silent,104,0.09098862642169729,0.8557692307692307
oulab,4,region,Scotland,eligible_silent,141,0.12335958005249344,0.900709219858156
oulab,4,region,South East Region,eligible_silent,75,0.06561679790026247,0.7866666666666666
oulab,4,region,South Region,eligible_silent,91,0.07961504811898512,0.7802197802197802
oulab,4,region,South West Region,eligible_silent,81,0.07086614173228346,0.8271604938271605
oulab,4,region,Wales,eligible_silent,79,0.06911636045494313,0.9367088607594937
oulab,4,region,West Midlands Region,eligible_silent,95,0.0831146106736658,0.7894736842105263
oulab,4,region,Yorkshire Region,eligible_silent,72,0.06299212598425197,0.8333333333333334
oulab,4,highest_education,A Level or Equivalent,eligible_active,11656,0.44164898454076995,0.3798901853122855
oulab,4,highest_education,HE Qualification,eligible_active,4032,0.15277356774780237,0.34424603174603174
oulab,4,highest_education,Lower Than A Level,eligible_active,10182,0.38579872688693545,0.5068748772343351
oulab,4,highest_education,No Formal quals,eligible_active,239,0.009055774477114278,0.5732217573221757
oulab,4,highest_education,Post Graduate Qualification,eligible_active,283,0.010722946347377993,0.2826855123674912
oulab,4,highest_education,A Level or Equivalent,eligible_silent,384,0.3359580052493438,0.7994791666666666
oulab,4,highest_education,HE Qualification,eligible_silent,116,0.10148731408573929,0.896551724137931
oulab,4,highest_education,Lower Than A Level,eligible_silent,617,0.5398075240594926,0.8557536466774717
oulab,4,highest_education,No Formal quals,eligible_silent,21,0.01837270341207349,0.9523809523809523
oulab,4,highest_education,Post Graduate Qualification,eligible_silent,5,0.004374453193350831,0.6
oulab,4,imd_band,0-10%,eligible_active,2482,0.09404364959078508,0.5386784850926672
oulab,4,imd_band,10-20,eligible_active,2679,0.10150803273719308,0.5001866368047779
oulab,4,imd_band,20-30%,eligible_active,2842,0.10768414671112458,0.4827586206896552
oulab,4,imd_band,30-40%,eligible_active,2867,0.1086314034555926,0.42797349145448205
oulab,4,imd_band,40-50%,eligible_active,2596,0.09836314034555926,0.4241140215716487
oulab,4,imd_band,50-60%,eligible_active,2598,0.0984389208851167,0.41839876828329486
oulab,4,imd_band,60-70%,eligible_active,2416,0.09154289178538952,0.3836920529801324
oulab,4,imd_band,70-80%,eligible_active,2432,0.09214913610184905,0.3980263157894737
oulab,4,imd_band,80-90%,eligible_active,2295,0.0869581691421643,0.35904139433551197
oulab,4,imd_band,90-100%,eligible_active,2176,0.08244922703849651,0.33547794117647056
oulab,4,imd_band,nan,eligible_active,1009,0.03823128220672931,0.27849355797819625
oulab,4,imd_band,0-10%,eligible_silent,167,0.14610673665791776,0.8922155688622755
oulab,4,imd_band,10-20,eligible_silent,148,0.1294838145231846,0.8716216216216216
oulab,4,imd_band,20-30%,eligible_silent,141,0.12335958005249344,0.8723404255319149
oulab,4,imd_band,30-40%,eligible_silent,131,0.11461067366579178,0.8549618320610687
oulab,4,imd_band,40-50%,eligible_silent,117,0.10236220472440945,0.811965811965812
oulab,4,imd_band,50-60%,eligible_silent,90,0.07874015748031496,0.8555555555555555
oulab,4,imd_band,60-70%,eligible_silent,96,0.08398950131233596,0.8020833333333334
oulab,4,imd_band,70-80%,eligible_silent,87,0.07611548556430446,0.7931034482758621
oulab,4,imd_band,80-90%,eligible_silent,83,0.0726159230096238,0.7469879518072289
oulab,4,imd_band,90-100%,eligible_silent,64,0.05599300087489064,0.796875
oulab,4,imd_band,nan,eligible_silent,19,0.016622922134733157,0.9473684210526315
oulab,4,age_band,0-35,eligible_active,18396,0.6970294028493483,0.44498804087845184
oulab,4,age_band,35-55,eligible_active,7806,0.2957714458926948,0.37804253138611327
oulab,4,age_band,55<=,eligible_active,190,0.007199151257956957,0.3
oulab,4,age_band,0-35,eligible_silent,781,0.6832895888013998,0.8476312419974392
oulab,4,age_band,35-55,eligible_silent,359,0.31408573928258965,0.8272980501392758
oulab,4,age_band,55<=,eligible_silent,3,0.0026246719160104987,1.0
oulab,4,disability,N,eligible_active,23910,0.905956350409215,0.41401087411125054
oulab,4,disability,Y,eligible_active,2482,0.09404364959078508,0.5217566478646253
oulab,4,disability,N,eligible_silent,1014,0.8871391076115486,0.8402366863905325
oulab,4,disability,Y,eligible_silent,129,0.11286089238845144,0.8527131782945736
oulab,6,gender,F,eligible_active,11692,0.4472325287839957,0.39728019158398903
oulab,6,gender,M,eligible_active,14451,0.5527674712160043,0.4313196318593869
oulab,6,gender,F,eligible_silent,476,0.5415244596131968,0.8340336134453782
oulab,6,gender,M,eligible_silent,403,0.45847554038680316,0.9106699751861043
oulab,6,region,East Anglian Region,eligible_active,2665,0.10193933366484337,0.3932457786116323
oulab,6,region,East Midlands Region,eligible_active,1834,0.07015262211681904,0.4149400218102508
oulab,6,region,Ireland,eligible_active,1049,0.04012546379527981,0.38036224976167776
oulab,6,region,London Region,eligible_active,2447,0.09360058141758788,0.44871270944013075
oulab,6,region,North Region,eligible_active,1467,0.05611444746203573,0.37491479209270623
oulab,6,region,North Western Region,eligible_active,2201,0.08419079677160234,0.47387551113130394
oulab,6,region,Scotland,eligible_active,3002,0.11482997360670161,0.4407061958694204
oulab,6,region,South East Region,eligible_active,1679,0.0642236927667062,0.35973793924955333
oulab,6,region,South Region,eligible_active,2512,0.09608690662892552,0.35947452229299365
oulab,6,region,South West Region,eligible_active,1958,0.0748957655969093,0.3855975485188968
oulab,6,region,Wales,eligible_active,1808,0.06915809203228397,0.48008849557522126
oulab,6,region,West Midlands Region,eligible_active,1962,0.07504877022529932,0.43883792048929665
oulab,6,region,Yorkshire Region,eligible_active,1559,0.05963355391500593,0.42655548428479795
oulab,6,region,East Anglian Region,eligible_silent,91,0.10352673492605233,0.8131868131868132
oulab,6,region,East Midlands Region,eligible_silent,58,0.06598407281001138,0.8620689655172413
oulab,6,region,Ireland,eligible_silent,37,0.04209328782707622,1.0
oulab,6,region,London Region,eligible_silent,85,0.09670079635949944,0.8470588235294118
oulab,6,region,North Region,eligible_silent,42,0.04778156996587031,0.9285714285714286
oulab,6,region,North Western Region,eligible_silent,81,0.09215017064846416,0.8765432098765432
oulab,6,region,Scotland,eligible_silent,106,0.12059158134243458,0.9245283018867925
oulab,6,region,South East Region,eligible_silent,50,0.05688282138794084,0.78
oulab,6,region,South Region,eligible_silent,67,0.07622298065984073,0.835820895522388
oulab,6,region,South West Region,eligible_silent,60,0.06825938566552901,0.8333333333333334
oulab,6,region,Wales,eligible_silent,69,0.07849829351535836,0.9710144927536232
oulab,6,region,West Midlands Region,eligible_silent,75,0.08532423208191127,0.7866666666666666
oulab,6,region,Yorkshire Region,eligible_silent,58,0.06598407281001138,0.896551724137931
oulab,6,highest_education,A Level or Equivalent,eligible_active,11560,0.44218337604712543,0.37214532871972317
oulab,6,highest_education,HE Qualification,eligible_active,4010,0.15338713996098383,0.3394014962593516
oulab,6,highest_education,Lower Than A Level,eligible_active,10057,0.3846918869295796,0.49766331908123695
oulab,6,highest_education,No Formal quals,eligible_active,238,0.009103775389205523,0.5714285714285714
oulab,6,highest_education,Post Graduate Qualification,eligible_active,278,0.010633821673105611,0.26618705035971224
oulab,6,highest_education,A Level or Equivalent,eligible_silent,288,0.32764505119453924,0.8368055555555556
oulab,6,highest_education,HE Qualification,eligible_silent,85,0.09670079635949944,0.9058823529411765
oulab,6,highest_education,Lower Than A Level,eligible_silent,486,0.552901023890785,0.8806584362139918
oulab,6,highest_education,No Formal quals,eligible_silent,17,0.019340159271899887,0.9411764705882353
oulab,6,highest_education,Post Graduate Qualification,eligible_silent,3,0.0034129692832764505,0.6666666666666666
oulab,6,imd_band,0-10%,eligible_active,2472,0.09455686034502543,0.5335760517799353
oulab,6,imd_band,10-20,eligible_active,2661,0.10178632903645335,0.4941751221345359
oulab,6,imd_band,20-30%,eligible_active,2805,0.10729449565849367,0.4741532976827095
oulab,6,imd_band,30-40%,eligible_active,2840,0.10863328615690625,0.4197183098591549
oulab,6,imd_band,40-50%,eligible_active,2568,0.09822897142638565,0.41394080996884736
oulab,6,imd_band,50-60%,eligible_active,2568,0.09822897142638565,0.4100467289719626
oulab,6,imd_band,60-70%,eligible_active,2396,0.09164977240561527,0.3760434056761269
oulab,6,imd_band,70-80%,eligible_active,2406,0.09203228397659029,0.3886118038237739
oulab,6,imd_band,80-90%,eligible_active,2272,0.086906628925525,0.3494718309859155
oulab,6,imd_band,90-100%,eligible_active,2157,0.08250774585931224,0.3273064441353732
oulab,6,imd_band,nan,eligible_active,998,0.03817465478330719,0.27054108216432865
oulab,6,imd_band,0-10%,eligible_silent,132,0.15017064846416384,0.9242424242424242
oulab,6,imd_band,10-20,eligible_silent,117,0.13310580204778158,0.8974358974358975
oulab,6,imd_band,20-30%,eligible_silent,117,0.13310580204778158,0.8888888888888888
oulab,6,imd_band,30-40%,eligible_silent,100,0.11376564277588168,0.89
oulab,6,imd_band,40-50%,eligible_silent,87,0.09897610921501707,0.8620689655172413
oulab,6,imd_band,50-60%,eligible_silent,68,0.07736063708759955,0.8676470588235294
oulab,6,imd_band,60-70%,eligible_silent,73,0.08304891922639362,0.821917808219178
oulab,6,imd_band,70-80%,eligible_silent,64,0.07281001137656427,0.8125
oulab,6,imd_band,80-90%,eligible_silent,63,0.07167235494880546,0.7777777777777778
oulab,6,imd_band,90-100%,eligible_silent,43,0.048919226393629126,0.813953488372093
oulab,6,imd_band,nan,eligible_silent,15,0.017064846416382253,0.9333333333333333
oulab,6,age_band,0-35,eligible_active,18213,0.6966683242168076,0.43683083511777304
oulab,6,age_band,35-55,eligible_active,7741,0.29610220709176455,0.3702364035654308
oulab,6,age_band,55<=,eligible_active,189,0.007229468691427916,0.2962962962962963
oulab,6,age_band,0-35,eligible_silent,599,0.6814562002275313,0.8797996661101837
oulab,6,age_band,35-55,eligible_silent,279,0.3174061433447099,0.8458781362007168
oulab,6,age_band,55<=,eligible_silent,1,0.0011376564277588168,1.0
oulab,6,disability,N,eligible_active,23693,0.9062846651111196,0.4061115097286118
oulab,6,disability,Y,eligible_active,2450,0.09371533488888038,0.5126530612244898
oulab,6,disability,N,eligible_silent,783,0.8907849829351536,0.8684546615581098
oulab,6,disability,Y,eligible_silent,96,0.10921501706484642,0.875
oulab,8,gender,F,eligible_active,11552,0.44830797888854396,0.38694598337950137
oulab,8,gender,M,eligible_active,14216,0.5516920211114561,0.4209341586944288
oulab,8,gender,F,eligible_silent,399,0.528476821192053,0.8847117794486216
oulab,8,gender,M,eligible_silent,356,0.47152317880794703,0.9382022471910112
oulab,8,region,East Anglian Region,eligible_active,2627,0.10194815274759392,0.3821850019033118
oulab,8,region,East Midlands Region,eligible_active,1805,0.070048121701335,0.4033240997229917
oulab,8,region,Ireland,eligible_active,1039,0.040321328779882024,0.37439846005774785
oulab,8,region,London Region,eligible_active,2422,0.09399254889785781,0.44095788604459124
oulab,8,region,North Region,eligible_active,1445,0.05607730518472524,0.36470588235294116
oulab,8,region,North Western Region,eligible_active,2153,0.08355324433405775,0.46028797027403623
oulab,8,region,Scotland,eligible_active,2962,0.11494877367277243,0.43214044564483456
oulab,8,region,South East Region,eligible_active,1661,0.06445979509469109,0.3479831426851294
oulab,8,region,South Region,eligible_active,2476,0.09608817137534927,0.34935379644588044
oulab,8,region,South West Region,eligible_active,1939,0.07524837007140639,0.3769984528107272
oulab,8,region,Wales,eligible_active,1778,0.06900031046258925,0.47075365579302586
oulab,8,region,West Midlands Region,eligible_active,1937,0.07517075442409189,0.42746515229736703
oulab,8,region,Yorkshire Region,eligible_active,1524,0.059143123253647935,0.4120734908136483
oulab,8,region,East Anglian Region,eligible_silent,82,0.10860927152317881,0.8414634146341463
oulab,8,region,East Midlands Region,eligible_silent,45,0.059602649006622516,0.9111111111111111
oulab,8,region,Ireland,eligible_silent,31,0.04105960264900662,1.0
oulab,8,region,London Region,eligible_silent,72,0.09536423841059603,0.8888888888888888
oulab,8,region,North Region,eligible_silent,36,0.04768211920529802,0.9444444444444444
oulab,8,region,North Western Region,eligible_silent,70,0.09271523178807947,0.9142857142857143
oulab,8,region,Scotland,eligible_silent,98,0.12980132450331125,0.9489795918367347
oulab,8,region,South East Region,eligible_silent,39,0.051655629139072845,0.9230769230769231
oulab,8,region,South Region,eligible_silent,52,0.06887417218543046,0.8269230769230769
oulab,8,region,South West Region,eligible_silent,53,0.07019867549668875,0.9056603773584906
oulab,8,region,Wales,eligible_silent,64,0.0847682119205298,0.984375
oulab,8,region,West Midlands Region,eligible_silent,63,0.08344370860927153,0.873015873015873
oulab,8,region,Yorkshire Region,eligible_silent,50,0.06622516556291391,0.92
oulab,8,highest_education,A Level or Equivalent,eligible_active,11424,0.443340577460416,0.3630952380952381
oulab,8,highest_education,HE Qualification,eligible_active,3958,0.15360136603539273,0.33021728145528045
oulab,8,highest_education,Lower Than A Level,eligible_active,9880,0.3834212977336231,0.48593117408906883
oulab,8,highest_education,No Formal quals,eligible_active,231,0.008964607264824589,0.5541125541125541
oulab,8,highest_education,Post Graduate Qualification,eligible_active,275,0.010672151505743558,0.2545454545454545
oulab,8,highest_education,A Level or Equivalent,eligible_silent,242,0.3205298013245033,0.8801652892561983
oulab,8,highest_education,HE Qualification,eligible_silent,73,0.09668874172185431,0.9178082191780822
oulab,8,highest_education,Lower Than A Level,eligible_silent,423,0.5602649006622517,0.9219858156028369
oulab,8,highest_education,No Formal quals,eligible_silent,15,0.019867549668874173,1.0
oulab,8,highest_education,Post Graduate Qualification,eligible_silent,2,0.0026490066225165563,1.0
oulab,8,imd_band,0-10%,eligible_active,2429,0.09426420366345856,0.5236722931247427
oulab,8,imd_band,10-20,eligible_active,2621,0.10171530580565041,0.4849294162533384
oulab,8,imd_band,20-30%,eligible_active,2759,0.10707078547035083,0.46429865893439654
oulab,8,imd_band,30-40%,eligible_active,2797,0.1085454827693263,0.4082946013585985
oulab,8,imd_band,40-50%,eligible_active,2538,0.09849425644209872,0.40583136327817176
oulab,8,imd_band,50-60%,eligible_active,2536,0.09841664079478422,0.40102523659305994
oulab,8,imd_band,60-70%,eligible_active,2356,0.09143123253647935,0.3624787775891341
oulab,8,imd_band,70-80%,eligible_active,2369,0.0919357342440236,0.3752638243984804
oulab,8,imd_band,80-90%,eligible_active,2246,0.08716237193418193,0.3397150489759573
oulab,8,imd_band,90-100%,eligible_active,2130,0.08266066438994102,0.31784037558685446
oulab,8,imd_band,nan,eligible_active,987,0.03830332194970506,0.2613981762917933
oulab,8,imd_band,0-10%,eligible_silent,120,0.15894039735099338,0.95
oulab,8,imd_band,10-20,eligible_silent,105,0.1390728476821192,0.9238095238095239
oulab,8,imd_band,20-30%,eligible_silent,102,0.13509933774834437,0.9019607843137255
oulab,8,imd_band,30-40%,eligible_silent,86,0.11390728476821192,0.9418604651162791
oulab,8,imd_band,40-50%,eligible_silent,74,0.09801324503311258,0.8783783783783784
oulab,8,imd_band,50-60%,eligible_silent,54,0.07152317880794702,0.9074074074074074
oulab,8,imd_band,60-70%,eligible_silent,64,0.0847682119205298,0.90625
oulab,8,imd_band,70-80%,eligible_silent,50,0.06622516556291391,0.94
oulab,8,imd_band,80-90%,eligible_silent,52,0.06887417218543046,0.8076923076923077
oulab,8,imd_band,90-100%,eligible_silent,36,0.04768211920529802,0.8333333333333334
oulab,8,imd_band,nan,eligible_silent,12,0.015894039735099338,1.0
oulab,8,age_band,0-35,eligible_active,17933,0.6959407016454517,0.4264205654380193
oulab,8,age_band,35-55,eligible_active,7651,0.2969186588016144,0.3602143510652202
oulab,8,age_band,55<=,eligible_active,184,0.007140639552933871,0.27717391304347827
oulab,8,age_band,0-35,eligible_silent,522,0.6913907284768211,0.9157088122605364
oulab,8,age_band,35-55,eligible_silent,232,0.3072847682119205,0.896551724137931
oulab,8,age_band,55<=,eligible_silent,1,0.0013245033112582781,1.0
oulab,8,disability,N,eligible_active,23366,0.9067836075752872,0.39591714456903193
oulab,8,disability,Y,eligible_active,2402,0.09321639242471282,0.5008326394671108
oulab,8,disability,N,eligible_silent,674,0.8927152317880794,0.9094955489614244
oulab,8,disability,Y,eligible_silent,81,0.10728476821192053,0.9135802469135802
oulab,10,gender,F,eligible_active,11454,0.4503774771940862,0.3791688493102846
oulab,10,gender,M,eligible_active,13978,0.5496225228059138,0.4102875947918157
oulab,10,gender,F,eligible_silent,334,0.5194401244167963,0.9461077844311377
oulab,10,gender,M,eligible_silent,309,0.48055987558320373,0.9644012944983819
oulab,10,region,East Anglian Region,eligible_active,2598,0.10215476564957533,0.37336412625096227
oulab,10,region,East Midlands Region,eligible_active,1780,0.06999056307014785,0.3938202247191011
oulab,10,region,Ireland,eligible_active,1025,0.040303554576910976,0.36585365853658536
oulab,10,region,London Region,eligible_active,2396,0.09421201635734508,0.4323873121869783
oulab,10,region,North Region,eligible_active,1419,0.05579584775086505,0.35165609584214236
oulab,10,region,North Western Region,eligible_active,2129,0.0837134318968229,0.45185533114138093
oulab,10,region,Scotland,eligible_active,2906,0.11426549229317395,0.4208534067446662
oulab,10,region,South East Region,eligible_active,1648,0.06480025165146272,0.3422330097087379
oulab,10,region,South Region,eligible_active,2449,0.09629600503302925,0.3393221723152307
oulab,10,region,South West Region,eligible_active,1909,0.07506291286568104,0.3651126244106862
oulab,10,region,Wales,eligible_active,1753,0.06892890846178043,0.46263548203080435
oulab,10,region,West Midlands Region,eligible_active,1919,0.07545611827618748,0.4205315268368942
oulab,10,region,Yorkshire Region,eligible_active,1501,0.05902013211701793,0.4010659560293138
oulab,10,region,East Anglian Region,eligible_silent,68,0.1057542768273717,0.8823529411764706
oulab,10,region,East Midlands Region,eligible_silent,42,0.06531881804043546,0.9523809523809523
oulab,10,region,Ireland,eligible_silent,30,0.04665629860031104,1.0
oulab,10,region,London Region,eligible_silent,57,0.08864696734059098,0.9649122807017544
oulab,10,region,North Region,eligible_silent,30,0.04665629860031104,1.0
oulab,10,region,North Western Region,eligible_silent,56,0.08709175738724728,0.9821428571428571
oulab,10,region,Scotland,eligible_silent,94,0.14618973561430793,0.9574468085106383
oulab,10,region,South East Region,eligible_silent,33,0.05132192846034215,0.9090909090909091
oulab,10,region,South Region,eligible_silent,43,0.06687402799377916,0.9534883720930233
oulab,10,region,South West Region,eligible_silent,40,0.06220839813374806,0.975
oulab,10,region,Wales,eligible_silent,58,0.09020217729393468,1.0
oulab,10,region,West Midlands Region,eligible_silent,54,0.08398133748055987,0.9074074074074074
oulab,10,region,Yorkshire Region,eligible_silent,38,0.05909797822706065,0.9736842105263158
oulab,10,highest_education,A Level or Equivalent,eligible_active,11297,0.44420415224913495,0.3543418606709746
oulab,10,highest_education,HE Qualification,eligible_active,3890,0.15295690468700848,0.31850899742930594
oulab,10,highest_education,Lower Than A Level,eligible_active,9747,0.3832573136206354,0.47665948496973426
oulab,10,highest_education,No Formal quals,eligible_active,226,0.008886442277445738,0.5442477876106194
oulab,10,highest_education,Post Graduate Qualification,eligible_active,272,0.0106951871657754,0.24632352941176472
oulab,10,highest_education,A Level or Equivalent,eligible_silent,191,0.29704510108864696,0.93717277486911
oulab,10,highest_education,HE Qualification,eligible_silent,69,0.10730948678071539,0.9130434782608695
oulab,10,highest_education,Lower Than A Level,eligible_silent,368,0.5723172628304821,0.970108695652174
oulab,10,highest_education,No Formal quals,eligible_silent,13,0.02021772939346812,1.0
oulab,10,highest_education,Post Graduate Qualification,eligible_silent,2,0.003110419906687403,1.0
oulab,10,imd_band,0-10%,eligible_active,2386,0.09381881094683862,0.5138306789606035
oulab,10,imd_band,10-20,eligible_active,2576,0.10128971374646115,0.47476708074534163
oulab,10,imd_band,20-30%,eligible_active,2715,0.10675526895250079,0.452670349907919
oulab,10,imd_band,30-40%,eligible_active,2762,0.10860333438188109,0.39898624185372916
oulab,10,imd_band,40-50%,eligible_active,2500,0.09830135262661215,0.3948
oulab,10,imd_band,50-60%,eligible_active,2502,0.09837999370871343,0.39168665067945646
oulab,10,imd_band,60-70%,eligible_active,2335,0.09181346335325574,0.3563169164882227
oulab,10,imd_band,70-80%,eligible_active,2349,0.09236395092796477,0.36866751809280546
oulab,10,imd_band,80-90%,eligible_active,2223,0.08740956275558352,0.33018443544759335
oulab,10,imd_band,90-100%,eligible_active,2110,0.08296634161686064,0.30995260663507107
oulab,10,imd_band,nan,eligible_active,974,0.038298206983328094,0.2515400410677618
oulab,10,imd_band,0-10%,eligible_silent,105,0.16329704510108864,0.9714285714285714
oulab,10,imd_band,10-20,eligible_silent,92,0.14307931570762053,0.9456521739130435
oulab,10,imd_band,20-30%,eligible_silent,85,0.1321928460342146,0.9647058823529412
oulab,10,imd_band,30-40%,eligible_silent,74,0.1150855365474339,1.0
oulab,10,imd_band,40-50%,eligible_silent,61,0.09486780715396578,0.9344262295081968
oulab,10,imd_band,50-60%,eligible_silent,45,0.06998444790046657,0.9555555555555556
oulab,10,imd_band,60-70%,eligible_silent,54,0.08398133748055987,0.9074074074074074
oulab,10,imd_band,70-80%,eligible_silent,43,0.06687402799377916,1.0
oulab,10,imd_band,80-90%,eligible_silent,44,0.06842923794712286,0.9090909090909091
oulab,10,imd_band,90-100%,eligible_silent,30,0.04665629860031104,0.9
oulab,10,imd_band,nan,eligible_silent,10,0.015552099533437015,1.0
oulab,10,age_band,0-35,eligible_active,17689,0.6955410506448568,0.41681270846288654
oulab,10,age_band,35-55,eligible_active,7561,0.2973026108839258,0.35127628620552837
oulab,10,age_band,55<=,eligible_active,182,0.007156338471217364,0.2692307692307692
oulab,10,age_band,0-35,eligible_silent,441,0.6858475894245724,0.9659863945578231
oulab,10,age_band,35-55,eligible_silent,201,0.31259720062208396,0.9303482587064676
oulab,10,age_band,55<=,eligible_silent,1,0.0015552099533437014,1.0
oulab,10,disability,N,eligible_active,23084,0.9076753696130859,0.3869346733668342
oulab,10,disability,Y,eligible_active,2348,0.09232463038691413,0.48807495741056217
oulab,10,disability,N,eligible_silent,575,0.8942457231726283,0.9582608695652174
oulab,10,disability,Y,eligible_silent,68,0.1057542768273717,0.9264705882352942
oulab,12,gender,F,eligible_active,11307,0.45044219584096884,0.37100910940125587
oulab,12,gender,M,eligible_active,13795,0.5495578041590311,0.40224719101123596
oulab,12,gender,F,eligible_silent,326,0.5199362041467305,0.9478527607361963
oulab,12,gender,M,eligible_silent,301,0.4800637958532695,0.9700996677740864
oulab,12,region,East Anglian Region,eligible_active,2568,0.10230260537009003,0.3660436137071651
oulab,12,region,East Midlands Region,eligible_active,1756,0.06995458529200861,0.38553530751708426
oulab,12,region,Ireland,eligible_active,1005,0.04003665046609832,0.35323383084577115
oulab,12,region,London Region,eligible_active,2356,0.09385706318221655,0.42232597623089985
oulab,12,region,North Region,eligible_active,1401,0.05581228587363557,0.3426124197002141
oulab,12,region,North Western Region,eligible_active,2106,0.0838976973946299,0.4458689458689459
oulab,12,region,Scotland,eligible_active,2870,0.11433351924149471,0.4132404181184669
oulab,12,region,South East Region,eligible_active,1625,0.06473587761931321,0.33292307692307693
oulab,12,region,South Region,eligible_active,2428,0.09672536052904152,0.33319604612850084
oulab,12,region,South West Region,eligible_active,1882,0.07497410564895228,0.35600425079702447
oulab,12,region,Wales,eligible_active,1733,0.06903832363955063,0.45643392960184653
oulab,12,region,West Midlands Region,eligible_active,1888,0.07521313042785435,0.4110169491525424
oulab,12,region,Yorkshire Region,eligible_active,1484,0.05911879531511433,0.3942048517520216
oulab,12,region,East Anglian Region,eligible_silent,67,0.10685805422647528,0.8805970149253731
oulab,12,region,East Midlands Region,eligible_silent,42,0.06698564593301436,0.9523809523809523
oulab,12,region,Ireland,eligible_silent,30,0.04784688995215311,1.0
oulab,12,region,London Region,eligible_silent,51,0.08133971291866028,0.9803921568627451
oulab,12,region,North Region,eligible_silent,30,0.04784688995215311,1.0
oulab,12,region,North Western Region,eligible_silent,56,0.08931419457735247,0.9821428571428571
oulab,12,region,Scotland,eligible_silent,94,0.14992025518341306,0.9680851063829787
oulab,12,region,South East Region,eligible_silent,32,0.051036682615629984,0.90625
oulab,12,region,South Region,eligible_silent,39,0.06220095693779904,0.9743589743589743
oulab,12,region,South West Region,eligible_silent,38,0.06060606060606061,0.9736842105263158
oulab,12,region,Wales,eligible_silent,57,0.09090909090909091,1.0
oulab,12,region,West Midlands Region,eligible_silent,54,0.0861244019138756,0.9074074074074074
oulab,12,region,Yorkshire Region,eligible_silent,37,0.05901116427432217,0.972972972972973
oulab,12,highest_education,A Level or Equivalent,eligible_active,11174,0.4451438132419728,0.3469661714694827
oulab,12,highest_education,HE Qualification,eligible_active,3833,0.15269699625527847,0.30837464127315417
oulab,12,highest_education,Lower Than A Level,eligible_active,9604,0.3825989960959286,0.46876301541024573
oulab,12,highest_education,No Formal quals,eligible_active,222,0.008843916819376942,0.536036036036036
oulab,12,highest_education,Post Graduate Qualification,eligible_active,269,0.010716277587443231,0.2379182156133829
oulab,12,highest_education,A Level or Equivalent,eligible_silent,186,0.2966507177033493,0.946236559139785
oulab,12,highest_education,HE Qualification,eligible_silent,69,0.11004784688995216,0.9130434782608695
oulab,12,highest_education,Lower Than A Level,eligible_silent,357,0.569377990430622,0.9719887955182073
oulab,12,highest_education,No Formal quals,eligible_silent,13,0.02073365231259968,1.0
oulab,12,highest_education,Post Graduate Qualification,eligible_silent,2,0.003189792663476874,1.0
oulab,12,imd_band,0-10%,eligible_active,2342,0.0932993386981117,0.5046968403074296
oulab,12,imd_band,10-20,eligible_active,2545,0.10138634371763205,0.46836935166994104
oulab,12,imd_band,20-30%,eligible_active,2670,0.10636602661142538,0.44269662921348313
oulab,12,imd_band,30-40%,eligible_active,2733,0.10887578678989722,0.39260885473838275
oulab,12,imd_band,40-50%,eligible_active,2463,0.09811967173930364,0.3857084855866829
oulab,12,imd_band,50-60%,eligible_active,2475,0.0985977212971078,0.38505050505050503
oulab,12,imd_band,60-70%,eligible_active,2303,0.09174567763524819,0.34737299174989145
oulab,12,imd_band,70-80%,eligible_active,2323,0.09254242689825512,0.36160137752905724
oulab,12,imd_band,80-90%,eligible_active,2201,0.08768225639391283,0.3230349840981372
oulab,12,imd_band,90-100%,eligible_active,2081,0.08290176081587125,0.30033637674195096
oulab,12,imd_band,nan,eligible_active,966,0.0384829894032348,0.2443064182194617
oulab,12,imd_band,0-10%,eligible_silent,103,0.16427432216905902,0.970873786407767
oulab,12,imd_band,10-20,eligible_silent,90,0.14354066985645933,0.9444444444444444
oulab,12,imd_band,20-30%,eligible_silent,81,0.1291866028708134,0.9876543209876543
oulab,12,imd_band,30-40%,eligible_silent,72,0.11483253588516747,1.0
oulab,12,imd_band,40-50%,eligible_silent,59,0.09409888357256778,0.9322033898305084
oulab,12,imd_band,50-60%,eligible_silent,42,0.06698564593301436,0.9523809523809523
oulab,12,imd_band,60-70%,eligible_silent,54,0.0861244019138756,0.9074074074074074
oulab,12,imd_band,70-80%,eligible_silent,43,0.0685805422647528,1.0
oulab,12,imd_band,80-90%,eligible_silent,44,0.07017543859649122,0.9318181818181818
oulab,12,imd_band,90-100%,eligible_silent,29,0.046251993620414676,0.896551724137931
oulab,12,imd_band,nan,eligible_silent,10,0.01594896331738437,1.0
oulab,12,age_band,0-35,eligible_active,17459,0.6955222691419011,0.40907268457529067
oulab,12,age_band,35-55,eligible_active,7463,0.29730698749103657,0.3423556210639153
oulab,12,age_band,55<=,eligible_active,180,0.007170743367062385,0.2611111111111111
oulab,12,age_band,0-35,eligible_silent,431,0.6874003189792663,0.9675174013921114
oulab,12,age_band,35-55,eligible_silent,195,0.31100478468899523,0.9384615384615385
oulab,12,age_band,55<=,eligible_silent,1,0.001594896331738437,1.0
oulab,12,disability,N,eligible_active,22790,0.9078957851963987,0.378894251864853
oulab,12,disability,Y,eligible_active,2312,0.0921042148036013,0.4796712802768166
oulab,12,disability,N,eligible_silent,564,0.8995215311004785,0.9609929078014184
oulab,12,disability,Y,eligible_silent,63,0.10047846889952153,0.9365079365079365
oulab,14,gender,F,eligible_active,11168,0.45114118359927285,0.3626432664756447
oulab,14,gender,M,eligible_active,13587,0.5488588164007271,0.3929491425627438
oulab,14,gender,F,eligible_silent,309,0.5158597662771286,0.9644012944983819
oulab,14,gender,M,eligible_silent,290,0.48414023372287146,0.9758620689655172
oulab,14,region,East Anglian Region,eligible_active,2539,0.1025651383558877,0.3576211106734935
oulab,14,region,East Midlands Region,eligible_active,1720,0.06948091294687941,0.37267441860465117
oulab,14,region,Ireland,eligible_active,991,0.040032316703696225,0.3440968718466196
oulab,14,region,London Region,eligible_active,2332,0.09420319127449,0.41638078902229847
oulab,14,region,North Region,eligible_active,1390,0.05615027267218744,0.33741007194244604
oulab,14,region,North Western Region,eligible_active,2083,0.0841446172490406,0.4397503600576092
oulab,14,region,Scotland,eligible_active,2824,0.11407796404766714,0.403328611898017
oulab,14,region,South East Region,eligible_active,1610,0.06503736618864876,0.32546583850931676
oulab,14,region,South Region,eligible_active,2398,0.0968693193294284,0.3244370308590492
oulab,14,region,South West Region,eligible_active,1847,0.07461118965865482,0.34380075798592313
oulab,14,region,Wales,eligible_active,1695,0.06847101595637245,0.44424778761061945
oulab,14,region,West Midlands Region,eligible_active,1856,0.07497475257523732,0.40086206896551724
oulab,14,region,Yorkshire Region,eligible_active,1470,0.059381943041809736,0.3877551020408163
oulab,14,region,East Anglian Region,eligible_silent,63,0.10517529215358931,0.9206349206349206
oulab,14,region,East Midlands Region,eligible_silent,41,0.06844741235392321,0.9512195121951219
oulab,14,region,Ireland,eligible_silent,30,0.05008347245409015,1.0
oulab,14,region,London Region,eligible_silent,48,0.08013355592654424,0.9791666666666666
oulab,14,region,North Region,eligible_silent,27,0.045075125208681135,1.0
oulab,14,region,North Western Region,eligible_silent,54,0.09015025041736227,0.9814814814814815
oulab,14,region,Scotland,eligible_silent,93,0.15525876460767946,0.978494623655914
oulab,14,region,South East Region,eligible_silent,29,0.048414023372287146,0.9655172413793104
oulab,14,region,South Region,eligible_silent,38,0.06343906510851419,1.0
oulab,14,region,South West Region,eligible_silent,35,0.05843071786310518,0.9714285714285714
oulab,14,region,Wales,eligible_silent,54,0.09015025041736227,1.0
oulab,14,region,West Midlands Region,eligible_silent,52,0.08681135225375626,0.9038461538461539
oulab,14,region,Yorkshire Region,eligible_silent,35,0.05843071786310518,1.0
oulab,14,highest_education,A Level or Equivalent,eligible_active,11035,0.4457685316097758,0.3383778885364749
oulab,14,highest_education,HE Qualification,eligible_active,3793,0.15322157139971723,0.30081729501713683
oulab,14,highest_education,Lower Than A Level,eligible_active,9439,0.3812967077358109,0.4591588091958894
oulab,14,highest_education,No Formal quals,eligible_active,220,0.00888709351646132,0.5318181818181819
oulab,14,highest_education,Post Graduate Qualification,eligible_active,268,0.0108260957382347,0.23507462686567165
oulab,14,highest_education,A Level or Equivalent,eligible_silent,177,0.29549248747913187,0.9661016949152542
oulab,14,highest_education,HE Qualification,eligible_silent,66,0.11018363939899833,0.9242424242424242
oulab,14,highest_education,Lower Than A Level,eligible_silent,344,0.5742904841402338,0.9796511627906976
oulab,14,highest_education,No Formal quals,eligible_silent,10,0.01669449081803005,1.0
oulab,14,highest_education,Post Graduate Qualification,eligible_silent,2,0.00333889816360601,1.0
oulab,14,imd_band,0-10%,eligible_active,2299,0.0928701272470208,0.4954327968682036
oulab,14,imd_band,10-20,eligible_active,2508,0.10131286608765906,0.4605263157894737
oulab,14,imd_band,20-30%,eligible_active,2631,0.10628155928095334,0.4340554922082858
oulab,14,imd_band,30-40%,eligible_active,2687,0.10854372853968895,0.38221064384071457
oulab,14,imd_band,40-50%,eligible_active,2429,0.09812159159765704,0.37628653766982295
oulab,14,imd_band,50-60%,eligible_active,2442,0.09864673803272066,0.3763308763308763
oulab,14,imd_band,60-70%,eligible_active,2277,0.09198141789537467,0.3386034255599473
oulab,14,imd_band,70-80%,eligible_active,2289,0.09246616845081802,0.3521188291830494
oulab,14,imd_band,80-90%,eligible_active,2177,0.0879418299333468,0.31511254019292606
oulab,14,imd_band,90-100%,eligible_active,2055,0.0830135326196728,0.29148418491484185
oulab,14,imd_band,nan,eligible_active,961,0.03882044031508786,0.24037460978147762
oulab,14,imd_band,0-10%,eligible_silent,99,0.1652754590984975,0.9696969696969697
oulab,14,imd_band,10-20,eligible_silent,89,0.14858096828046743,0.9438202247191011
oulab,14,imd_band,20-30%,eligible_silent,77,0.1285475792988314,1.0
oulab,14,imd_band,30-40%,eligible_silent,71,0.11853088480801335,1.0
oulab,14,imd_band,40-50%,eligible_silent,53,0.08848080133555926,0.9622641509433962
oulab,14,imd_band,50-60%,eligible_silent,40,0.0667779632721202,0.975
oulab,14,imd_band,60-70%,eligible_silent,51,0.08514190317195326,0.9607843137254902
oulab,14,imd_band,70-80%,eligible_silent,40,0.0667779632721202,1.0
oulab,14,imd_band,80-90%,eligible_silent,42,0.07011686143572621,0.9523809523809523
oulab,14,imd_band,90-100%,eligible_silent,28,0.04674457429048414,0.8928571428571429
oulab,14,imd_band,nan,eligible_silent,9,0.015025041736227046,1.0
oulab,14,age_band,0-35,eligible_active,17218,0.6955362553019592,0.4005110930421652
oulab,14,age_band,35-55,eligible_active,7358,0.2972328822460109,0.3325631965207937
oulab,14,age_band,55<=,eligible_active,179,0.007230862452029893,0.2569832402234637
oulab,14,age_band,0-35,eligible_silent,409,0.6828046744574291,0.9779951100244498
oulab,14,age_band,35-55,eligible_silent,189,0.31552587646076796,0.9523809523809523
oulab,14,age_band,55<=,eligible_silent,1,0.001669449081803005,1.0
oulab,14,disability,N,eligible_active,22502,0.908988083215512,0.37072260243533905
oulab,14,disability,Y,eligible_active,2253,0.09101191678448799,0.4647137150466045
oulab,14,disability,N,eligible_silent,540,0.9015025041736227,0.9685185185185186
oulab,14,disability,Y,eligible_silent,59,0.09849749582637729,0.9830508474576272
oulab,16,gender,F,eligible_active,10999,0.4513891738827102,0.3525775070460951
oulab,16,gender,M,eligible_active,13368,0.5486108261172897,0.3827797725912627
oulab,16,gender,F,eligible_silent,297,0.5192307692307693,0.9730639730639731
oulab,16,gender,M,eligible_silent,275,0.4807692307692308,0.9818181818181818
oulab,16,region,East Anglian Region,eligible_active,2500,0.10259777568022325,0.3468
oulab,16,region,East Midlands Region,eligible_active,1685,0.06915090080847047,0.3596439169139466
oulab,16,region,Ireland,eligible_active,978,0.04013624984610334,0.33537832310838445
oulab,16,region,London Region,eligible_active,2305,0.09459514917716584,0.40954446854663773
oulab,16,region,North Region,eligible_active,1363,0.05593630730085772,0.32428466617754953
oulab,16,region,North Western Region,eligible_active,2049,0.08408913694751098,0.43045387994143486
oulab,16,region,Scotland,eligible_active,2765,0.11347313990232692,0.39059674502712477
oulab,16,region,South East Region,eligible_active,1587,0.06512906800180572,0.31568998109640833
oulab,16,region,South Region,eligible_active,2358,0.09677022202158657,0.31297709923664124
oulab,16,region,South West Region,eligible_active,1817,0.07456806336438626,0.33241607044578975
oulab,16,region,Wales,eligible_active,1674,0.06869947059547749,0.43727598566308246
oulab,16,region,West Midlands Region,eligible_active,1833,0.07522468912873968,0.3917075831969449
oulab,16,region,Yorkshire Region,eligible_active,1453,0.05962982722534575,0.38059187887130075
oulab,16,region,East Anglian Region,eligible_silent,59,0.10314685314685315,0.9491525423728814
oulab,16,region,East Midlands Region,eligible_silent,40,0.06993006993006994,0.95
oulab,16,region,Ireland,eligible_silent,27,0.0472027972027972,1.0
oulab,16,region,London Region,eligible_silent,48,0.08391608391608392,0.9791666666666666
oulab,16,region,North Region,eligible_silent,22,0.038461538461538464,1.0
oulab,16,region,North Western Region,eligible_silent,52,0.09090909090909091,0.9807692307692307
oulab,16,region,Scotland,eligible_silent,91,0.1590909090909091,0.978021978021978
oulab,16,region,South East Region,eligible_silent,28,0.04895104895104895,0.9642857142857143
oulab,16,region,South Region,eligible_silent,37,0.06468531468531469,1.0
oulab,16,region,South West Region,eligible_silent,33,0.057692307692307696,1.0
oulab,16,region,Wales,eligible_silent,54,0.0944055944055944,1.0
oulab,16,region,West Midlands Region,eligible_silent,48,0.08391608391608392,0.9375
oulab,16,region,Yorkshire Region,eligible_silent,33,0.057692307692307696,1.0
oulab,16,highest_education,A Level or Equivalent,eligible_active,10869,0.4460540895473386,0.3281810654154016
oulab,16,highest_education,HE Qualification,eligible_active,3738,0.1534041941970698,0.28999464954521137
oulab,16,highest_education,Lower Than A Level,eligible_active,9280,0.3808429433249887,0.4495689655172414
oulab,16,highest_education,No Formal quals,eligible_active,215,0.0088234087084992,0.5209302325581395
oulab,16,highest_education,Post Graduate Qualification,eligible_active,265,0.010875364222103666,0.22641509433962265
oulab,16,highest_education,A Level or Equivalent,eligible_silent,169,0.29545454545454547,0.9644970414201184
oulab,16,highest_education,HE Qualification,eligible_silent,61,0.10664335664335664,0.9508196721311475
oulab,16,highest_education,Lower Than A Level,eligible_silent,330,0.5769230769230769,0.9878787878787879
oulab,16,highest_education,No Formal quals,eligible_silent,10,0.017482517482517484,1.0
oulab,16,highest_education,Post Graduate Qualification,eligible_silent,2,0.0034965034965034965,1.0
oulab,16,imd_band,0-10%,eligible_active,2255,0.09254319366356137,0.48514412416851443
oulab,16,imd_band,10-20,eligible_active,2462,0.10103828948988386,0.45004061738424045
oulab,16,imd_band,20-30%,eligible_active,2585,0.10608610005335084,0.4239845261121857
oulab,16,imd_band,30-40%,eligible_active,2642,0.10842532933885993,0.3716881150643452
oulab,16,imd_band,40-50%,eligible_active,2395,0.09828866910165387,0.36701461377870565
oulab,16,imd_band,50-60%,eligible_active,2412,0.0989863339762794,0.3685737976782753
oulab,16,imd_band,60-70%,eligible_active,2242,0.09200968523002422,0.3278322925958965
oulab,16,imd_band,70-80%,eligible_active,2250,0.09233799811220093,0.3408888888888889
oulab,16,imd_band,80-90%,eligible_active,2153,0.08835720441580827,0.30701346957733394
oulab,16,imd_band,90-100%,eligible_active,2025,0.08310419830098084,0.2804938271604938
oulab,16,imd_band,nan,eligible_active,946,0.03882299831739648,0.22832980972515857
oulab,16,imd_band,0-10%,eligible_silent,94,0.16433566433566432,0.9680851063829787
oulab,16,imd_band,10-20,eligible_silent,88,0.15384615384615385,0.9545454545454546
oulab,16,imd_band,20-30%,eligible_silent,70,0.12237762237762238,1.0
oulab,16,imd_band,30-40%,eligible_silent,68,0.11888111888111888,1.0
oulab,16,imd_band,40-50%,eligible_silent,52,0.09090909090909091,0.9807692307692307
oulab,16,imd_band,50-60%,eligible_silent,39,0.06818181818181818,0.9743589743589743
oulab,16,imd_band,60-70%,eligible_silent,48,0.08391608391608392,0.9791666666666666
oulab,16,imd_band,70-80%,eligible_silent,40,0.06993006993006994,1.0
oulab,16,imd_band,80-90%,eligible_silent,40,0.06993006993006994,0.975
oulab,16,imd_band,90-100%,eligible_silent,24,0.04195804195804196,0.9166666666666666
oulab,16,imd_band,nan,eligible_silent,9,0.015734265734265736,1.0
oulab,16,age_band,0-35,eligible_active,16947,0.6954898017810974,0.390629609960465
oulab,16,age_band,35-55,eligible_active,7243,0.2972462757007428,0.32182797183487505
oulab,16,age_band,55<=,eligible_active,177,0.007263922518159807,0.24858757062146894
oulab,16,age_band,0-35,eligible_silent,389,0.6800699300699301,0.987146529562982
oulab,16,age_band,35-55,eligible_silent,182,0.3181818181818182,0.9560439560439561
oulab,16,age_band,55<=,eligible_silent,1,0.0017482517482517483,1.0
oulab,16,disability,N,eligible_active,22163,0.9095498009603152,0.36082660289671975
oulab,16,disability,Y,eligible_active,2204,0.09045019903968482,0.4528130671506352
oulab,16,disability,N,eligible_silent,516,0.9020979020979021,0.9767441860465116
oulab,16,disability,Y,eligible_silent,56,0.0979020979020979,0.9821428571428571
