dataset,week,model,protocol,reference_protocol,budget,n_candidates,n_reference,n_flagged,n_actionable_candidates,n_actionable_flagged,n_invalid_flagged,precision,actionable_precision,precision_among_actionable,wasted_budget_rate,recall_protocol,coverage_adjusted_recall,candidate_coverage
kdd,1,base_dffnn,activity_conditioned,static_full,0.01,98480,200904,2009,98480,2009,0,0.8720756595321055,0.8720756595321055,0.8720756595321055,0.0,0.02366544197103955,0.011003435433323076,0.49018436666268467
kdd,1,base_dffnn,static_full,static_full,0.01,200904,200904,2009,200904,2009,0,0.8720756595321055,0.8720756595321055,0.8720756595321055,0.0,0.011003435433323076,0.011003435433323076,1.0
kdd,1,base_dffnn,activity_conditioned,static_full,0.05,98480,200904,10042,98480,10042,0,0.9287990440151365,0.9287990440151365,0.9287990440151365,0.0,0.12598606008212665,0.058578220483221644,0.49018436666268467
kdd,1,base_dffnn,static_full,static_full,0.05,200904,200904,10042,200904,10042,0,0.9287990440151365,0.9287990440151365,0.9287990440151365,0.0,0.058578220483221644,0.058578220483221644,1.0
kdd,1,base_dffnn,activity_conditioned,static_full,0.1,98480,200904,20089,98480,20089,0,0.9190104037035194,0.9190104037035194,0.9190104037035194,0.0,0.24937864707153665,0.11595058502854487,0.49018436666268467
kdd,1,base_dffnn,static_full,static_full,0.1,200904,200904,20089,200904,20089,0,0.9190104037035194,0.9190104037035194,0.9190104037035194,0.0,0.11595058502854487,0.11595058502854487,1.0
kdd,1,base_dffnn,activity_conditioned,static_full,0.2,98480,200904,40182,98480,40182,0,0.9011497685530835,0.9011497685530835,0.9011497685530835,0.0,0.48911281607953316,0.22741689328803,0.49018436666268467
kdd,1,base_dffnn,static_full,static_full,0.2,200904,200904,40182,200904,40182,0,0.8967199243442338,0.8967199243442338,0.8967199243442338,0.0,0.22629896434560334,0.22629896434560334,1.0
kdd,1,base_lr_clickstream,activity_conditioned,static_full,0.01,98480,200904,2009,98480,2009,0,0.8710801393728222,0.8710801393728222,0.8710801393728222,0.0,0.02363842662632375,0.010990874433969967,0.49018436666268467
kdd,1,base_lr_clickstream,static_full,static_full,0.01,200904,200904,2009,200904,2009,0,0.8710801393728222,0.8710801393728222,0.8710801393728222,0.0,0.010990874433969967,0.010990874433969967,1.0
kdd,1,base_lr_clickstream,activity_conditioned,static_full,0.05,98480,200904,10042,98480,10042,0,0.9289982075283808,0.9289982075283808,0.9289982075283808,0.0,0.12601307542684245,0.05859078148257475,0.49018436666268467
kdd,1,base_lr_clickstream,static_full,static_full,0.05,200904,200904,10042,200904,10042,0,0.9289982075283808,0.9289982075283808,0.9289982075283808,0.0,0.05859078148257475,0.05859078148257475,1.0
kdd,1,base_lr_clickstream,activity_conditioned,static_full,0.1,98480,200904,20089,98480,20089,0,0.9193090746179501,0.9193090746179501,0.9193090746179501,0.0,0.24945969310568403,0.1159882680266042,0.49018436666268467
kdd,1,base_lr_clickstream,static_full,static_full,0.1,200904,200904,20089,200904,20089,0,0.9193090746179501,0.9193090746179501,0.9193090746179501,0.0,0.1159882680266042,0.1159882680266042,1.0
kdd,1,base_lr_clickstream,activity_conditioned,static_full,0.2,98480,200904,40182,98480,40182,0,0.9002289582400079,0.9002289582400079,0.9002289582400079,0.0,0.4886130322022909,0.2271845147999975,0.49018436666268467
kdd,1,base_lr_clickstream,static_full,static_full,0.2,200904,200904,40182,200904,40182,0,0.896844358170325,0.896844358170325,0.896844358170325,0.0,0.2263303668439861,0.2263303668439861,1.0
kdd,1,base_lr_weekly,activity_conditioned,static_full,0.01,98480,200904,2009,98480,2009,0,0.8720756595321055,0.8720756595321055,0.8720756595321055,0.0,0.02366544197103955,0.011003435433323076,0.49018436666268467
kdd,1,base_lr_weekly,static_full,static_full,0.01,200904,200904,2009,200904,2009,0,0.8720756595321055,0.8720756595321055,0.8720756595321055,0.0,0.011003435433323076,0.011003435433323076,1.0
kdd,1,base_lr_weekly,activity_conditioned,static_full,0.05,98480,200904,10042,98480,10042,0,0.9288986257717586,0.9288986257717586,0.9288986257717586,0.0,0.12599956775448454,0.0585845009828982,0.49018436666268467
kdd,1,base_lr_weekly,static_full,static_full,0.05,200904,200904,10042,200904,10042,0,0.9288986257717586,0.9288986257717586,0.9288986257717586,0.0,0.0585845009828982,0.0585845009828982,1.0
kdd,1,base_lr_weekly,activity_conditioned,static_full,0.1,98480,200904,20089,98480,20089,0,0.9183135049031809,0.9183135049031809,0.9183135049031809,0.0,0.24918953965852605,0.11586265803307311,0.49018436666268467
kdd,1,base_lr_weekly,static_full,static_full,0.1,200904,200904,20089,200904,20089,0,0.9183135049031809,0.9183135049031809,0.9183135049031809,0.0,0.11586265803307311,0.11586265803307311,1.0
kdd,1,base_lr_weekly,activity_conditioned,static_full,0.2,98480,200904,40182,98480,40182,0,0.9004529391269723,0.9004529391269723,0.9004529391269723,0.0,0.488734601253512,0.22724103929708647,0.49018436666268467
kdd,1,base_lr_weekly,static_full,static_full,0.2,200904,200904,40182,200904,40182,0,0.8856950873525459,0.8856950873525459,0.8856950873525459,0.0,0.2235167029888898,0.2235167029888898,1.0
kdd,1,base_rf_entropy,activity_conditioned,static_full,0.01,98480,200904,2009,98480,2009,0,0.8705823792931807,0.8705823792931807,0.8705823792931807,0.0,0.023624918953965852,0.010984593934293413,0.49018436666268467
kdd,1,base_rf_entropy,static_full,static_full,0.01,200904,200904,2009,200904,2009,0,0.8705823792931807,0.8705823792931807,0.8705823792931807,0.0,0.010984593934293413,0.010984593934293413,1.0
kdd,1,base_rf_entropy,activity_conditioned,static_full,0.05,98480,200904,10042,98480,10042,0,0.9267078271260705,0.9267078271260705,0.9267078271260705,0.0,0.12570239896261076,0.058446329990014007,0.49018436666268467
kdd,1,base_rf_entropy,static_full,static_full,0.05,200904,200904,10042,200904,10042,0,0.9267078271260705,0.9267078271260705,0.9267078271260705,0.0,0.058446329990014007,0.058446329990014007,1.0
kdd,1,base_rf_entropy,activity_conditioned,static_full,0.1,98480,200904,20089,98480,20089,0,0.9191597391607347,0.9191597391607347,0.9191597391607347,0.0,0.24941917008861034,0.11596942652757454,0.49018436666268467
kdd,1,base_rf_entropy,static_full,static_full,0.1,200904,200904,20089,200904,20089,0,0.9190601821892578,0.9190601821892578,0.9190601821892578,0.0,0.11595686552822143,0.11595686552822143,1.0
kdd,1,base_rf_entropy,activity_conditioned,static_full,0.2,98480,200904,40182,98480,40182,0,0.8997561097008611,0.8997561097008611,0.8997561097008611,0.0,0.4883563864274908,0.22706518530614295,0.49018436666268467
kdd,1,base_rf_entropy,static_full,static_full,0.2,200904,200904,40182,200904,40182,0,0.8956746802050669,0.8956746802050669,0.8956746802050669,0.0,0.22603518335918807,0.22603518335918807,1.0
kdd,1,base_rf_gini,activity_conditioned,static_full,0.01,98480,200904,2009,98480,2009,0,0.8705823792931807,0.8705823792931807,0.8705823792931807,0.0,0.023624918953965852,0.010984593934293413,0.49018436666268467
kdd,1,base_rf_gini,static_full,static_full,0.01,200904,200904,2009,200904,2009,0,0.8705823792931807,0.8705823792931807,0.8705823792931807,0.0,0.010984593934293413,0.010984593934293413,1.0
kdd,1,base_rf_gini,activity_conditioned,static_full,0.05,98480,200904,10042,98480,10042,0,0.9267078271260705,0.9267078271260705,0.9267078271260705,0.0,0.12570239896261076,0.058446329990014007,0.49018436666268467
kdd,1,base_rf_gini,static_full,static_full,0.05,200904,200904,10042,200904,10042,0,0.9267078271260705,0.9267078271260705,0.9267078271260705,0.0,0.058446329990014007,0.058446329990014007,1.0
kdd,1,base_rf_gini,activity_conditioned,static_full,0.1,98480,200904,20089,98480,20089,0,0.9191099606749963,0.9191099606749963,0.9191099606749963,0.0,0.24940566241625242,0.11596314602789798,0.49018436666268467
kdd,1,base_rf_gini,static_full,static_full,0.1,200904,200904,20089,200904,20089,0,0.9190601821892578,0.9190601821892578,0.9190601821892578,0.0,0.11595686552822143,0.11595686552822143,1.0
kdd,1,base_rf_gini,activity_conditioned,static_full,0.2,98480,200904,40182,98480,40182,0,0.8997561097008611,0.8997561097008611,0.8997561097008611,0.0,0.4883563864274908,0.22706518530614295,0.49018436666268467
kdd,1,base_rf_gini,static_full,static_full,0.2,200904,200904,40182,200904,40182,0,0.8956746802050669,0.8956746802050669,0.8956746802050669,0.0,0.22603518335918807,0.22603518335918807,1.0
kdd,1,base_svm,activity_conditioned,static_full,0.01,98480,200904,2009,98480,2009,0,0.8710801393728222,0.8710801393728222,0.8710801393728222,0.0,0.02363842662632375,0.010990874433969967,0.49018436666268467
kdd,1,base_svm,static_full,static_full,0.01,200904,200904,2009,200904,2009,0,0.8710801393728222,0.8710801393728222,0.8710801393728222,0.0,0.010990874433969967,0.010990874433969967,1.0
kdd,1,base_svm,activity_conditioned,static_full,0.05,98480,200904,10042,98480,10042,0,0.9289982075283808,0.9289982075283808,0.9289982075283808,0.0,0.12601307542684245,0.05859078148257475,0.49018436666268467
kdd,1,base_svm,static_full,static_full,0.05,200904,200904,10042,200904,10042,0,0.9289982075283808,0.9289982075283808,0.9289982075283808,0.0,0.05859078148257475,0.05859078148257475,1.0
kdd,1,base_svm,activity_conditioned,static_full,0.1,98480,200904,20089,98480,20089,0,0.9194086315894271,0.9194086315894271,0.9194086315894271,0.0,0.24948670845039983,0.1160008290259573,0.49018436666268467
kdd,1,base_svm,static_full,static_full,0.1,200904,200904,20089,200904,20089,0,0.9194086315894271,0.9194086315894271,0.9194086315894271,0.0,0.1160008290259573,0.1160008290259573,1.0
kdd,1,base_svm,activity_conditioned,static_full,0.2,98480,200904,40182,98480,40182,0,0.9006769200139366,0.9006769200139366,0.9006769200139366,0.0,0.4888561703047331,0.22729756379417546,0.49018436666268467
kdd,1,base_svm,static_full,static_full,0.2,200904,200904,40182,200904,40182,0,0.8962470758050869,0.8962470758050869,0.8962470758050869,0.0,0.2261796348517488,0.2261796348517488,1.0
kdd,1,flat_hgb,activity_conditioned,static_full,0.01,98480,200904,2009,98480,2009,0,0.8720756595321055,0.8720756595321055,0.8720756595321055,0.0,0.02366544197103955,0.011003435433323076,0.49018436666268467
kdd,1,flat_hgb,static_full,static_full,0.01,200904,200904,2009,200904,2009,0,0.8720756595321055,0.8720756595321055,0.8720756595321055,0.0,0.011003435433323076,0.011003435433323076,1.0
kdd,1,flat_hgb,activity_conditioned,static_full,0.05,98480,200904,10042,98480,10042,0,0.9279028082055367,0.9279028082055367,0.9279028082055367,0.0,0.12586449103090555,0.05852169598613265,0.49018436666268467
kdd,1,flat_hgb,static_full,static_full,0.05,200904,200904,10042,200904,10042,0,0.9279028082055367,0.9279028082055367,0.9279028082055367,0.0,0.05852169598613265,0.05852169598613265,1.0
kdd,1,flat_hgb,activity_conditioned,static_full,0.1,98480,200904,20089,98480,20089,0,0.921648663447658,0.921648663447658,0.921648663447658,0.0,0.2500945537065053,0.11628345151140225,0.49018436666268467
kdd,1,flat_hgb,static_full,static_full,0.1,200904,200904,20089,200904,20089,0,0.920802429190104,0.920802429190104,0.920802429190104,0.0,0.11617668301690083,0.11617668301690083,1.0
kdd,1,flat_hgb,activity_conditioned,static_full,0.2,98480,200904,40182,98480,40182,0,0.9018963715096312,0.9018963715096312,0.9018963715096312,0.0,0.4895180462502702,0.22760530827832662,0.49018436666268467
kdd,1,flat_hgb,static_full,static_full,0.2,200904,200904,40182,200904,40182,0,0.8956497934398487,0.8956497934398487,0.8956497934398487,0.0,0.2260289028595115,0.2260289028595115,1.0
kdd,1,pcg_ut,activity_conditioned,static_full,0.01,98480,200904,2009,98480,2009,0,0.8720756595321055,0.8720756595321055,0.8720756595321055,0.0,0.02366544197103955,0.011003435433323076,0.49018436666268467
kdd,1,pcg_ut,static_full,static_full,0.01,200904,200904,2009,200904,2009,0,0.8720756595321055,0.8720756595321055,0.8720756595321055,0.0,0.011003435433323076,0.011003435433323076,1.0
kdd,1,pcg_ut,activity_conditioned,static_full,0.05,98480,200904,10042,98480,10042,0,0.9270065723959371,0.9270065723959371,0.9270065723959371,0.0,0.12574292197968445,0.05846517148904367,0.49018436666268467
kdd,1,pcg_ut,static_full,static_full,0.05,200904,200904,10042,200904,10042,0,0.9276040629356702,0.9276040629356702,0.9276040629356702,0.0,0.058502854487103,0.058502854487103,1.0
kdd,1,pcg_ut,activity_conditioned,static_full,0.1,98480,200904,20089,98480,20089,0,0.920155308875504,0.920155308875504,0.920155308875504,0.0,0.2496893235357683,0.11609503652110562,0.49018436666268467
kdd,1,pcg_ut,static_full,static_full,0.1,200904,200904,20089,200904,20089,0,0.9196575240181194,0.9196575240181194,0.9196575240181194,0.0,0.11603223152434007,0.11603223152434007,1.0
kdd,1,pcg_ut,activity_conditioned,static_full,0.2,98480,200904,40182,98480,40182,0,0.9003782788313175,0.9003782788313175,0.9003782788313175,0.0,0.4886940782364383,0.2272221977980568,0.49018436666268467
kdd,1,pcg_ut,static_full,static_full,0.2,200904,200904,40182,200904,40182,0,0.894032153700662,0.894032153700662,0.894032153700662,0.0,0.2256206703805355,0.2256206703805355,1.0
kdd,1,temporal_hgb,activity_conditioned,static_full,0.01,98480,200904,2009,98480,2009,0,0.8720756595321055,0.8720756595321055,0.8720756595321055,0.0,0.02366544197103955,0.011003435433323076,0.49018436666268467
kdd,1,temporal_hgb,static_full,static_full,0.01,200904,200904,2009,200904,2009,0,0.8720756595321055,0.8720756595321055,0.8720756595321055,0.0,0.011003435433323076,0.011003435433323076,1.0
kdd,1,temporal_hgb,activity_conditioned,static_full,0.05,98480,200904,10042,98480,10042,0,0.9270065723959371,0.9270065723959371,0.9270065723959371,0.0,0.12574292197968445,0.05846517148904367,0.49018436666268467
kdd,1,temporal_hgb,static_full,static_full,0.05,200904,200904,10042,200904,10042,0,0.9276040629356702,0.9276040629356702,0.9276040629356702,0.0,0.058502854487103,0.058502854487103,1.0
kdd,1,temporal_hgb,activity_conditioned,static_full,0.1,98480,200904,20089,98480,20089,0,0.9196077455323809,0.9196077455323809,0.9196077455323809,0.0,0.24954073913983144,0.11602595102466352,0.49018436666268467
kdd,1,temporal_hgb,static_full,static_full,0.1,200904,200904,20089,200904,20089,0,0.9202050873612425,0.9202050873612425,0.9202050873612425,0.0,0.11610131702078218,0.11610131702078218,1.0
kdd,1,temporal_hgb,activity_conditioned,static_full,0.2,98480,200904,40182,98480,40182,0,0.9008760141356826,0.9008760141356826,0.9008760141356826,0.0,0.48896423168359626,0.2273478077915879,0.49018436666268467
kdd,1,temporal_hgb,static_full,static_full,0.2,200904,200904,40182,200904,40182,0,0.8948783037180827,0.8948783037180827,0.8948783037180827,0.0,0.22583420736953833,0.22583420736953833,1.0
kdd,2,base_dffnn,activity_conditioned,static_full,0.01,139473,200904,2009,139473,2009,0,0.9362867098058736,0.9362867098058736,0.9362867098058736,0.0,0.01736938334533769,0.011813619891598575,0.6942270935372118
kdd,2,base_dffnn,static_full,static_full,0.01,200904,200904,2009,200904,2009,0,0.9362867098058736,0.9362867098058736,0.9362867098058736,0.0,0.011813619891598575,0.011813619891598575,1.0
kdd,2,base_dffnn,activity_conditioned,static_full,0.05,139473,200904,10042,139473,10042,0,0.9539932284405497,0.9539932284405497,0.9539932284405497,0.0,0.088462888063974,0.06016718690138988,0.6942270935372118
kdd,2,base_dffnn,static_full,static_full,0.05,200904,200904,10042,200904,10042,0,0.9542919737104163,0.9542919737104163,0.9542919737104163,0.0,0.06018602840041954,0.06018602840041954,1.0
kdd,2,base_dffnn,activity_conditioned,static_full,0.1,139473,200904,20089,139473,20089,0,0.9523122106625517,0.9523122106625517,0.9523122106625517,0.0,0.17665798659205495,0.12015223931215968,0.6942270935372118
kdd,2,base_dffnn,static_full,static_full,0.1,200904,200904,20089,200904,20089,0,0.9523122106625517,0.9523122106625517,0.9523122106625517,0.0,0.12015223931215968,0.12015223931215968,1.0
kdd,2,base_dffnn,activity_conditioned,static_full,0.2,139473,200904,40182,139473,40182,0,0.9445771738589418,0.9445771738589418,0.9445771738589418,0.0,0.3504810977524147,0.2383763652236172,0.6942270935372118
kdd,2,base_dffnn,static_full,static_full,0.2,200904,200904,40182,200904,40182,0,0.9446767209198148,0.9446767209198148,0.9446767209198148,0.0,0.2384014872223234,0.2384014872223234,1.0
kdd,2,base_lr_clickstream,activity_conditioned,static_full,0.01,139473,200904,2009,139473,2009,0,0.9183673469387755,0.9183673469387755,0.9183673469387755,0.0,0.017036954955953237,0.011587521903242621,0.6942270935372118
kdd,2,base_lr_clickstream,static_full,static_full,0.01,200904,200904,2009,200904,2009,0,0.9183673469387755,0.9183673469387755,0.9183673469387755,0.0,0.011587521903242621,0.011587521903242621,1.0
kdd,2,base_lr_clickstream,activity_conditioned,static_full,0.05,139473,200904,10042,139473,10042,0,0.9506074487153954,0.9506074487153954,0.9506074487153954,0.0,0.08814892791844424,0.05995364991238703,0.6942270935372118
kdd,2,base_lr_clickstream,static_full,static_full,0.05,200904,200904,10042,200904,10042,0,0.9506074487153954,0.9506074487153954,0.9506074487153954,0.0,0.05995364991238703,0.05995364991238703,1.0
kdd,2,base_lr_clickstream,activity_conditioned,static_full,0.1,139473,200904,20089,139473,20089,0,0.9496739509184131,0.9496739509184131,0.9496739509184131,0.0,0.17616857812990563,0.1198193728293023,0.6942270935372118
kdd,2,base_lr_clickstream,static_full,static_full,0.1,200904,200904,20089,200904,20089,0,0.9496739509184131,0.9496739509184131,0.9496739509184131,0.0,0.1198193728293023,0.1198193728293023,1.0
kdd,2,base_lr_clickstream,activity_conditioned,static_full,0.2,139473,200904,40182,139473,40182,0,0.9417151958588422,0.9417151958588422,0.9417151958588422,0.0,0.3494191737307699,0.23765410776081344,0.6942270935372118
kdd,2,base_lr_clickstream,static_full,static_full,0.2,200904,200904,40182,200904,40182,0,0.9417151958588422,0.9417151958588422,0.9417151958588422,0.0,0.23765410776081344,0.23765410776081344,1.0
kdd,2,base_lr_weekly,activity_conditioned,static_full,0.01,139473,200904,2009,139473,2009,0,0.9362867098058736,0.9362867098058736,0.9362867098058736,0.0,0.01736938334533769,0.011813619891598575,0.6942270935372118
kdd,2,base_lr_weekly,static_full,static_full,0.01,200904,200904,2009,200904,2009,0,0.9362867098058736,0.9362867098058736,0.9362867098058736,0.0,0.011813619891598575,0.011813619891598575,1.0
kdd,2,base_lr_weekly,activity_conditioned,static_full,0.05,139473,200904,10042,139473,10042,0,0.9532961561441944,0.9532961561441944,0.9532961561441944,0.0,0.08839824921048257,0.060123223403653996,0.6942270935372118
kdd,2,base_lr_weekly,static_full,static_full,0.05,200904,200904,10042,200904,10042,0,0.9532961561441944,0.9532961561441944,0.9532961561441944,0.0,0.060123223403653996,0.060123223403653996,1.0
kdd,2,base_lr_weekly,activity_conditioned,static_full,0.1,139473,200904,20089,139473,20089,0,0.951913982776644,0.951913982776644,0.951913982776644,0.0,0.1765841136166362,0.12010199531474725,0.6942270935372118
kdd,2,base_lr_weekly,static_full,static_full,0.1,200904,200904,20089,200904,20089,0,0.9519637612623824,0.9519637612623824,0.9519637612623824,0.0,0.12010827581442379,0.12010827581442379,1.0
kdd,2,base_lr_weekly,activity_conditioned,static_full,0.2,139473,200904,40182,139473,40182,0,0.9444278532676322,0.9444278532676322,0.9444278532676322,0.0,0.35042569302085064,0.23833868222555787,0.6942270935372118
kdd,2,base_lr_weekly,static_full,static_full,0.2,200904,200904,40182,200904,40182,0,0.9444527400328505,0.9444527400328505,0.9444527400328505,0.0,0.23834496272523442,0.23834496272523442,1.0
kdd,2,base_rf_entropy,activity_conditioned,static_full,0.01,139473,200904,2009,139473,2009,0,0.9044300647088104,0.9044300647088104,0.9044300647088104,0.0,0.01677839954198755,0.011411667912299103,0.6942270935372118
kdd,2,base_rf_entropy,static_full,static_full,0.01,200904,200904,2009,200904,2009,0,0.9039323046291687,0.9039323046291687,0.9039323046291687,0.0,0.011405387412622548,0.011405387412622548,1.0
kdd,2,base_rf_entropy,activity_conditioned,static_full,0.05,139473,200904,10042,139473,10042,0,0.9478191595299741,0.9478191595299741,0.9478191595299741,0.0,0.08789037250447855,0.05977779592144351,0.6942270935372118
kdd,2,base_rf_entropy,static_full,static_full,0.05,200904,200904,10042,200904,10042,0,0.9473212507468631,0.9473212507468631,0.9473212507468631,0.0,0.05974639342306074,0.05974639342306074,1.0
kdd,2,base_rf_entropy,activity_conditioned,static_full,0.1,139473,200904,20089,139473,20089,0,0.947085469660013,0.947085469660013,0.947085469660013,0.0,0.17568840378968364,0.11949278684612148,0.6942270935372118
kdd,2,base_rf_entropy,static_full,static_full,0.1,200904,200904,20089,200904,20089,0,0.9467370202598437,0.9467370202598437,0.9467370202598437,0.0,0.1194488233483856,0.1194488233483856,1.0
kdd,2,base_rf_entropy,activity_conditioned,static_full,0.2,139473,200904,40182,139473,40182,0,0.9400726693544373,0.9400726693544373,0.9400726693544373,0.0,0.3488097216835651,0.23723959478216086,0.6942270935372118
kdd,2,base_rf_entropy,static_full,static_full,0.2,200904,200904,40182,200904,40182,0,0.9398735752326912,0.9398735752326912,0.9398735752326912,0.0,0.23718935078474843,0.23718935078474843,1.0
kdd,2,base_rf_gini,activity_conditioned,static_full,0.01,139473,200904,2009,139473,2009,0,0.9044300647088104,0.9044300647088104,0.9044300647088104,0.0,0.01677839954198755,0.011411667912299103,0.6942270935372118
kdd,2,base_rf_gini,static_full,static_full,0.01,200904,200904,2009,200904,2009,0,0.9054255848680935,0.9054255848680935,0.9054255848680935,0.0,0.011424228911652212,0.011424228911652212,1.0
kdd,2,base_rf_gini,activity_conditioned,static_full,0.05,139473,200904,10042,139473,10042,0,0.9477195777733519,0.9477195777733519,0.9477195777733519,0.0,0.0878811383825512,0.05977151542176696,0.6942270935372118
kdd,2,base_rf_gini,static_full,static_full,0.05,200904,200904,10042,200904,10042,0,0.9475204142601076,0.9475204142601076,0.9475204142601076,0.0,0.05975895442241385,0.05975895442241385,1.0
kdd,2,base_rf_gini,activity_conditioned,static_full,0.1,139473,200904,20089,139473,20089,0,0.947085469660013,0.947085469660013,0.947085469660013,0.0,0.17568840378968364,0.11949278684612148,0.6942270935372118
kdd,2,base_rf_gini,static_full,static_full,0.1,200904,200904,20089,200904,20089,0,0.9467867987455821,0.9467867987455821,0.9467867987455821,0.0,0.11945510384806216,0.11945510384806216,1.0
kdd,2,base_rf_gini,activity_conditioned,static_full,0.2,139473,200904,40182,139473,40182,0,0.9400726693544373,0.9400726693544373,0.9400726693544373,0.0,0.3488097216835651,0.23723959478216086,0.6942270935372118
kdd,2,base_rf_gini,static_full,static_full,0.2,200904,200904,40182,200904,40182,0,0.9397989149370365,0.9397989149370365,0.9397989149370365,0.0,0.23717050928571878,0.23717050928571878,1.0
kdd,2,base_svm,activity_conditioned,static_full,0.01,139473,200904,2009,139473,2009,0,0.9183673469387755,0.9183673469387755,0.9183673469387755,0.0,0.017036954955953237,0.011587521903242621,0.6942270935372118
kdd,2,base_svm,static_full,static_full,0.01,200904,200904,2009,200904,2009,0,0.9183673469387755,0.9183673469387755,0.9183673469387755,0.0,0.011587521903242621,0.011587521903242621,1.0
kdd,2,base_svm,activity_conditioned,static_full,0.05,139473,200904,10042,139473,10042,0,0.9506074487153954,0.9506074487153954,0.9506074487153954,0.0,0.08814892791844424,0.05995364991238703,0.6942270935372118
kdd,2,base_svm,static_full,static_full,0.05,200904,200904,10042,200904,10042,0,0.9506074487153954,0.9506074487153954,0.9506074487153954,0.0,0.05995364991238703,0.05995364991238703,1.0
kdd,2,base_svm,activity_conditioned,static_full,0.1,139473,200904,20089,139473,20089,0,0.9497237294041515,0.9497237294041515,0.9497237294041515,0.0,0.17617781225183296,0.11982565332897885,0.6942270935372118
kdd,2,base_svm,static_full,static_full,0.1,200904,200904,20089,200904,20089,0,0.9497237294041515,0.9497237294041515,0.9497237294041515,0.0,0.11982565332897885,0.11982565332897885,1.0
kdd,2,base_svm,activity_conditioned,static_full,0.2,139473,200904,40182,139473,40182,0,0.9416903090936241,0.9416903090936241,0.9416903090936241,0.0,0.3494099396088426,0.2376478272611369,0.6942270935372118
kdd,2,base_svm,static_full,static_full,0.2,200904,200904,40182,200904,40182,0,0.9417151958588422,0.9417151958588422,0.9417151958588422,0.0,0.23765410776081344,0.23765410776081344,1.0
kdd,2,flat_hgb,activity_conditioned,static_full,0.01,139473,200904,2009,139473,2009,0,0.9198606271777003,0.9198606271777003,0.9198606271777003,0.0,0.017064657321735278,0.011606363402272285,0.6942270935372118
kdd,2,flat_hgb,static_full,static_full,0.01,200904,200904,2009,200904,2009,0,0.9198606271777003,0.9198606271777003,0.9198606271777003,0.0,0.011606363402272285,0.011606363402272285,1.0
kdd,2,flat_hgb,activity_conditioned,static_full,0.05,139473,200904,10042,139473,10042,0,0.9509061939852619,0.9509061939852619,0.9509061939852619,0.0,0.08817663028422627,0.059972491411416695,0.6942270935372118
kdd,2,flat_hgb,static_full,static_full,0.05,200904,200904,10042,200904,10042,0,0.9509061939852619,0.9509061939852619,0.9509061939852619,0.0,0.059972491411416695,0.059972491411416695,1.0
kdd,2,flat_hgb,activity_conditioned,static_full,0.1,139473,200904,20089,139473,20089,0,0.9507192991189208,0.9507192991189208,0.9507192991189208,0.0,0.1763624946903799,0.11995126332250994,0.6942270935372118
kdd,2,flat_hgb,static_full,static_full,0.1,200904,200904,20089,200904,20089,0,0.9508686345761362,0.9508686345761362,0.9508686345761362,0.0,0.11997010482153961,0.11997010482153961,1.0
kdd,2,flat_hgb,activity_conditioned,static_full,0.2,139473,200904,40182,139473,40182,0,0.9430590811806281,0.9430590811806281,0.9430590811806281,0.0,0.34991781631484664,0.23799325474334737,0.6942270935372118
kdd,2,flat_hgb,static_full,static_full,0.2,200904,200904,40182,200904,40182,0,0.9426608929371361,0.9426608929371361,0.9426608929371361,0.0,0.2378927667485225,0.2378927667485225,1.0
kdd,2,pcg_ut,activity_conditioned,static_full,0.01,139473,200904,2009,139473,2009,0,0.9362867098058736,0.9362867098058736,0.9362867098058736,0.0,0.01736938334533769,0.011813619891598575,0.6942270935372118
kdd,2,pcg_ut,static_full,static_full,0.01,200904,200904,2009,200904,2009,0,0.9362867098058736,0.9362867098058736,0.9362867098058736,0.0,0.011813619891598575,0.011813619891598575,1.0
kdd,2,pcg_ut,activity_conditioned,static_full,0.05,139473,200904,10042,139473,10042,0,0.9545907189802828,0.9545907189802828,0.9545907189802828,0.0,0.08851829279553808,0.0602048698994492,0.6942270935372118
kdd,2,pcg_ut,static_full,static_full,0.05,200904,200904,10042,200904,10042,0,0.9544911372236606,0.9544911372236606,0.9544911372236606,0.0,0.06019858939977265,0.06019858939977265,1.0
kdd,2,pcg_ut,activity_conditioned,static_full,0.1,139473,200904,20089,139473,20089,0,0.9517646473194286,0.9517646473194286,0.9517646473194286,0.0,0.17655641125085417,0.12008315381571757,0.6942270935372118
kdd,2,pcg_ut,static_full,static_full,0.1,200904,200904,20089,200904,20089,0,0.9522126536910748,0.9522126536910748,0.9522126536910748,0.0,0.12013967831280657,0.12013967831280657,1.0
kdd,2,pcg_ut,activity_conditioned,static_full,0.2,139473,200904,40182,139473,40182,0,0.9446020606241601,0.9446020606241601,0.9446020606241601,0.0,0.3504903318743421,0.23838264572329373,0.6942270935372118
kdd,2,pcg_ut,static_full,static_full,0.2,200904,200904,40182,200904,40182,0,0.9445771738589418,0.9445771738589418,0.9445771738589418,0.0,0.2383763652236172,0.2383763652236172,1.0
kdd,2,temporal_hgb,activity_conditioned,static_full,0.01,139473,200904,2009,139473,2009,0,0.9362867098058736,0.9362867098058736,0.9362867098058736,0.0,0.01736938334533769,0.011813619891598575,0.6942270935372118
kdd,2,temporal_hgb,static_full,static_full,0.01,200904,200904,2009,200904,2009,0,0.9362867098058736,0.9362867098058736,0.9362867098058736,0.0,0.011813619891598575,0.011813619891598575,1.0
kdd,2,temporal_hgb,activity_conditioned,static_full,0.05,139473,200904,10042,139473,10042,0,0.9544911372236606,0.9544911372236606,0.9544911372236606,0.0,0.08850905867361072,0.06019858939977265,0.6942270935372118
kdd,2,temporal_hgb,static_full,static_full,0.05,200904,200904,10042,200904,10042,0,0.9544911372236606,0.9544911372236606,0.9544911372236606,0.0,0.06019858939977265,0.06019858939977265,1.0
kdd,2,temporal_hgb,activity_conditioned,static_full,0.1,139473,200904,20089,139473,20089,0,0.9520633182338594,0.9520633182338594,0.9520633182338594,0.0,0.17661181598241824,0.1201208368137769,0.6942270935372118
kdd,2,temporal_hgb,static_full,static_full,0.1,200904,200904,20089,200904,20089,0,0.95171486883369,0.95171486883369,0.95171486883369,0.0,0.12007687331604103,0.12007687331604103,1.0
kdd,2,temporal_hgb,activity_conditioned,static_full,0.2,139473,200904,40182,139473,40182,0,0.9448011547459061,0.9448011547459061,0.9448011547459061,0.0,0.35056420484976086,0.23843288972070617,0.6942270935372118
kdd,2,temporal_hgb,static_full,static_full,0.2,200904,200904,40182,200904,40182,0,0.9449504753372157,0.9449504753372157,0.9449504753372157,0.0,0.2384705727187655,0.2384705727187655,1.0
kdd,3,base_dffnn,activity_conditioned,static_full,0.01,169834,200904,2009,169834,2009,0,0.9636635141861623,0.9636635141861623,0.9636635141861623,0.0,0.014441079500529606,0.012159047373809061,0.8453490224186676
kdd,3,base_dffnn,static_full,static_full,0.01,200904,200904,2009,200904,2009,0,0.9626679940268791,0.9626679940268791,0.9626679940268791,0.0,0.012146486374455952,0.012146486374455952,1.0
kdd,3,base_dffnn,activity_conditioned,static_full,0.05,169834,200904,10042,169834,10042,0,0.9660426209918342,0.9660426209918342,0.9660426209918342,0.0,0.07236204144351122,0.06092712736225294,0.8453490224186676
kdd,3,base_dffnn,static_full,static_full,0.05,200904,200904,10042,200904,10042,0,0.965345548695479,0.965345548695479,0.965345548695479,0.0,0.06088316386451706,0.06088316386451706,1.0
kdd,3,base_dffnn,activity_conditioned,static_full,0.1,169834,200904,20089,169834,20089,0,0.9653043954402907,0.9653043954402907,0.9653043954402907,0.0,0.14464949053423043,0.12179144972774034,0.8453490224186676
kdd,3,base_dffnn,static_full,static_full,0.1,200904,200904,20089,200904,20089,0,0.9653541739260292,0.9653541739260292,0.9653541739260292,0.0,0.1217977302274169,0.1217977302274169,1.0
kdd,3,base_dffnn,activity_conditioned,static_full,0.2,169834,200904,40182,169834,40182,0,0.9583644417898561,0.9583644417898561,0.9583644417898561,0.0,0.2872476913666811,0.24185576204442827,0.8453490224186676
kdd,3,base_dffnn,static_full,static_full,0.2,200904,200904,40182,200904,40182,0,0.9585884226768204,0.9585884226768204,0.9585884226768204,0.0,0.24191228654151725,0.24191228654151725,1.0
kdd,3,base_lr_clickstream,activity_conditioned,static_full,0.01,169834,200904,2009,169834,2009,0,0.9402687904430065,0.9402687904430065,0.9402687904430065,0.0,0.014090495442407244,0.01186386388901101,0.8453490224186676
kdd,3,base_lr_clickstream,static_full,static_full,0.01,200904,200904,2009,200904,2009,0,0.9402687904430065,0.9402687904430065,0.9402687904430065,0.0,0.01186386388901101,0.01186386388901101,1.0
kdd,3,base_lr_clickstream,activity_conditioned,static_full,0.05,169834,200904,10042,169834,10042,0,0.9591714797849034,0.9591714797849034,0.9591714797849034,0.0,0.07184735420924647,0.060493772884570696,0.8453490224186676
kdd,3,base_lr_clickstream,static_full,static_full,0.05,200904,200904,10042,200904,10042,0,0.9591714797849034,0.9591714797849034,0.9591714797849034,0.0,0.060493772884570696,0.060493772884570696,1.0
kdd,3,base_lr_clickstream,activity_conditioned,static_full,0.1,169834,200904,20089,169834,20089,0,0.9613718950669521,0.9613718950669521,0.9613718950669521,0.0,0.1440602109471737,0.12129529025329255,0.8453490224186676
kdd,3,base_lr_clickstream,static_full,static_full,0.1,200904,200904,20089,200904,20089,0,0.9613718950669521,0.9613718950669521,0.9613718950669521,0.0,0.12129529025329255,0.12129529025329255,1.0
kdd,3,base_lr_clickstream,activity_conditioned,static_full,0.2,169834,200904,40182,169834,40182,0,0.9548802946593001,0.9548802946593001,0.9548802946593001,0.0,0.2862033984275932,0.24097649208971067,0.8453490224186676
kdd,3,base_lr_clickstream,static_full,static_full,0.2,200904,200904,40182,200904,40182,0,0.9548802946593001,0.9548802946593001,0.9548802946593001,0.0,0.24097649208971067,0.24097649208971067,1.0
kdd,3,base_lr_weekly,activity_conditioned,static_full,0.01,169834,200904,2009,169834,2009,0,0.9641612742658039,0.9641612742658039,0.9641612742658039,0.0,0.014448538735808805,0.012165327873485614,0.8453490224186676
kdd,3,base_lr_weekly,static_full,static_full,0.01,200904,200904,2009,200904,2009,0,0.9641612742658039,0.9641612742658039,0.9641612742658039,0.0,0.012165327873485614,0.012165327873485614,1.0
kdd,3,base_lr_weekly,activity_conditioned,static_full,0.05,169834,200904,10042,169834,10042,0,0.9666401115315674,0.9666401115315674,0.9666401115315674,0.0,0.0724067968551864,0.06096481036031227,0.8453490224186676
kdd,3,base_lr_weekly,static_full,static_full,0.05,200904,200904,10042,200904,10042,0,0.9666401115315674,0.9666401115315674,0.9666401115315674,0.0,0.06096481036031227,0.06096481036031227,1.0
kdd,3,base_lr_weekly,activity_conditioned,static_full,0.1,169834,200904,20089,169834,20089,0,0.9653043954402907,0.9653043954402907,0.9653043954402907,0.0,0.14464949053423043,0.12179144972774034,0.8453490224186676
kdd,3,base_lr_weekly,static_full,static_full,0.1,200904,200904,20089,200904,20089,0,0.9653043954402907,0.9653043954402907,0.9653043954402907,0.0,0.12179144972774034,0.12179144972774034,1.0
kdd,3,base_lr_weekly,activity_conditioned,static_full,0.2,169834,200904,40182,169834,40182,0,0.9584888756159474,0.9584888756159474,0.9584888756159474,0.0,0.2872849875430771,0.24188716454281103,0.8453490224186676
kdd,3,base_lr_weekly,static_full,static_full,0.2,200904,200904,40182,200904,40182,0,0.9584888756159474,0.9584888756159474,0.9584888756159474,0.0,0.24188716454281103,0.24188716454281103,1.0
kdd,3,base_rf_entropy,activity_conditioned,static_full,0.01,169834,200904,2009,169834,2009,0,0.8705823792931807,0.8705823792931807,0.8705823792931807,0.0,0.01304620250331936,0.010984593934293413,0.8453490224186676
kdd,3,base_rf_entropy,static_full,static_full,0.01,200904,200904,2009,200904,2009,0,0.8720756595321055,0.8720756595321055,0.8720756595321055,0.0,0.011003435433323076,0.011003435433323076,1.0
kdd,3,base_rf_entropy,activity_conditioned,static_full,0.05,169834,200904,10042,169834,10042,0,0.9432383987253535,0.9432383987253535,0.9432383987253535,0.0,0.0706538765645746,0.059488892936322015,0.8453490224186676
kdd,3,base_rf_entropy,static_full,static_full,0.05,200904,200904,10042,200904,10042,0,0.9434375622385979,0.9434375622385979,0.9434375622385979,0.0,0.059501453935675123,0.059501453935675123,1.0
kdd,3,base_rf_entropy,activity_conditioned,static_full,0.1,169834,200904,20089,169834,20089,0,0.95106774851909,0.95106774851909,0.95106774851909,0.0,0.14251614924437947,0.11999522682024581,0.8453490224186676
kdd,3,base_rf_entropy,static_full,static_full,0.1,200904,200904,20089,200904,20089,0,0.9509184130618746,0.9509184130618746,0.9509184130618746,0.0,0.11997638532121616,0.11997638532121616,1.0
kdd,3,base_rf_entropy,activity_conditioned,static_full,0.2,169834,200904,40182,169834,40182,0,0.950500223980887,0.950500223980887,0.950500223980887,0.0,0.28489057301845416,0.2398711241466371,0.8453490224186676
kdd,3,base_rf_entropy,static_full,static_full,0.2,200904,200904,40182,200904,40182,0,0.9505251107461052,0.9505251107461052,0.9505251107461052,0.0,0.23987740464631366,0.23987740464631366,1.0
kdd,3,base_rf_gini,activity_conditioned,static_full,0.01,169834,200904,2009,169834,2009,0,0.8710801393728222,0.8710801393728222,0.8710801393728222,0.0,0.013053661738598558,0.010990874433969967,0.8453490224186676
kdd,3,base_rf_gini,static_full,static_full,0.01,200904,200904,2009,200904,2009,0,0.8700846192135391,0.8700846192135391,0.8700846192135391,0.0,0.010978313434616858,0.010978313434616858,1.0
kdd,3,base_rf_gini,activity_conditioned,static_full,0.05,169834,200904,10042,169834,10042,0,0.9437363075084645,0.9437363075084645,0.9437363075084645,0.0,0.0706911727409706,0.05952029543470479,0.8453490224186676
kdd,3,base_rf_gini,static_full,static_full,0.05,200904,200904,10042,200904,10042,0,0.9436367257518422,0.9436367257518422,0.9436367257518422,0.0,0.05951401493502823,0.05951401493502823,1.0
kdd,3,base_rf_gini,activity_conditioned,static_full,0.1,169834,200904,20089,169834,20089,0,0.9508188560903977,0.9508188560903977,0.9508188560903977,0.0,0.14247885306798347,0.11996382432186305,0.8453490224186676
kdd,3,base_rf_gini,static_full,static_full,0.1,200904,200904,20089,200904,20089,0,0.9509681915476131,0.9509681915476131,0.9509681915476131,0.0,0.11998266582089272,0.11998266582089272,1.0
kdd,3,base_rf_gini,activity_conditioned,static_full,0.2,169834,200904,40182,169834,40182,0,0.9505499975113235,0.9505499975113235,0.9505499975113235,0.0,0.28490549148901256,0.2398836851459902,0.8453490224186676
kdd,3,base_rf_gini,static_full,static_full,0.2,200904,200904,40182,200904,40182,0,0.9506246578069782,0.9506246578069782,0.9506246578069782,0.0,0.23990252664501988,0.23990252664501988,1.0
kdd,3,base_svm,activity_conditioned,static_full,0.01,169834,200904,2009,169834,2009,0,0.9402687904430065,0.9402687904430065,0.9402687904430065,0.0,0.014090495442407244,0.01186386388901101,0.8453490224186676
kdd,3,base_svm,static_full,static_full,0.01,200904,200904,2009,200904,2009,0,0.9402687904430065,0.9402687904430065,0.9402687904430065,0.0,0.01186386388901101,0.01186386388901101,1.0
kdd,3,base_svm,activity_conditioned,static_full,0.05,169834,200904,10042,169834,10042,0,0.9591714797849034,0.9591714797849034,0.9591714797849034,0.0,0.07184735420924647,0.060493772884570696,0.8453490224186676
kdd,3,base_svm,static_full,static_full,0.05,200904,200904,10042,200904,10042,0,0.9591714797849034,0.9591714797849034,0.9591714797849034,0.0,0.060493772884570696,0.060493772884570696,1.0
kdd,3,base_svm,activity_conditioned,static_full,0.1,169834,200904,20089,169834,20089,0,0.9613221165812136,0.9613221165812136,0.9613221165812136,0.0,0.1440527517118945,0.12128900975361599,0.8453490224186676
kdd,3,base_svm,static_full,static_full,0.1,200904,200904,20089,200904,20089,0,0.9613221165812136,0.9613221165812136,0.9613221165812136,0.0,0.12128900975361599,0.12128900975361599,1.0
kdd,3,base_svm,activity_conditioned,static_full,0.2,169834,200904,40182,169834,40182,0,0.9549300681897367,0.9549300681897367,0.9549300681897367,0.0,0.2862183168981516,0.24098905308906376,0.8453490224186676
kdd,3,base_svm,static_full,static_full,0.2,200904,200904,40182,200904,40182,0,0.9549300681897367,0.9549300681897367,0.9549300681897367,0.0,0.24098905308906376,0.24098905308906376,1.0
kdd,3,flat_hgb,activity_conditioned,static_full,0.01,169834,200904,2009,169834,2009,0,0.9417620706819313,0.9417620706819313,0.9417620706819313,0.0,0.014112873148244841,0.011882705388040673,0.8453490224186676
kdd,3,flat_hgb,static_full,static_full,0.01,200904,200904,2009,200904,2009,0,0.9417620706819313,0.9417620706819313,0.9417620706819313,0.0,0.011882705388040673,0.011882705388040673,1.0
kdd,3,flat_hgb,activity_conditioned,static_full,0.05,169834,200904,10042,169834,10042,0,0.95947022505477,0.95947022505477,0.95947022505477,0.0,0.07186973191508407,0.06051261438360036,0.8453490224186676
kdd,3,flat_hgb,static_full,static_full,0.05,200904,200904,10042,200904,10042,0,0.95947022505477,0.95947022505477,0.95947022505477,0.0,0.06051261438360036,0.06051261438360036,1.0
kdd,3,flat_hgb,activity_conditioned,static_full,0.1,169834,200904,20089,169834,20089,0,0.9606252177808751,0.9606252177808751,0.9606252177808751,0.0,0.14394832241798572,0.12120108275814424,0.8453490224186676
kdd,3,flat_hgb,static_full,static_full,0.1,200904,200904,20089,200904,20089,0,0.9607247747523521,0.9607247747523521,0.9607247747523521,0.0,0.12121364375749735,0.12121364375749735,1.0
kdd,3,flat_hgb,activity_conditioned,static_full,0.2,169834,200904,40182,169834,40182,0,0.9555273505549748,0.9555273505549748,0.9555273505549748,0.0,0.2863973385448524,0.24113978508130107,0.8453490224186676
kdd,3,flat_hgb,static_full,static_full,0.2,200904,200904,40182,200904,40182,0,0.9552287093723558,0.9552287093723558,0.9552287093723558,0.0,0.24106441908518242,0.24106441908518242,1.0
kdd,3,pcg_ut,activity_conditioned,static_full,0.01,169834,200904,2009,169834,2009,0,0.9631657541065206,0.9631657541065206,0.9631657541065206,0.0,0.014433620265250406,0.012152766874132507,0.8453490224186676
kdd,3,pcg_ut,static_full,static_full,0.01,200904,200904,2009,200904,2009,0,0.9656545545047287,0.9656545545047287,0.9656545545047287,0.0,0.012184169372515277,0.012184169372515277,1.0
kdd,3,pcg_ut,activity_conditioned,static_full,0.05,169834,200904,10042,169834,10042,0,0.9652459669388568,0.9652459669388568,0.9652459669388568,0.0,0.07230236756127761,0.060876883364840505,0.8453490224186676
kdd,3,pcg_ut,static_full,static_full,0.05,200904,200904,10042,200904,10042,0,0.9641505676160127,0.9641505676160127,0.9641505676160127,0.0,0.06080779786839841,0.06080779786839841,1.0
kdd,3,pcg_ut,activity_conditioned,static_full,0.1,169834,200904,20089,169834,20089,0,0.9640599332968292,0.9640599332968292,0.9640599332968292,0.0,0.14446300965225045,0.12163443723582648,0.8453490224186676
kdd,3,pcg_ut,static_full,static_full,0.1,200904,200904,20089,200904,20089,0,0.963412812982229,0.963412812982229,0.963412812982229,0.0,0.12155279074003128,0.12155279074003128,1.0
kdd,3,pcg_ut,activity_conditioned,static_full,0.2,169834,200904,40182,169834,40182,0,0.9589368373898761,0.9589368373898761,0.9589368373898761,0.0,0.2874192537781027,0.242000213536989,0.8453490224186676
kdd,3,pcg_ut,static_full,static_full,0.2,200904,200904,40182,200904,40182,0,0.9590363844507491,0.9590363844507491,0.9590363844507491,0.0,0.24202533553569522,0.24202533553569522,1.0
kdd,3,temporal_hgb,activity_conditioned,static_full,0.01,169834,200904,2009,169834,2009,0,0.960179193628671,0.960179193628671,0.960179193628671,0.0,0.014388864853575212,0.01211508387607318,0.8453490224186676
kdd,3,temporal_hgb,static_full,static_full,0.01,200904,200904,2009,200904,2009,0,0.9636635141861623,0.9636635141861623,0.9636635141861623,0.0,0.012159047373809061,0.012159047373809061,1.0
kdd,3,temporal_hgb,activity_conditioned,static_full,0.05,169834,200904,10042,169834,10042,0,0.9655447122087234,0.9655447122087234,0.9655447122087234,0.0,0.07232474526711521,0.06089572486387017,0.8453490224186676
kdd,3,temporal_hgb,static_full,static_full,0.05,200904,200904,10042,200904,10042,0,0.9650468034256124,0.9650468034256124,0.9650468034256124,0.0,0.060864322365487396,0.060864322365487396,1.0
kdd,3,temporal_hgb,activity_conditioned,static_full,0.1,169834,200904,20089,169834,20089,0,0.9637114838966598,0.9637114838966598,0.9637114838966598,0.0,0.14441079500529605,0.12159047373809061,0.8453490224186676
kdd,3,temporal_hgb,static_full,static_full,0.1,200904,200904,20089,200904,20089,0,0.9636119269251829,0.9636119269251829,0.9636119269251829,0.0,0.1215779127387375,0.1215779127387375,1.0
kdd,3,temporal_hgb,activity_conditioned,static_full,0.2,169834,200904,40182,169834,40182,0,0.9592603653377134,0.9592603653377134,0.9592603653377134,0.0,0.28751622383673225,0.2420818600327842,0.8453490224186676
kdd,3,temporal_hgb,static_full,static_full,0.2,200904,200904,40182,200904,40182,0,0.9589368373898761,0.9589368373898761,0.9589368373898761,0.0,0.242000213536989,0.242000213536989,1.0
kdd,4,base_dffnn,activity_conditioned,static_full,0.01,194297,200904,2009,194297,2009,0,0.9746142359382778,0.9746142359382778,0.9746142359382778,0.0,0.01269623068493506,0.012297218366693254,0.9671136463186397
kdd,4,base_dffnn,static_full,static_full,0.01,200904,200904,2009,200904,2009,0,0.9766052762568442,0.9766052762568442,0.9766052762568442,0.0,0.01232234036539947,0.01232234036539947,1.0
kdd,4,base_dffnn,activity_conditioned,static_full,0.05,194297,200904,10042,194297,10042,0,0.9719179446325433,0.9719179446325433,0.9719179446325433,0.0,0.06328662486464054,0.06129767684316964,0.9671136463186397
kdd,4,base_dffnn,static_full,static_full,0.05,200904,200904,10042,200904,10042,0,0.9726150169288986,0.9726150169288986,0.9726150169288986,0.0,0.06134164034090552,0.06134164034090552,1.0
kdd,4,base_dffnn,activity_conditioned,static_full,0.1,194297,200904,20089,194297,20089,0,0.9713275922146448,0.9713275922146448,0.9713275922146448,0.0,0.12652785973193964,0.1225513901886034,0.9671136463186397
kdd,4,base_dffnn,static_full,static_full,0.1,200904,200904,20089,200904,20089,0,0.9710786997859525,0.9710786997859525,0.9710786997859525,0.0,0.12251998769022063,0.12251998769022063,1.0
kdd,4,base_dffnn,activity_conditioned,static_full,0.2,194297,200904,40182,194297,40182,0,0.9668508287292817,0.9668508287292817,0.9668508287292817,0.0,0.2519144852450087,0.24399741243413325,0.9671136463186397
kdd,4,base_dffnn,static_full,static_full,0.2,200904,200904,40182,200904,40182,0,0.9667263949031905,0.9667263949031905,0.9667263949031905,0.0,0.2439660099357505,0.2439660099357505,1.0
kdd,4,base_lr_clickstream,activity_conditioned,static_full,0.01,194297,200904,2009,194297,2009,0,0.9487307117969139,0.9487307117969139,0.9487307117969139,0.0,0.012359047847541483,0.011970632383512432,0.9671136463186397
kdd,4,base_lr_clickstream,static_full,static_full,0.01,200904,200904,2009,200904,2009,0,0.9487307117969139,0.9487307117969139,0.9487307117969139,0.0,0.011970632383512432,0.011970632383512432,1.0
kdd,4,base_lr_clickstream,activity_conditioned,static_full,0.05,194297,200904,10042,194297,10042,0,0.9633539135630352,0.9633539135630352,0.9633539135630352,0.0,0.06272897632587425,0.06075755387098598,0.9671136463186397
kdd,4,base_lr_clickstream,static_full,static_full,0.05,200904,200904,10042,200904,10042,0,0.9633539135630352,0.9633539135630352,0.9633539135630352,0.0,0.06075755387098598,0.06075755387098598,1.0
kdd,4,base_lr_clickstream,activity_conditioned,static_full,0.1,194297,200904,20089,194297,20089,0,0.9638110408681367,0.9638110408681367,0.9638110408681367,0.0,0.12554873264643138,0.12160303473744372,0.9671136463186397
kdd,4,base_lr_clickstream,static_full,static_full,0.1,200904,200904,20089,200904,20089,0,0.9638110408681367,0.9638110408681367,0.9638110408681367,0.0,0.12160303473744372,0.12160303473744372,1.0
kdd,4,base_lr_clickstream,activity_conditioned,static_full,0.2,194297,200904,40182,194297,40182,0,0.9586879697376935,0.9586879697376935,0.9586879697376935,0.0,0.24978763965529538,0.24193740854022347,0.9671136463186397
kdd,4,base_lr_clickstream,static_full,static_full,0.2,200904,200904,40182,200904,40182,0,0.9586879697376935,0.9586879697376935,0.9586879697376935,0.0,0.24193740854022347,0.24193740854022347,1.0
kdd,4,base_lr_weekly,activity_conditioned,static_full,0.01,194297,200904,2009,194297,2009,0,0.9776007964161274,0.9776007964161274,0.9776007964161274,0.0,0.012735136396942012,0.01233490136475258,0.9671136463186397
kdd,4,base_lr_weekly,static_full,static_full,0.01,200904,200904,2009,200904,2009,0,0.9776007964161274,0.9776007964161274,0.9776007964161274,0.0,0.01233490136475258,0.01233490136475258,1.0
kdd,4,base_lr_weekly,activity_conditioned,static_full,0.05,194297,200904,10042,194297,10042,0,0.9738099980083649,0.9738099980083649,0.9738099980083649,0.0,0.06340982628599588,0.061417006337024176,0.9671136463186397
kdd,4,base_lr_weekly,static_full,static_full,0.05,200904,200904,10042,200904,10042,0,0.9738099980083649,0.9738099980083649,0.9738099980083649,0.0,0.061417006337024176,0.061417006337024176,1.0
kdd,4,base_lr_weekly,activity_conditioned,static_full,0.1,194297,200904,20089,194297,20089,0,0.9716262631290756,0.9716262631290756,0.9716262631290756,0.0,0.1265667654439466,0.12258907318666273,0.9671136463186397
kdd,4,base_lr_weekly,static_full,static_full,0.1,200904,200904,20089,200904,20089,0,0.9716262631290756,0.9716262631290756,0.9716262631290756,0.0,0.12258907318666273,0.12258907318666273,1.0
kdd,4,base_lr_weekly,activity_conditioned,static_full,0.2,194297,200904,40182,194297,40182,0,0.9660793390075159,0.9660793390075159,0.9660793390075159,0.0,0.2517134723996395,0.24380271694416009,0.9671136463186397
kdd,4,base_lr_weekly,static_full,static_full,0.2,200904,200904,40182,200904,40182,0,0.9661539993031706,0.9661539993031706,0.9661539993031706,0.0,0.24382155844318973,0.24382155844318973,1.0
kdd,4,base_rf_entropy,activity_conditioned,static_full,0.01,194297,200904,2009,194297,2009,0,0.9064211050273768,0.9064211050273768,0.9064211050273768,0.0,0.011807883594109675,0.011436789911005319,0.9671136463186397
kdd,4,base_rf_entropy,static_full,static_full,0.01,200904,200904,2009,200904,2009,0,0.9069188651070185,0.9069188651070185,0.9069188651070185,0.0,0.011443070410681874,0.011443070410681874,1.0
kdd,4,base_rf_entropy,activity_conditioned,static_full,0.05,194297,200904,10042,194297,10042,0,0.9465245966938857,0.9465245966938857,0.9465245966938857,0.0,0.06163313210434512,0.059696149425648305,0.9671136463186397
kdd,4,base_rf_entropy,static_full,static_full,0.05,200904,200904,10042,200904,10042,0,0.9461262696673969,0.9461262696673969,0.9461262696673969,0.0,0.05967102742694209,0.05967102742694209,1.0
kdd,4,base_rf_entropy,activity_conditioned,static_full,0.1,194297,200904,20089,194297,20089,0,0.9568918313504903,0.9568918313504903,0.9568918313504903,0.0,0.124647416984937,0.12073004528240266,0.9671136463186397
kdd,4,base_rf_entropy,static_full,static_full,0.1,200904,200904,20089,200904,20089,0,0.9568918313504903,0.9568918313504903,0.9568918313504903,0.0,0.12073004528240266,0.12073004528240266,1.0
kdd,4,base_rf_entropy,activity_conditioned,static_full,0.2,194297,200904,40182,194297,40182,0,0.9589119506246578,0.9589119506246578,0.9589119506246578,0.0,0.24984599822330583,0.24199393303731245,0.9671136463186397
kdd,4,base_rf_entropy,static_full,static_full,0.2,200904,200904,40182,200904,40182,0,0.9591608182768404,0.9591608182768404,0.9591608182768404,0.0,0.24205673803407798,0.24205673803407798,1.0
kdd,4,base_rf_gini,activity_conditioned,static_full,0.01,194297,200904,2009,194297,2009,0,0.904927824788452,0.904927824788452,0.904927824788452,0.0,0.0117884307381062,0.011417948411975657,0.9671136463186397
kdd,4,base_rf_gini,static_full,static_full,0.01,200904,200904,2009,200904,2009,0,0.9059233449477352,0.9059233449477352,0.9059233449477352,0.0,0.011430509411328765,0.011430509411328765,1.0
kdd,4,base_rf_gini,activity_conditioned,static_full,0.05,194297,200904,10042,194297,10042,0,0.947221668990241,0.947221668990241,0.947221668990241,0.0,0.06167852210168656,0.05974011292338419,0.9671136463186397
kdd,4,base_rf_gini,static_full,static_full,0.05,200904,200904,10042,200904,10042,0,0.94672376020713,0.94672376020713,0.94672376020713,0.0,0.059708710425001414,0.059708710425001414,1.0
kdd,4,base_rf_gini,activity_conditioned,static_full,0.1,194297,200904,20089,194297,20089,0,0.9568918313504903,0.9568918313504903,0.9568918313504903,0.0,0.124647416984937,0.12073004528240266,0.9671136463186397
kdd,4,base_rf_gini,static_full,static_full,0.1,200904,200904,20089,200904,20089,0,0.9567922743790134,0.9567922743790134,0.9567922743790134,0.0,0.12071748428304956,0.12071748428304956,1.0
kdd,4,base_rf_gini,activity_conditioned,static_full,0.2,194297,200904,40182,194297,40182,0,0.9591857050420586,0.9591857050420586,0.9591857050420586,0.0,0.24991732536198522,0.24206301853375456,0.9671136463186397
kdd,4,base_rf_gini,static_full,static_full,0.2,200904,200904,40182,200904,40182,0,0.9590861579811856,0.9590861579811856,0.9590861579811856,0.0,0.24203789653504834,0.24203789653504834,1.0
kdd,4,base_svm,activity_conditioned,static_full,0.01,194297,200904,2009,194297,2009,0,0.9487307117969139,0.9487307117969139,0.9487307117969139,0.0,0.012359047847541483,0.011970632383512432,0.9671136463186397
kdd,4,base_svm,static_full,static_full,0.01,200904,200904,2009,200904,2009,0,0.9487307117969139,0.9487307117969139,0.9487307117969139,0.0,0.011970632383512432,0.011970632383512432,1.0
kdd,4,base_svm,activity_conditioned,static_full,0.05,194297,200904,10042,194297,10042,0,0.9633539135630352,0.9633539135630352,0.9633539135630352,0.0,0.06272897632587425,0.06075755387098598,0.9671136463186397
kdd,4,base_svm,static_full,static_full,0.05,200904,200904,10042,200904,10042,0,0.9633539135630352,0.9633539135630352,0.9633539135630352,0.0,0.06075755387098598,0.06075755387098598,1.0
kdd,4,base_svm,activity_conditioned,static_full,0.1,194297,200904,20089,194297,20089,0,0.9638110408681367,0.9638110408681367,0.9638110408681367,0.0,0.12554873264643138,0.12160303473744372,0.9671136463186397
kdd,4,base_svm,static_full,static_full,0.1,200904,200904,20089,200904,20089,0,0.9638110408681367,0.9638110408681367,0.9638110408681367,0.0,0.12160303473744372,0.12160303473744372,1.0
kdd,4,base_svm,activity_conditioned,static_full,0.2,194297,200904,40182,194297,40182,0,0.9586630829724753,0.9586630829724753,0.9586630829724753,0.0,0.2497811553699609,0.2419311280405469,0.9671136463186397
kdd,4,base_svm,static_full,static_full,0.2,200904,200904,40182,200904,40182,0,0.9585884226768204,0.9585884226768204,0.9585884226768204,0.0,0.24191228654151725,0.24191228654151725,1.0
kdd,4,flat_hgb,activity_conditioned,static_full,0.01,194297,200904,2009,194297,2009,0,0.9497262319561971,0.9497262319561971,0.9497262319561971,0.0,0.012372016418210468,0.011983193382865541,0.9671136463186397
kdd,4,flat_hgb,static_full,static_full,0.01,200904,200904,2009,200904,2009,0,0.9497262319561971,0.9497262319561971,0.9497262319561971,0.0,0.011983193382865541,0.011983193382865541,1.0
kdd,4,flat_hgb,activity_conditioned,static_full,0.05,194297,200904,10042,194297,10042,0,0.9635530770762796,0.9635530770762796,0.9635530770762796,0.0,0.06274194489654322,0.060770114870339086,0.9671136463186397
kdd,4,flat_hgb,static_full,static_full,0.05,200904,200904,10042,200904,10042,0,0.9635530770762796,0.9635530770762796,0.9635530770762796,0.0,0.060770114870339086,0.060770114870339086,1.0
kdd,4,flat_hgb,activity_conditioned,static_full,0.1,194297,200904,20089,194297,20089,0,0.9632136990392752,0.9632136990392752,0.9632136990392752,0.0,0.12547092122241746,0.12152766874132506,0.9671136463186397
kdd,4,flat_hgb,static_full,static_full,0.1,200904,200904,20089,200904,20089,0,0.9630643635820598,0.9630643635820598,0.9630643635820598,0.0,0.12150882724229539,0.12150882724229539,1.0
kdd,4,flat_hgb,activity_conditioned,static_full,0.2,194297,200904,40182,194297,40182,0,0.9588870638594396,0.9588870638594396,0.9588870638594396,0.0,0.24983951393797132,0.2419876525376359,0.9671136463186397
kdd,4,flat_hgb,static_full,static_full,0.2,200904,200904,40182,200904,40182,0,0.9589617241550943,0.9589617241550943,0.9589617241550943,0.0,0.24200649403666555,0.24200649403666555,1.0
kdd,4,pcg_ut,activity_conditioned,static_full,0.01,194297,200904,2009,194297,2009,0,0.9771030363364858,0.9771030363364858,0.9771030363364858,0.0,0.012728652111607518,0.012328620865076025,0.9671136463186397
kdd,4,pcg_ut,static_full,static_full,0.01,200904,200904,2009,200904,2009,0,0.975609756097561,0.975609756097561,0.975609756097561,0.0,0.012309779366046363,0.012309779366046363,1.0
kdd,4,pcg_ut,activity_conditioned,static_full,0.05,194297,200904,10042,194297,10042,0,0.9719179446325433,0.9719179446325433,0.9719179446325433,0.0,0.06328662486464054,0.06129767684316964,0.9671136463186397
kdd,4,pcg_ut,static_full,static_full,0.05,200904,200904,10042,200904,10042,0,0.9709221270663214,0.9709221270663214,0.9709221270663214,0.0,0.0612348718464041,0.0612348718464041,1.0
kdd,4,pcg_ut,activity_conditioned,static_full,0.1,194297,200904,20089,194297,20089,0,0.971028921300214,0.971028921300214,0.971028921300214,0.0,0.12648895401993268,0.12251370719054408,0.9671136463186397
kdd,4,pcg_ut,static_full,static_full,0.1,200904,200904,20089,200904,20089,0,0.9714271491861217,0.9714271491861217,0.9714271491861217,0.0,0.12256395118795652,0.12256395118795652,1.0
kdd,4,pcg_ut,activity_conditioned,static_full,0.2,194297,200904,40182,194297,40182,0,0.9672490169727739,0.9672490169727739,0.9672490169727739,0.0,0.2520182338103606,0.24409790042895813,0.9671136463186397
kdd,4,pcg_ut,static_full,static_full,0.2,200904,200904,40182,200904,40182,0,0.967547658155393,0.967547658155393,0.967547658155393,0.0,0.24417326642507678,0.24417326642507678,1.0
kdd,4,temporal_hgb,activity_conditioned,static_full,0.01,194297,200904,2009,194297,2009,0,0.9776007964161274,0.9776007964161274,0.9776007964161274,0.0,0.012735136396942012,0.01233490136475258,0.9671136463186397
kdd,4,temporal_hgb,static_full,static_full,0.01,200904,200904,2009,200904,2009,0,0.9761075161772026,0.9761075161772026,0.9761075161772026,0.0,0.012316059865722918,0.012316059865722918,1.0
kdd,4,temporal_hgb,activity_conditioned,static_full,0.05,194297,200904,10042,194297,10042,0,0.9733120892252539,0.9733120892252539,0.9733120892252539,0.0,0.06337740485932343,0.0613856038386414,0.9671136463186397
kdd,4,temporal_hgb,static_full,static_full,0.05,200904,200904,10042,200904,10042,0,0.9733120892252539,0.9733120892252539,0.9733120892252539,0.0,0.0613856038386414,0.0613856038386414,1.0
kdd,4,temporal_hgb,activity_conditioned,static_full,0.1,194297,200904,20089,194297,20089,0,0.9719249340435064,0.9719249340435064,0.9719249340435064,0.0,0.12660567115595356,0.12262675618472206,0.9671136463186397
kdd,4,temporal_hgb,static_full,static_full,0.1,200904,200904,20089,200904,20089,0,0.9718751555577679,0.9718751555577679,0.9718751555577679,0.0,0.1226204756850455,0.1226204756850455,1.0
kdd,4,temporal_hgb,activity_conditioned,static_full,0.2,194297,200904,40182,194297,40182,0,0.9673983375640834,0.9673983375640834,0.9673983375640834,0.0,0.2520571395223675,0.24413558342701747,0.9671136463186397
kdd,4,temporal_hgb,static_full,static_full,0.2,200904,200904,40182,200904,40182,0,0.9676969787467025,0.9676969787467025,0.9676969787467025,0.0,0.2442109494231361,0.2442109494231361,1.0
kdd,5,base_dffnn,activity_conditioned,static_full,0.01,200904,200904,2009,200904,2009,0,0.9810851169736187,0.9810851169736187,0.9810851169736187,0.0,0.012378864862488459,0.012378864862488459,1.0
kdd,5,base_dffnn,static_full,static_full,0.01,200904,200904,2009,200904,2009,0,0.9810851169736187,0.9810851169736187,0.9810851169736187,0.0,0.012378864862488459,0.012378864862488459,1.0
kdd,5,base_dffnn,activity_conditioned,static_full,0.05,200904,200904,10042,200904,10042,0,0.9752041426010755,0.9752041426010755,0.9752041426010755,0.0,0.06150493333249593,0.06150493333249593,1.0
kdd,5,base_dffnn,static_full,static_full,0.05,200904,200904,10042,200904,10042,0,0.9752041426010755,0.9752041426010755,0.9752041426010755,0.0,0.06150493333249593,0.06150493333249593,1.0
kdd,5,base_dffnn,activity_conditioned,static_full,0.1,200904,200904,20089,200904,20089,0,0.9728707252725373,0.9728707252725373,0.9728707252725373,0.0,0.12274608567857659,0.12274608567857659,1.0
kdd,5,base_dffnn,static_full,static_full,0.1,200904,200904,20089,200904,20089,0,0.9728707252725373,0.9728707252725373,0.9728707252725373,0.0,0.12274608567857659,0.12274608567857659,1.0
kdd,5,base_dffnn,activity_conditioned,static_full,0.2,200904,200904,40182,200904,40182,0,0.968916430242397,0.968916430242397,0.968916430242397,0.0,0.24451869390728725,0.24451869390728725,1.0
kdd,5,base_dffnn,static_full,static_full,0.2,200904,200904,40182,200904,40182,0,0.968916430242397,0.968916430242397,0.968916430242397,0.0,0.24451869390728725,0.24451869390728725,1.0
kdd,5,base_lr_clickstream,activity_conditioned,static_full,0.01,200904,200904,2009,200904,2009,0,0.9512195121951219,0.9512195121951219,0.9512195121951219,0.0,0.012002034881895204,0.012002034881895204,1.0
kdd,5,base_lr_clickstream,static_full,static_full,0.01,200904,200904,2009,200904,2009,0,0.9512195121951219,0.9512195121951219,0.9512195121951219,0.0,0.012002034881895204,0.012002034881895204,1.0
kdd,5,base_lr_clickstream,activity_conditioned,static_full,0.05,200904,200904,10042,200904,10042,0,0.9626568412666799,0.9626568412666799,0.9626568412666799,0.0,0.060713590373250095,0.060713590373250095,1.0
kdd,5,base_lr_clickstream,static_full,static_full,0.05,200904,200904,10042,200904,10042,0,0.9626568412666799,0.9626568412666799,0.9626568412666799,0.0,0.060713590373250095,0.060713590373250095,1.0
kdd,5,base_lr_clickstream,activity_conditioned,static_full,0.1,200904,200904,20089,200904,20089,0,0.962865249639106,0.962865249639106,0.962865249639106,0.0,0.12148370524358917,0.12148370524358917,1.0
kdd,5,base_lr_clickstream,static_full,static_full,0.1,200904,200904,20089,200904,20089,0,0.962865249639106,0.962865249639106,0.962865249639106,0.0,0.12148370524358917,0.12148370524358917,1.0
kdd,5,base_lr_clickstream,activity_conditioned,static_full,0.2,200904,200904,40182,200904,40182,0,0.9580658006072371,0.9580658006072371,0.9580658006072371,0.0,0.24178039604830961,0.24178039604830961,1.0
kdd,5,base_lr_clickstream,static_full,static_full,0.2,200904,200904,40182,200904,40182,0,0.9580658006072371,0.9580658006072371,0.9580658006072371,0.0,0.24178039604830961,0.24178039604830961,1.0
kdd,5,base_lr_weekly,activity_conditioned,static_full,0.01,200904,200904,2009,200904,2009,0,0.9810851169736187,0.9810851169736187,0.9810851169736187,0.0,0.012378864862488459,0.012378864862488459,1.0
kdd,5,base_lr_weekly,static_full,static_full,0.01,200904,200904,2009,200904,2009,0,0.9810851169736187,0.9810851169736187,0.9810851169736187,0.0,0.012378864862488459,0.012378864862488459,1.0
kdd,5,base_lr_weekly,activity_conditioned,static_full,0.05,200904,200904,10042,200904,10042,0,0.9754033061143198,0.9754033061143198,0.9754033061143198,0.0,0.06151749433184904,0.06151749433184904,1.0
kdd,5,base_lr_weekly,static_full,static_full,0.05,200904,200904,10042,200904,10042,0,0.9754033061143198,0.9754033061143198,0.9754033061143198,0.0,0.06151749433184904,0.06151749433184904,1.0
kdd,5,base_lr_weekly,activity_conditioned,static_full,0.1,200904,200904,20089,200904,20089,0,0.9734680671013988,0.9734680671013988,0.9734680671013988,0.0,0.12282145167469524,0.12282145167469524,1.0
kdd,5,base_lr_weekly,static_full,static_full,0.1,200904,200904,20089,200904,20089,0,0.9734680671013988,0.9734680671013988,0.9734680671013988,0.0,0.12282145167469524,0.12282145167469524,1.0
kdd,5,base_lr_weekly,activity_conditioned,static_full,0.2,200904,200904,40182,200904,40182,0,0.968418694938032,0.968418694938032,0.968418694938032,0.0,0.24439308391375617,0.24439308391375617,1.0
kdd,5,base_lr_weekly,static_full,static_full,0.2,200904,200904,40182,200904,40182,0,0.968418694938032,0.968418694938032,0.968418694938032,0.0,0.24439308391375617,0.24439308391375617,1.0
kdd,5,base_rf_entropy,activity_conditioned,static_full,0.01,200904,200904,2009,200904,2009,0,0.9168740666998507,0.9168740666998507,0.9168740666998507,0.0,0.01156868040421296,0.01156868040421296,1.0
kdd,5,base_rf_entropy,static_full,static_full,0.01,200904,200904,2009,200904,2009,0,0.9168740666998507,0.9168740666998507,0.9168740666998507,0.0,0.01156868040421296,0.01156868040421296,1.0
kdd,5,base_rf_entropy,activity_conditioned,static_full,0.05,200904,200904,10042,200904,10042,0,0.9525990838478391,0.9525990838478391,0.9525990838478391,0.0,0.060079259905918114,0.060079259905918114,1.0
kdd,5,base_rf_entropy,static_full,static_full,0.05,200904,200904,10042,200904,10042,0,0.9525990838478391,0.9525990838478391,0.9525990838478391,0.0,0.060079259905918114,0.060079259905918114,1.0
kdd,5,base_rf_entropy,activity_conditioned,static_full,0.1,200904,200904,20089,200904,20089,0,0.9608741102095675,0.9608741102095675,0.9608741102095675,0.0,0.12123248525652701,0.12123248525652701,1.0
kdd,5,base_rf_entropy,static_full,static_full,0.1,200904,200904,20089,200904,20089,0,0.9608741102095675,0.9608741102095675,0.9608741102095675,0.0,0.12123248525652701,0.12123248525652701,1.0
kdd,5,base_rf_entropy,activity_conditioned,static_full,0.2,200904,200904,40182,200904,40182,0,0.9625454183465233,0.9625454183465233,0.9625454183465233,0.0,0.24291088599008936,0.24291088599008936,1.0
kdd,5,base_rf_entropy,static_full,static_full,0.2,200904,200904,40182,200904,40182,0,0.9625454183465233,0.9625454183465233,0.9625454183465233,0.0,0.24291088599008936,0.24291088599008936,1.0
kdd,5,base_rf_gini,activity_conditioned,static_full,0.01,200904,200904,2009,200904,2009,0,0.9183673469387755,0.9183673469387755,0.9183673469387755,0.0,0.011587521903242621,0.011587521903242621,1.0
kdd,5,base_rf_gini,static_full,static_full,0.01,200904,200904,2009,200904,2009,0,0.9183673469387755,0.9183673469387755,0.9183673469387755,0.0,0.011587521903242621,0.011587521903242621,1.0
kdd,5,base_rf_gini,activity_conditioned,static_full,0.05,200904,200904,10042,200904,10042,0,0.9528978291177056,0.9528978291177056,0.9528978291177056,0.0,0.06009810140494778,0.06009810140494778,1.0
kdd,5,base_rf_gini,static_full,static_full,0.05,200904,200904,10042,200904,10042,0,0.9528978291177056,0.9528978291177056,0.9528978291177056,0.0,0.06009810140494778,0.06009810140494778,1.0
kdd,5,base_rf_gini,activity_conditioned,static_full,0.1,200904,200904,20089,200904,20089,0,0.9613221165812136,0.9613221165812136,0.9613221165812136,0.0,0.12128900975361599,0.12128900975361599,1.0
kdd,5,base_rf_gini,static_full,static_full,0.1,200904,200904,20089,200904,20089,0,0.9613221165812136,0.9613221165812136,0.9613221165812136,0.0,0.12128900975361599,0.12128900975361599,1.0
kdd,5,base_rf_gini,activity_conditioned,static_full,0.2,200904,200904,40182,200904,40182,0,0.9625951918769599,0.9625951918769599,0.9625951918769599,0.0,0.2429234469894425,0.2429234469894425,1.0
kdd,5,base_rf_gini,static_full,static_full,0.2,200904,200904,40182,200904,40182,0,0.9625951918769599,0.9625951918769599,0.9625951918769599,0.0,0.2429234469894425,0.2429234469894425,1.0
kdd,5,base_svm,activity_conditioned,static_full,0.01,200904,200904,2009,200904,2009,0,0.9512195121951219,0.9512195121951219,0.9512195121951219,0.0,0.012002034881895204,0.012002034881895204,1.0
kdd,5,base_svm,static_full,static_full,0.01,200904,200904,2009,200904,2009,0,0.9512195121951219,0.9512195121951219,0.9512195121951219,0.0,0.012002034881895204,0.012002034881895204,1.0
kdd,5,base_svm,activity_conditioned,static_full,0.05,200904,200904,10042,200904,10042,0,0.9626568412666799,0.9626568412666799,0.9626568412666799,0.0,0.060713590373250095,0.060713590373250095,1.0
kdd,5,base_svm,static_full,static_full,0.05,200904,200904,10042,200904,10042,0,0.9626568412666799,0.9626568412666799,0.9626568412666799,0.0,0.060713590373250095,0.060713590373250095,1.0
kdd,5,base_svm,activity_conditioned,static_full,0.1,200904,200904,20089,200904,20089,0,0.962865249639106,0.962865249639106,0.962865249639106,0.0,0.12148370524358917,0.12148370524358917,1.0
kdd,5,base_svm,static_full,static_full,0.1,200904,200904,20089,200904,20089,0,0.962865249639106,0.962865249639106,0.962865249639106,0.0,0.12148370524358917,0.12148370524358917,1.0
kdd,5,base_svm,activity_conditioned,static_full,0.2,200904,200904,40182,200904,40182,0,0.9581653476681101,0.9581653476681101,0.9581653476681101,0.0,0.24180551804701583,0.24180551804701583,1.0
kdd,5,base_svm,static_full,static_full,0.2,200904,200904,40182,200904,40182,0,0.9581653476681101,0.9581653476681101,0.9581653476681101,0.0,0.24180551804701583,0.24180551804701583,1.0
kdd,5,flat_hgb,activity_conditioned,static_full,0.01,200904,200904,2009,200904,2009,0,0.9522150323544052,0.9522150323544052,0.9522150323544052,0.0,0.012014595881248312,0.012014595881248312,1.0
kdd,5,flat_hgb,static_full,static_full,0.01,200904,200904,2009,200904,2009,0,0.9522150323544052,0.9522150323544052,0.9522150323544052,0.0,0.012014595881248312,0.012014595881248312,1.0
kdd,5,flat_hgb,activity_conditioned,static_full,0.05,200904,200904,10042,200904,10042,0,0.9628560047799243,0.9628560047799243,0.9628560047799243,0.0,0.060726151372603204,0.060726151372603204,1.0
kdd,5,flat_hgb,static_full,static_full,0.05,200904,200904,10042,200904,10042,0,0.9628560047799243,0.9628560047799243,0.9628560047799243,0.0,0.060726151372603204,0.060726151372603204,1.0
kdd,5,flat_hgb,activity_conditioned,static_full,0.1,200904,200904,20089,200904,20089,0,0.9625665787246752,0.9625665787246752,0.9625665787246752,0.0,0.12144602224552986,0.12144602224552986,1.0
kdd,5,flat_hgb,static_full,static_full,0.1,200904,200904,20089,200904,20089,0,0.9625665787246752,0.9625665787246752,0.9625665787246752,0.0,0.12144602224552986,0.12144602224552986,1.0
kdd,5,flat_hgb,activity_conditioned,static_full,0.2,200904,200904,40182,200904,40182,0,0.9582897814942014,0.9582897814942014,0.9582897814942014,0.0,0.2418369205453986,0.2418369205453986,1.0
kdd,5,flat_hgb,static_full,static_full,0.2,200904,200904,40182,200904,40182,0,0.9582897814942014,0.9582897814942014,0.9582897814942014,0.0,0.2418369205453986,0.2418369205453986,1.0
kdd,5,pcg_ut,activity_conditioned,static_full,0.01,200904,200904,2009,200904,2009,0,0.9751119960179193,0.9751119960179193,0.9751119960179193,0.0,0.012303498866369809,0.012303498866369809,1.0
kdd,5,pcg_ut,static_full,static_full,0.01,200904,200904,2009,200904,2009,0,0.9751119960179193,0.9751119960179193,0.9751119960179193,0.0,0.012303498866369809,0.012303498866369809,1.0
kdd,5,pcg_ut,activity_conditioned,static_full,0.05,200904,200904,10042,200904,10042,0,0.9741087432782314,0.9741087432782314,0.9741087432782314,0.0,0.06143584783605384,0.06143584783605384,1.0
kdd,5,pcg_ut,static_full,static_full,0.05,200904,200904,10042,200904,10042,0,0.9741087432782314,0.9741087432782314,0.9741087432782314,0.0,0.06143584783605384,0.06143584783605384,1.0
kdd,5,pcg_ut,activity_conditioned,static_full,0.1,200904,200904,20089,200904,20089,0,0.9737667380158296,0.9737667380158296,0.9737667380158296,0.0,0.12285913467275457,0.12285913467275457,1.0
kdd,5,pcg_ut,static_full,static_full,0.1,200904,200904,20089,200904,20089,0,0.9737667380158296,0.9737667380158296,0.9737667380158296,0.0,0.12285913467275457,0.12285913467275457,1.0
kdd,5,pcg_ut,activity_conditioned,static_full,0.2,200904,200904,40182,200904,40182,0,0.9696132596685083,0.9696132596685083,0.9696132596685083,0.0,0.24469454789823078,0.24469454789823078,1.0
kdd,5,pcg_ut,static_full,static_full,0.2,200904,200904,40182,200904,40182,0,0.9696132596685083,0.9696132596685083,0.9696132596685083,0.0,0.24469454789823078,0.24469454789823078,1.0
kdd,5,temporal_hgb,activity_conditioned,static_full,0.01,200904,200904,2009,200904,2009,0,0.9776007964161274,0.9776007964161274,0.9776007964161274,0.0,0.01233490136475258,0.01233490136475258,1.0
kdd,5,temporal_hgb,static_full,static_full,0.01,200904,200904,2009,200904,2009,0,0.9776007964161274,0.9776007964161274,0.9776007964161274,0.0,0.01233490136475258,0.01233490136475258,1.0
kdd,5,temporal_hgb,activity_conditioned,static_full,0.05,200904,200904,10042,200904,10042,0,0.9743079067914758,0.9743079067914758,0.9743079067914758,0.0,0.06144840883540695,0.06144840883540695,1.0
kdd,5,temporal_hgb,static_full,static_full,0.05,200904,200904,10042,200904,10042,0,0.9743079067914758,0.9743079067914758,0.9743079067914758,0.0,0.06144840883540695,0.06144840883540695,1.0
kdd,5,temporal_hgb,activity_conditioned,static_full,0.1,200904,200904,20089,200904,20089,0,0.9736174025586142,0.9736174025586142,0.9736174025586142,0.0,0.1228402931737249,0.1228402931737249,1.0
kdd,5,temporal_hgb,static_full,static_full,0.1,200904,200904,20089,200904,20089,0,0.9736174025586142,0.9736174025586142,0.9736174025586142,0.0,0.1228402931737249,0.1228402931737249,1.0
kdd,5,temporal_hgb,activity_conditioned,static_full,0.2,200904,200904,40182,200904,40182,0,0.9695137126076353,0.9695137126076353,0.9695137126076353,0.0,0.24466942589952456,0.24466942589952456,1.0
kdd,5,temporal_hgb,static_full,static_full,0.2,200904,200904,40182,200904,40182,0,0.9695137126076353,0.9695137126076353,0.9695137126076353,0.0,0.24466942589952456,0.24466942589952456,1.0
