dataset,week,protocol,model,n,n_clusters,cluster_unit,auc_mean,auc_ci_low,auc_ci_high,pr_auc_risk_mean,pr_auc_risk_ci_low,pr_auc_risk_ci_high,brier_mean,brier_ci_low,brier_ci_high,ece_mean,ece_ci_low,ece_ci_high
kdd,1,activity_conditioned,base_dffnn,98480,39,presentation,0.7702532040919301,0.7560190645967699,0.7866894798170826,0.8952233837746013,0.8794081134382102,0.9136597697392501,0.1516286940120177,0.13637674340072425,0.16397340825443615,0.004396452854620813,0.004240341049138488,0.03105504829830843
kdd,1,activity_conditioned,base_lr_clickstream,98480,39,presentation,0.7673576015301363,0.7543328039601609,0.7840147072286169,0.8905963185237971,0.8746009783786992,0.9105105125607396,0.15519788161537199,0.1387829638663606,0.16878318872261902,0.04253764029970922,0.0379578740473366,0.049413998738276815
kdd,1,activity_conditioned,base_lr_weekly,98480,39,presentation,0.7707078625751868,0.7563513719267201,0.787704842605774,0.8941077041748571,0.8788693043142639,0.9132100062736748,0.15189289625730337,0.13620050627639319,0.16449839598745222,0.017478450445055877,0.015346843209284932,0.0337435492073459
kdd,1,activity_conditioned,base_rf_entropy,98480,39,presentation,0.7667824632616946,0.7527251058637042,0.7827742319663755,0.893868646705889,0.8788194216831484,0.9111437480780405,0.19142665955218996,0.18346417334125278,0.19711400640345955,0.18901578884341158,0.16813962214135383,0.21206461467448137
kdd,1,activity_conditioned,base_rf_gini,98480,39,presentation,0.7667882206528847,0.7527306872956636,0.7827711354149459,0.8938685569527205,0.8788209043921761,0.9111437013826055,0.19142521785349179,0.18346320376172218,0.1971110159791732,0.18901816707697056,0.16814167967520893,0.21206632366876713
kdd,1,activity_conditioned,base_svm,98480,39,presentation,0.7668585624312947,0.7538717750845815,0.7835111813958255,0.89026111619777,0.8741599863871238,0.9103291014811571,0.15509922553576652,0.13879401551013018,0.16866571008521186,0.03995864249424838,0.03574269455240353,0.04651506725916529
kdd,1,activity_conditioned,flat_hgb,98480,39,presentation,0.7714280497521873,0.7573993739455552,0.7878678846444229,0.8942400828634114,0.8785131380581523,0.9126978859637608,0.15094045216948435,0.13587923375484567,0.16302478372470613,0.0042095582203219364,0.003977664945864386,0.028491636800955372
kdd,1,activity_conditioned,pcg_ut,98480,39,presentation,0.7695236082863064,0.7552266205731992,0.7866301146285983,0.8931941337089246,0.8777392857648634,0.9123932419473404,0.15162865644593176,0.13622354567775052,0.1639300374644378,0.005056914183721599,0.004543516093008908,0.03070427704119723
kdd,1,activity_conditioned,temporal_hgb,98480,39,presentation,0.7697220583034456,0.7557280080616191,0.7866428741904024,0.8933384686003533,0.8777517344925324,0.9126892661160747,0.15156109214854468,0.1362372047126858,0.16382630142355556,0.0038147695669875723,0.003981499562508925,0.030597882943788405
kdd,1,static_full,base_dffnn,200904,39,presentation,0.6750145714455976,0.6603290381126932,0.6955168734357948,0.8732601731909215,0.8542309066136928,0.894985080235213,0.1457987252506015,0.13015267992129048,0.15860178503690864,0.003916074462534916,0.0027646411434349956,0.027660848417754822
kdd,1,static_full,base_lr_clickstream,200904,39,presentation,0.6686081604151959,0.6547652746627863,0.6914811261775891,0.8687935067806026,0.8489651717583117,0.8928908266137239,0.14757459795193198,0.13134098510689624,0.1609766146738721,0.020428271891975033,0.015546739527880146,0.03634042937657188
kdd,1,static_full,base_lr_weekly,200904,39,presentation,0.670755785348516,0.6557641648636929,0.6940924630447604,0.8698171269937064,0.8492544244035001,0.8938501698765868,0.14595346384506605,0.13021969482172735,0.1588145155629822,0.00808903006636292,0.006670261663153037,0.02870055361319436
kdd,1,static_full,base_rf_entropy,200904,39,presentation,0.688308511560071,0.6706927001300114,0.7078411953631862,0.8784851570010768,0.860046691179467,0.8971418425229979,0.21139389899873262,0.2066361282376279,0.2152164759220679,0.251357712109669,0.23260960560366606,0.27387688884299943
kdd,1,static_full,base_rf_gini,200904,39,presentation,0.688312765562299,0.6706976324811229,0.7078548637233515,0.8784877546039892,0.8600503639699317,0.8971455598385872,0.21139373603360678,0.20663728538367193,0.2152168739488549,0.25135959206290476,0.23261082385347356,0.27387893704071736
kdd,1,static_full,base_svm,200904,39,presentation,0.6680988633637694,0.6541794510625223,0.6915591481554868,0.8683295603400581,0.8481739159222061,0.8927911022764387,0.14751207554013246,0.13134562516722753,0.1609059633181242,0.018353213607198157,0.014089183195649214,0.03469148482068483
kdd,1,static_full,flat_hgb,200904,39,presentation,0.672571119773884,0.6582115484862829,0.6957808342288084,0.8711036511918053,0.8509278706325819,0.8945582389906626,0.1454994646483745,0.12996122432432536,0.15808571545681122,0.0028018078348325754,0.0027188778942727095,0.026199028858469545
kdd,1,static_full,pcg_ut,200904,39,presentation,0.6717631341158178,0.6572978162883285,0.6953450421022724,0.8707822835465046,0.8503488625343724,0.8945003231528675,0.1458407837038504,0.13024410602812556,0.15849934197082577,0.002581924436419503,0.0028179752018968425,0.027498335773941927
kdd,1,static_full,temporal_hgb,200904,39,presentation,0.6721295128452939,0.657567197590652,0.6953780070443666,0.8708760744126616,0.8503341102769821,0.8945816879252099,0.14579445280287703,0.13015159001849966,0.15849015097661748,0.002387597319805965,0.0026609956783705422,0.027408463130898463
kdd,2,activity_conditioned,base_dffnn,139473,39,presentation,0.8182435528703218,0.8004122903338043,0.8321336028788396,0.9255547950915498,0.9156771940455729,0.9367625501982343,0.12731864654646632,0.11521509468171387,0.13681734497425352,0.0033126508847016235,0.002769212119925318,0.02116499207007581
kdd,2,activity_conditioned,base_lr_clickstream,139473,39,presentation,0.81165550724557,0.7950244912877169,0.825329381789,0.9211809864443616,0.9112604322273958,0.933836636683103,0.13285767827697115,0.11941883684325778,0.14363658028045553,0.040572153357889315,0.036135082158334456,0.04586628469816004
kdd,2,activity_conditioned,base_lr_weekly,139473,39,presentation,0.8149992876674135,0.7963330174069708,0.8293229634170161,0.9247524113291629,0.9146936834362586,0.9363977560621002,0.12970983518987367,0.11677693038113005,0.13984139987567737,0.022149349338171507,0.018237644468267266,0.03288075501156162
kdd,2,activity_conditioned,base_rf_entropy,139473,39,presentation,0.8054659973967956,0.787285844464296,0.8196729623070206,0.918953100899134,0.9078731177935895,0.9312240712218693,0.16224383759506653,0.15338237528935256,0.16911617105110532,0.1663878596182778,0.1534835795412226,0.18158057127290878
kdd,2,activity_conditioned,base_rf_gini,139473,39,presentation,0.8055625711070553,0.7873919313126654,0.8197467959635003,0.9190604005277565,0.9080272550214962,0.9312914706153618,0.16225462491457762,0.1533999943350533,0.1691213621938922,0.16650095439996468,0.15368944381495983,0.18162079299134176
kdd,2,activity_conditioned,base_svm,139473,39,presentation,0.810521461322816,0.7937315586874903,0.8242796143886837,0.9204189215035732,0.9104618653506967,0.933550955050105,0.1328618888678282,0.11964711964511512,0.14357514636117133,0.0385279868571609,0.033997547826873774,0.04431008585588544
kdd,2,activity_conditioned,flat_hgb,139473,39,presentation,0.8155340407356055,0.799604285158145,0.8288838750558649,0.9240980612578493,0.9143083951609029,0.9351655968561843,0.12818541121290128,0.1160239594561461,0.13755720386333373,0.003524096244307317,0.002925874796325855,0.018920460831759325
kdd,2,activity_conditioned,pcg_ut,139473,39,presentation,0.8169556700716987,0.7993334683302119,0.8311603218063647,0.924986597509657,0.9152520863137673,0.936214719780649,0.12778917527630662,0.11532611781036121,0.1373024245216473,0.0042300477593775945,0.004263491165915863,0.021815008253990832
kdd,2,activity_conditioned,temporal_hgb,139473,39,presentation,0.8174685981643282,0.799727028905523,0.8314580497557535,0.9249058475467336,0.9152402583175386,0.9361951328987635,0.12752320299505807,0.11535164422625736,0.13711006006369528,0.004162715653138433,0.003369978983205163,0.021514084127261378
kdd,2,static_full,base_dffnn,200904,39,presentation,0.7627715004759528,0.7431478440619894,0.7795246656885992,0.9114232179712004,0.8996090210975035,0.9250461055779626,0.13193589032705905,0.11858415701951741,0.14230315142642389,0.003958744301988768,0.0027345623496450545,0.022853229302121768
kdd,2,static_full,base_lr_clickstream,200904,39,presentation,0.7549218812182759,0.7367413080080721,0.7707523241498837,0.9070020681587705,0.8953508748109855,0.9216658761915829,0.13566135538948695,0.12153750640264496,0.14697448617472242,0.028015350442237397,0.023509575863307396,0.03876577661198338
kdd,2,static_full,base_lr_weekly,200904,39,presentation,0.7576853922374556,0.7365805261989553,0.7740375208424297,0.9097195055949414,0.8978095748031765,0.9238251888255304,0.13347178425398573,0.11972251372755037,0.1442315839284598,0.015583730039075094,0.013454873849008073,0.029442919984230424
kdd,2,static_full,base_rf_entropy,200904,39,presentation,0.7559083946866938,0.7323157838758667,0.7750527167267784,0.907053083918064,0.8946388445923595,0.9207087883335604,0.18225744706974795,0.17562975166698977,0.18729156511184736,0.20886146927934807,0.19408945322075738,0.22662151559815263
kdd,2,static_full,base_rf_gini,200904,39,presentation,0.7559830318428868,0.7324014179551155,0.7750655946483561,0.9070885218514535,0.894681193807644,0.9207318498920666,0.18227401714796748,0.17562410827317051,0.1873036993705447,0.20897012985332428,0.1942268930948152,0.22672435260069834
kdd,2,static_full,base_svm,200904,39,presentation,0.7540358503955371,0.735786457036825,0.7697101744452437,0.9062613327031297,0.8943235058398933,0.921259835428716,0.1356196441070741,0.12150695023973473,0.14675278425291516,0.02580234589021845,0.020502017148691876,0.03629508772212859
kdd,2,static_full,flat_hgb,200904,39,presentation,0.7594461053314732,0.7418753951058465,0.7749022213528448,0.9094609856184688,0.8977247826673493,0.9230432579131332,0.13240916068461478,0.11937619596566235,0.1428655227176762,0.0029088265299429855,0.0024743185483734106,0.02068313677259339
kdd,2,static_full,pcg_ut,200904,39,presentation,0.7607877688439735,0.7423274781293355,0.7766472159480384,0.9102301861683316,0.8984888416217068,0.9239815900878341,0.13212243448555186,0.11894679595434904,0.14247400254867457,0.0028481005577073466,0.0030909362886114055,0.022076379048156944
kdd,2,static_full,temporal_hgb,200904,39,presentation,0.760887111217555,0.7415947166691887,0.7768604684226839,0.9101395235907381,0.8984214881832245,0.9239541219923197,0.1319660573973043,0.11871853007163373,0.1422247640186992,0.0036447553978256704,0.0028402545567765393,0.022011718317897958
kdd,3,activity_conditioned,base_dffnn,169834,39,presentation,0.8480870425171055,0.8296739372581268,0.8621007836268733,0.9411302513671302,0.9335358572025049,0.9493195232142928,0.11014165773116959,0.09970152812279155,0.11828378043807186,0.0031946009769767054,0.002888826065381546,0.017232262452755227
kdd,3,activity_conditioned,base_lr_clickstream,169834,39,presentation,0.8366428680152934,0.8180632776890497,0.8513705664726539,0.9347503161547475,0.9256607091942455,0.9455394076712953,0.11747693349978212,0.10569188731331872,0.126783398997873,0.04434166801084032,0.03720976797377687,0.05216715935250161
kdd,3,activity_conditioned,base_lr_weekly,169834,39,presentation,0.8466503593337087,0.8278978142109518,0.861002797764446,0.9407935655236729,0.9331035546723236,0.9491029759811613,0.11132488256330195,0.10053378715869103,0.11980227929327625,0.02039127413069483,0.015929352006849522,0.027748876967518116
kdd,3,activity_conditioned,base_rf_entropy,169834,39,presentation,0.835767790055525,0.8162546325251465,0.8508059303345171,0.9311110877018818,0.9219898742831045,0.9412352346560625,0.1393936891670449,0.13072824842061165,0.14620314998293485,0.15088410674048477,0.1394308200487808,0.1622047310108392
kdd,3,activity_conditioned,base_rf_gini,169834,39,presentation,0.8358637680725622,0.8163260233820844,0.8509218780358551,0.9311679723153586,0.9220317916785404,0.9413004605751432,0.1394454037270473,0.13079084384085277,0.14627864795479126,0.1510555756185171,0.1395481219024973,0.1624019973248684
kdd,3,activity_conditioned,base_svm,169834,39,presentation,0.8359434611768857,0.8169133008869206,0.8508382133474303,0.9340176039396333,0.9248323813365195,0.9452776369087195,0.11723685176233056,0.10562881178447232,0.12639497968575691,0.04195973217776138,0.03580070008596529,0.04874932824336432
kdd,3,activity_conditioned,flat_hgb,169834,39,presentation,0.8394620425331617,0.8214181442194443,0.8533956232541915,0.9371063769767631,0.9288258186058204,0.9465035812670207,0.11372817512519551,0.10319275091414486,0.12211515876235002,0.0021315344920554463,0.0024823105044252014,0.01598182358414255
kdd,3,activity_conditioned,pcg_ut,169834,39,presentation,0.8477365308159843,0.8292874932051353,0.8618940480497308,0.9406865875789758,0.9331898575918773,0.9488808715059067,0.11029878863347944,0.09996009920232916,0.11840747601275027,0.0023651681007191365,0.003110606243634171,0.016666623878827797
kdd,3,activity_conditioned,temporal_hgb,169834,39,presentation,0.8481449829591381,0.829769859983352,0.8621889239850811,0.9406830304562112,0.9331738186489101,0.9489920308038386,0.11001983006761785,0.09963452851844433,0.11813850435043705,0.00352056020547606,0.003527511981446114,0.016137125402101885
kdd,3,static_full,base_dffnn,200904,39,presentation,0.8220944041499324,0.8034298559905442,0.8375090991512906,0.9339569514725041,0.9254515676508397,0.9428867669641657,0.11696552120265491,0.10592993646664296,0.12551970750660907,0.004829189789450513,0.002854107731268715,0.01929865898789599
kdd,3,static_full,base_lr_clickstream,200904,39,presentation,0.809718121493316,0.7901436898469859,0.8262376749263054,0.9274402335803281,0.9176643155551373,0.9389836996001325,0.12318368829829636,0.1109769616052832,0.1324521122468758,0.03758028052993752,0.030757359494401615,0.04648368431990045
kdd,3,static_full,base_lr_weekly,200904,39,presentation,0.8197054116777182,0.7999393788887598,0.8361768369820686,0.9331252197630627,0.9243664712259432,0.9425901514648489,0.11798357733843004,0.10668675028731858,0.12665025402365376,0.017257268174238862,0.013158636686872241,0.025829513611307815
kdd,3,static_full,base_rf_entropy,200904,39,presentation,0.8102892822425595,0.7888134498779548,0.8276274616346501,0.9246152397869282,0.914557035819585,0.9354625197983415,0.15485975382448589,0.1473906204898778,0.16095055216737258,0.1737055829298896,0.1611196174064762,0.18660579113355477
kdd,3,static_full,base_rf_gini,200904,39,presentation,0.8104497796651736,0.7889026102335451,0.8278022104917753,0.9247052967254541,0.9146157439958679,0.935507360133142,0.15488518736651744,0.14742732808681147,0.1610044726870566,0.17387034012713393,0.1613126639173861,0.18670362027327397
kdd,3,static_full,base_svm,200904,39,presentation,0.8105179861689125,0.7910833380888073,0.8268674265948461,0.927294087253288,0.9173903516262684,0.939073206207631,0.12297966826336233,0.11087812251617582,0.13207873324025807,0.03945760905333671,0.03188833114752127,0.047469441806496204
kdd,3,static_full,flat_hgb,200904,39,presentation,0.8133821632115239,0.7945942241265256,0.8292348157075665,0.9299342660417086,0.9207355694755734,0.9402872837221102,0.1200130739473263,0.10892149926904054,0.12853994929396678,0.0020997456292545925,0.0024050555334758934,0.01715983566587644
kdd,3,static_full,pcg_ut,200904,39,presentation,0.8211456228013054,0.8016748386135392,0.8372517047313376,0.9331421228907382,0.9245044433164031,0.9424248130541065,0.11714600770748934,0.10628194231563286,0.1255200265409514,0.0026292879149582265,0.003142872664322949,0.017689441126613716
kdd,3,static_full,temporal_hgb,200904,39,presentation,0.8213545153757901,0.8019572252054536,0.8374485536583911,0.933062922797782,0.9242963248417403,0.942526541114567,0.11689617581833764,0.10592815218136244,0.12537848577197858,0.003652439652817543,0.0030373324234570236,0.017492114073231067
kdd,4,activity_conditioned,base_dffnn,194297,39,presentation,0.8689349798621715,0.8527302568026555,0.8821585174310226,0.9503576212848196,0.9443057569161899,0.9565960957672264,0.09833475156238325,0.08968802823537679,0.10507390313820644,0.002723052288918415,0.002193022384498307,0.012803562643181778
kdd,4,activity_conditioned,base_lr_clickstream,194297,39,presentation,0.8482478488496656,0.8297681284210509,0.8629213152148614,0.9395177459261311,0.9310362590774425,0.9495778193979715,0.10898711494683265,0.09891067095231142,0.1169187147867848,0.03964595498306542,0.03481007077050041,0.04522552342566939
kdd,4,activity_conditioned,base_lr_weekly,194297,39,presentation,0.8671359787390978,0.8501545071330872,0.8810938760416097,0.9495026957645565,0.9428074679159815,0.9562908901256469,0.09946839780785109,0.0905263331848014,0.10644503703397903,0.018443711604507872,0.0164299480590935,0.022313598067703007
kdd,4,activity_conditioned,base_rf_entropy,194297,39,presentation,0.8580717326927222,0.8403799680344067,0.8725258985326421,0.9414070734592216,0.9338149753073725,0.9493450575411033,0.12501021492682785,0.11669482591110368,0.1314938310698866,0.13880537633969492,0.12896898443278185,0.14726057443948673
kdd,4,activity_conditioned,base_rf_gini,194297,39,presentation,0.858263365182407,0.8406305786782908,0.8726564171664615,0.9415540397997849,0.9339931022696722,0.9494677891042733,0.12505954381085058,0.11673230717667302,0.13157015854283763,0.13910326739848738,0.12928642142423757,0.14754297706581265
kdd,4,activity_conditioned,base_svm,194297,39,presentation,0.8476464800032794,0.828930109695548,0.8626043136250596,0.938970213522182,0.9303241564778644,0.949352873028438,0.10870346826611389,0.09882852351742955,0.11647922761158623,0.03618033559461217,0.03246752292435887,0.04096715701638427
kdd,4,activity_conditioned,flat_hgb,194297,39,presentation,0.85055614343968,0.8330770370583187,0.8643874685960515,0.9420331570690643,0.9344419080014658,0.9503627363088251,0.10609558088084317,0.0969962859881969,0.11317705005522397,0.0018887680905835585,0.002236273264522699,0.013571976252715253
kdd,4,activity_conditioned,pcg_ut,194297,39,presentation,0.8680837218059272,0.8516164762800738,0.8817906392579318,0.9495904918367539,0.9429723022084793,0.9563655421133256,0.09872760524144503,0.09006693574573736,0.10550807016193832,0.0018909696784845088,0.0023083092306453988,0.012388569472611119
kdd,4,activity_conditioned,temporal_hgb,194297,39,presentation,0.8683870182742469,0.8519888741641553,0.8819218036191566,0.9496572071473424,0.9430833695403299,0.9566081933575629,0.09843335292561363,0.08978980246035294,0.10521572502738762,0.002629328666522064,0.0025577585875179833,0.012175019019217652
kdd,4,static_full,base_dffnn,200904,39,presentation,0.8642381382171923,0.84818697866182,0.8774620419784671,0.9487625473576113,0.9424903810497337,0.955110815085051,0.10126945650506096,0.09242757059289626,0.10815551784942892,0.0021360740252778544,0.002363269376707994,0.01262213471279143
kdd,4,static_full,base_lr_clickstream,200904,39,presentation,0.8433318013988025,0.8248650270125762,0.858112657393219,0.9379404779436344,0.9293695132599101,0.9481194326760448,0.11146482732775603,0.10127848828328154,0.11947603337329771,0.038380321702073616,0.0328937099255714,0.044247720411991646
kdd,4,static_full,base_lr_weekly,200904,39,presentation,0.8622023886302974,0.8453985631034927,0.8763395253825855,0.9478315013901218,0.9410791867962363,0.9547684873446471,0.10225849695852504,0.09318068525012388,0.10937455074365493,0.017857418143976185,0.015243217742597296,0.02198947808400398
kdd,4,static_full,base_rf_entropy,200904,39,presentation,0.8536450672364047,0.8362394424246131,0.8683686324681569,0.9399398114601416,0.9322233116922884,0.9480620960369445,0.12976212136099322,0.12203683428236031,0.13578767795378496,0.14346513811487865,0.13360091162329207,0.15223896454194194
kdd,4,static_full,base_rf_gini,200904,39,presentation,0.8537951631323538,0.8363960968169625,0.8684697754258733,0.940142402692084,0.9324667645357726,0.9482148351808509,0.12983215692628544,0.12208787626914847,0.13588196682429673,0.14376115353596483,0.13392860597716355,0.15246417608730845
kdd,4,static_full,base_svm,200904,39,presentation,0.8431943303152536,0.8246640196127487,0.8581006220698995,0.9375367400687358,0.9288780790328572,0.9479453673780779,0.11120239287694436,0.10112198229543819,0.1191263065737351,0.03642008365178861,0.03224389484350788,0.0413766709634314
kdd,4,static_full,flat_hgb,200904,39,presentation,0.8459287698580986,0.828461138555065,0.8599730833422243,0.9402130784017169,0.9325864330906365,0.9486559727287884,0.10867318282364884,0.09943259554058563,0.11585679015388323,0.0021472899644101426,0.0022920060116207786,0.013992398969947303
kdd,4,static_full,pcg_ut,200904,39,presentation,0.863309279949771,0.8469053317415475,0.8772144289330333,0.9480308926624488,0.9413002214902687,0.9549408563368664,0.10154212328881305,0.09280784752682954,0.10845587216996096,0.001776846912213787,0.002112605708773623,0.01275900767526948
kdd,4,static_full,temporal_hgb,200904,39,presentation,0.8635129054239834,0.8471236064383802,0.8772059827236225,0.9479589598186164,0.9412672836415206,0.9550334068004894,0.10126279509398396,0.09246825765001676,0.10817996772615855,0.0029401770415533736,0.002901555963984444,0.012645383584270538
kdd,5,activity_conditioned,base_dffnn,200904,39,presentation,0.8756071032972997,0.859401924568652,0.8886996105290369,0.9519605796599515,0.9455415252502458,0.9584221612429501,0.09536153904730701,0.08707792312690525,0.10188622681230856,0.0023043195166736513,0.0020031934310228102,0.011310403624803518
kdd,5,activity_conditioned,base_lr_clickstream,200904,39,presentation,0.8493204365470648,0.8311273643391663,0.8638539910864224,0.9392043187616101,0.9306168130759606,0.9491049155449807,0.10805509891643049,0.09830472928118958,0.11576193631918048,0.038196807192206465,0.03364385905399966,0.043062471260502166
kdd,5,activity_conditioned,base_lr_weekly,200904,39,presentation,0.8742977038723271,0.8582782553417115,0.8875741473829857,0.9518849433578767,0.9454024138899291,0.9582163953771533,0.09681384800595119,0.08820162171643199,0.10361465160798064,0.0225424941660209,0.01949147700634178,0.026223631679840865
kdd,5,activity_conditioned,base_rf_entropy,200904,39,presentation,0.8673121532016015,0.8505042871352828,0.8813006195507753,0.9452949762741057,0.9381306640967649,0.952619156243511,0.12086756416989024,0.11300440367289967,0.12703322989320479,0.13557691929580695,0.12675734036796807,0.14310286860588822
kdd,5,activity_conditioned,base_rf_gini,200904,39,presentation,0.8674348265895282,0.8506741437164981,0.8814041296232008,0.9453930343532517,0.9382051548499043,0.9527183549707828,0.12094220749320075,0.11306102313753844,0.12711822561082842,0.1358934904923956,0.12702893862978207,0.14335946378342976
kdd,5,activity_conditioned,base_svm,200904,39,presentation,0.8487748079479183,0.8302716737652903,0.8634898888718495,0.9387025437981082,0.930105557951099,0.9489419034001405,0.10779062725805122,0.09822585245912789,0.1153101052827623,0.03481260787331673,0.031242583556428966,0.038972133231944296
kdd,5,activity_conditioned,flat_hgb,200904,39,presentation,0.85152815250148,0.8342077759834167,0.865335466722958,0.9414933247764103,0.9340208071305444,0.9497038543769482,0.10538796174220386,0.09650990731883391,0.11233607360494112,0.001658791883646319,0.002298110170683702,0.012978374327241327
kdd,5,activity_conditioned,pcg_ut,200904,39,presentation,0.875420469723174,0.8593766363079788,0.8884295158005874,0.9521222056241802,0.9457858362513963,0.9584269803606762,0.09575336685079691,0.08749590233155286,0.10228443068702335,0.0011434682166516783,0.001855182810412108,0.011012600541302408
kdd,5,activity_conditioned,temporal_hgb,200904,39,presentation,0.8756059224922392,0.8595030861483818,0.8886063524931601,0.9519015883950812,0.9455736120236086,0.958440267809899,0.09533475514211771,0.08710486757746108,0.1018769850357696,0.002679183078728758,0.002632397512536947,0.010904242620654352
kdd,5,static_full,base_dffnn,200904,39,presentation,0.8756071032972997,0.859401924568652,0.8886996105290369,0.9519605796599515,0.9455415252502458,0.9584221612429501,0.09536153904730701,0.08707792312690525,0.10188622681230856,0.0023043195166736513,0.0020031934310228102,0.011310403624803518
kdd,5,static_full,base_lr_clickstream,200904,39,presentation,0.8493204365470648,0.8311273643391663,0.8638539910864224,0.9392043187616101,0.9306168130759606,0.9491049155449807,0.10805509891643049,0.09830472928118958,0.11576193631918048,0.038196807192206465,0.03364385905399966,0.043062471260502166
kdd,5,static_full,base_lr_weekly,200904,39,presentation,0.8742977038723271,0.8582782553417115,0.8875741473829857,0.9518849433578767,0.9454024138899291,0.9582163953771533,0.09681384800595119,0.08820162171643199,0.10361465160798064,0.0225424941660209,0.01949147700634178,0.026223631679840865
kdd,5,static_full,base_rf_entropy,200904,39,presentation,0.8673121532016015,0.8505042871352828,0.8813006195507753,0.9452949762741057,0.9381306640967649,0.952619156243511,0.12086756416989024,0.11300440367289967,0.12703322989320479,0.13557691929580695,0.12675734036796807,0.14310286860588822
kdd,5,static_full,base_rf_gini,200904,39,presentation,0.8674348265895282,0.8506741437164981,0.8814041296232008,0.9453930343532517,0.9382051548499043,0.9527183549707828,0.12094220749320075,0.11306102313753844,0.12711822561082842,0.1358934904923956,0.12702893862978207,0.14335946378342976
kdd,5,static_full,base_svm,200904,39,presentation,0.8487748079479183,0.8302716737652903,0.8634898888718495,0.9387025437981082,0.930105557951099,0.9489419034001405,0.10779062725805122,0.09822585245912789,0.1153101052827623,0.03481260787331673,0.031242583556428966,0.038972133231944296
kdd,5,static_full,flat_hgb,200904,39,presentation,0.85152815250148,0.8342077759834167,0.865335466722958,0.9414933247764103,0.9340208071305444,0.9497038543769482,0.10538796174220386,0.09650990731883391,0.11233607360494112,0.001658791883646319,0.002298110170683702,0.012978374327241327
kdd,5,static_full,pcg_ut,200904,39,presentation,0.875420469723174,0.8593766363079788,0.8884295158005874,0.9521222056241802,0.9457858362513963,0.9584269803606762,0.09575336685079691,0.08749590233155286,0.10228443068702335,0.0011434682166516783,0.001855182810412108,0.011012600541302408
kdd,5,static_full,temporal_hgb,200904,39,presentation,0.8756059224922392,0.8595030861483818,0.8886063524931601,0.9519015883950812,0.9455736120236086,0.958440267809899,0.09533475514211771,0.08710486757746108,0.1018769850357696,0.002679183078728758,0.002632397512536947,0.010904242620654352
