comparison_type,dataset,week_from,week_to,model,budget,protocol,reference_protocol,jaccard,intersection,union
protocol,kdd,1,1,base_dffnn,0.01,activity_conditioned,static_full,1.0,2009,2009
protocol,kdd,1,1,base_dffnn,0.05,activity_conditioned,static_full,1.0,10042,10042
protocol,kdd,1,1,base_dffnn,0.1,activity_conditioned,static_full,1.0,20089,20089
protocol,kdd,1,1,base_dffnn,0.2,activity_conditioned,static_full,0.9656108597285068,39479,40885
protocol,kdd,1,1,base_lr_clickstream,0.01,activity_conditioned,static_full,1.0,2009,2009
protocol,kdd,1,1,base_lr_clickstream,0.05,activity_conditioned,static_full,1.0,10042,10042
protocol,kdd,1,1,base_lr_clickstream,0.1,activity_conditioned,static_full,1.0,20089,20089
protocol,kdd,1,1,base_lr_clickstream,0.2,activity_conditioned,static_full,0.9763421292083713,39701,40663
protocol,kdd,1,1,base_lr_weekly,0.01,activity_conditioned,static_full,1.0,2009,2009
protocol,kdd,1,1,base_lr_weekly,0.05,activity_conditioned,static_full,1.0,10042,10042
protocol,kdd,1,1,base_lr_weekly,0.1,activity_conditioned,static_full,1.0,20089,20089
protocol,kdd,1,1,base_lr_weekly,0.2,activity_conditioned,static_full,0.8803874771865787,37626,42738
protocol,kdd,1,1,base_rf_entropy,0.01,activity_conditioned,static_full,1.0,2009,2009
protocol,kdd,1,1,base_rf_entropy,0.05,activity_conditioned,static_full,1.0,10042,10042
protocol,kdd,1,1,base_rf_entropy,0.1,activity_conditioned,static_full,0.9994028365264991,20083,20095
protocol,kdd,1,1,base_rf_entropy,0.2,activity_conditioned,static_full,0.9631620089896423,39428,40936
protocol,kdd,1,1,base_rf_gini,0.01,activity_conditioned,static_full,1.0,2009,2009
protocol,kdd,1,1,base_rf_gini,0.05,activity_conditioned,static_full,1.0,10042,10042
protocol,kdd,1,1,base_rf_gini,0.1,activity_conditioned,static_full,0.9996018513910317,20085,20093
protocol,kdd,1,1,base_rf_gini,0.2,activity_conditioned,static_full,0.9631620089896423,39428,40936
protocol,kdd,1,1,base_svm,0.01,activity_conditioned,static_full,1.0,2009,2009
protocol,kdd,1,1,base_svm,0.05,activity_conditioned,static_full,1.0,10042,10042
protocol,kdd,1,1,base_svm,0.1,activity_conditioned,static_full,1.0,20089,20089
protocol,kdd,1,1,base_svm,0.2,activity_conditioned,static_full,0.963593715640042,39437,40927
protocol,kdd,1,1,flat_hgb,0.01,activity_conditioned,static_full,1.0,2009,2009
protocol,kdd,1,1,flat_hgb,0.05,activity_conditioned,static_full,0.9964214711729622,10024,10060
protocol,kdd,1,1,flat_hgb,0.1,activity_conditioned,static_full,0.9736699906666012,19821,20357
protocol,kdd,1,1,flat_hgb,0.2,activity_conditioned,static_full,0.9387243076329248,38912,41452
protocol,kdd,1,1,pcg_ut,0.01,activity_conditioned,static_full,1.0,2009,2009
protocol,kdd,1,1,pcg_ut,0.05,activity_conditioned,static_full,0.9865479723046489,9974,10110
protocol,kdd,1,1,pcg_ut,0.1,activity_conditioned,static_full,0.9600936676748951,19680,20498
protocol,kdd,1,1,pcg_ut,0.2,activity_conditioned,static_full,0.929044647143543,38704,41660
protocol,kdd,1,1,temporal_hgb,0.01,activity_conditioned,static_full,1.0,2009,2009
protocol,kdd,1,1,temporal_hgb,0.05,activity_conditioned,static_full,0.9865479723046489,9974,10110
protocol,kdd,1,1,temporal_hgb,0.1,activity_conditioned,static_full,0.9784321449675005,19870,20308
protocol,kdd,1,1,temporal_hgb,0.2,activity_conditioned,static_full,0.9418160730681873,38978,41386
protocol,kdd,2,2,base_dffnn,0.01,activity_conditioned,static_full,1.0,2009,2009
protocol,kdd,2,2,base_dffnn,0.05,activity_conditioned,static_full,0.9582683307332294,9828,10256
protocol,kdd,2,2,base_dffnn,0.1,activity_conditioned,static_full,0.9848829167078352,19936,20242
protocol,kdd,2,2,base_dffnn,0.2,activity_conditioned,static_full,0.9749336478914774,39672,40692
protocol,kdd,2,2,base_lr_clickstream,0.01,activity_conditioned,static_full,1.0,2009,2009
protocol,kdd,2,2,base_lr_clickstream,0.05,activity_conditioned,static_full,1.0,10042,10042
protocol,kdd,2,2,base_lr_clickstream,0.1,activity_conditioned,static_full,1.0,20089,20089
protocol,kdd,2,2,base_lr_clickstream,0.2,activity_conditioned,static_full,0.9999502277082348,40181,40183
protocol,kdd,2,2,base_lr_weekly,0.01,activity_conditioned,static_full,1.0,2009,2009
protocol,kdd,2,2,base_lr_weekly,0.05,activity_conditioned,static_full,1.0,10042,10042
protocol,kdd,2,2,base_lr_weekly,0.1,activity_conditioned,static_full,0.999701373681067,20086,20092
protocol,kdd,2,2,base_lr_weekly,0.2,activity_conditioned,static_full,0.9962739399359117,40107,40257
protocol,kdd,2,2,base_rf_entropy,0.01,activity_conditioned,static_full,0.9734774066797642,1982,2036
protocol,kdd,2,2,base_rf_entropy,0.05,activity_conditioned,static_full,0.9908802537668517,9996,10088
protocol,kdd,2,2,base_rf_entropy,0.1,activity_conditioned,static_full,0.9926598224470565,20015,20163
protocol,kdd,2,2,base_rf_entropy,0.2,activity_conditioned,static_full,0.99305590000496,40042,40322
protocol,kdd,2,2,base_rf_gini,0.01,activity_conditioned,static_full,0.9754178957718781,1984,2034
protocol,kdd,2,2,base_rf_gini,0.05,activity_conditioned,static_full,0.9900911613158938,9992,10092
protocol,kdd,2,2,base_rf_gini,0.1,activity_conditioned,static_full,0.9940443694476153,20029,20149
protocol,kdd,2,2,base_rf_gini,0.2,activity_conditioned,static_full,0.9928087881568181,40037,40327
protocol,kdd,2,2,base_svm,0.01,activity_conditioned,static_full,1.0,2009,2009
protocol,kdd,2,2,base_svm,0.05,activity_conditioned,static_full,1.0,10042,10042
protocol,kdd,2,2,base_svm,0.1,activity_conditioned,static_full,1.0,20089,20089
protocol,kdd,2,2,base_svm,0.2,activity_conditioned,static_full,0.9973654778178203,40129,40235
protocol,kdd,2,2,flat_hgb,0.01,activity_conditioned,static_full,1.0,2009,2009
protocol,kdd,2,2,flat_hgb,0.05,activity_conditioned,static_full,0.9998008563178333,10041,10043
protocol,kdd,2,2,flat_hgb,0.1,activity_conditioned,static_full,0.9634462200068417,19715,20463
protocol,kdd,2,2,flat_hgb,0.2,activity_conditioned,static_full,0.9671505152620371,39511,40853
protocol,kdd,2,2,pcg_ut,0.01,activity_conditioned,static_full,1.0,2009,2009
protocol,kdd,2,2,pcg_ut,0.05,activity_conditioned,static_full,0.9887117536389741,9985,10099
protocol,kdd,2,2,pcg_ut,0.1,activity_conditioned,static_full,0.9925609998016267,20014,20164
protocol,kdd,2,2,pcg_ut,0.2,activity_conditioned,static_full,0.952762793410118,39210,41154
protocol,kdd,2,2,temporal_hgb,0.01,activity_conditioned,static_full,1.0,2009,2009
protocol,kdd,2,2,temporal_hgb,0.05,activity_conditioned,static_full,1.0,10042,10042
protocol,kdd,2,2,temporal_hgb,0.1,activity_conditioned,static_full,0.9696063532526105,19779,20399
protocol,kdd,2,2,temporal_hgb,0.2,activity_conditioned,static_full,0.969223229600588,39554,40810
protocol,kdd,3,3,base_dffnn,0.01,activity_conditioned,static_full,0.9087885985748219,1913,2105
protocol,kdd,3,3,base_dffnn,0.05,activity_conditioned,static_full,0.8799962557334082,9401,10683
protocol,kdd,3,3,base_dffnn,0.1,activity_conditioned,static_full,0.9352632339482684,19417,20761
protocol,kdd,3,3,base_dffnn,0.2,activity_conditioned,static_full,0.9506772173406476,39166,41198
protocol,kdd,3,3,base_lr_clickstream,0.01,activity_conditioned,static_full,1.0,2009,2009
protocol,kdd,3,3,base_lr_clickstream,0.05,activity_conditioned,static_full,1.0,10042,10042
protocol,kdd,3,3,base_lr_clickstream,0.1,activity_conditioned,static_full,1.0,20089,20089
protocol,kdd,3,3,base_lr_clickstream,0.2,activity_conditioned,static_full,0.999900457893689,40180,40184
protocol,kdd,3,3,base_lr_weekly,0.01,activity_conditioned,static_full,1.0,2009,2009
protocol,kdd,3,3,base_lr_weekly,0.05,activity_conditioned,static_full,1.0,10042,10042
protocol,kdd,3,3,base_lr_weekly,0.1,activity_conditioned,static_full,0.9999004479840716,20088,20090
protocol,kdd,3,3,base_lr_weekly,0.2,activity_conditioned,static_full,0.9993034132749528,40168,40196
protocol,kdd,3,3,base_rf_entropy,0.01,activity_conditioned,static_full,0.910603899191631,1915,2103
protocol,kdd,3,3,base_rf_entropy,0.05,activity_conditioned,static_full,0.9597970335675253,9836,10248
protocol,kdd,3,3,base_rf_entropy,0.1,activity_conditioned,static_full,0.9595200936402654,19674,20504
protocol,kdd,3,3,base_rf_entropy,0.2,activity_conditioned,static_full,0.9855709838414785,39890,40474
protocol,kdd,3,3,base_rf_gini,0.01,activity_conditioned,static_full,0.919732441471572,1925,2093
protocol,kdd,3,3,base_rf_gini,0.05,activity_conditioned,static_full,0.9582683307332294,9828,10256
protocol,kdd,3,3,base_rf_gini,0.1,activity_conditioned,static_full,0.9598068386907955,19677,20501
protocol,kdd,3,3,base_rf_gini,0.2,activity_conditioned,static_full,0.9838554395319559,39855,40509
protocol,kdd,3,3,base_svm,0.01,activity_conditioned,static_full,1.0,2009,2009
protocol,kdd,3,3,base_svm,0.05,activity_conditioned,static_full,1.0,10042,10042
protocol,kdd,3,3,base_svm,0.1,activity_conditioned,static_full,1.0,20089,20089
protocol,kdd,3,3,base_svm,0.2,activity_conditioned,static_full,1.0,40182,40182
protocol,kdd,3,3,flat_hgb,0.01,activity_conditioned,static_full,1.0,2009,2009
protocol,kdd,3,3,flat_hgb,0.05,activity_conditioned,static_full,0.9998008563178333,10041,10043
protocol,kdd,3,3,flat_hgb,0.1,activity_conditioned,static_full,0.987927366285686,19967,20211
protocol,kdd,3,3,flat_hgb,0.2,activity_conditioned,static_full,0.9625866953208948,39416,40948
protocol,kdd,3,3,pcg_ut,0.01,activity_conditioned,static_full,0.7873665480427047,1770,2248
protocol,kdd,3,3,pcg_ut,0.05,activity_conditioned,static_full,0.8522549110024901,9241,10843
protocol,kdd,3,3,pcg_ut,0.1,activity_conditioned,static_full,0.9530429710285825,19606,20572
protocol,kdd,3,3,pcg_ut,0.2,activity_conditioned,static_full,0.9422384416463252,38987,41377
protocol,kdd,3,3,temporal_hgb,0.01,activity_conditioned,static_full,0.6001592990840303,1507,2511
protocol,kdd,3,3,temporal_hgb,0.05,activity_conditioned,static_full,0.7959402664759009,8901,11183
protocol,kdd,3,3,temporal_hgb,0.1,activity_conditioned,static_full,0.9329356297507938,19392,20786
protocol,kdd,3,3,temporal_hgb,0.2,activity_conditioned,static_full,0.9600497548840272,39363,41001
protocol,kdd,4,4,base_dffnn,0.01,activity_conditioned,static_full,0.6989429175475688,1653,2365
protocol,kdd,4,4,base_dffnn,0.05,activity_conditioned,static_full,0.7876279483756119,8849,11235
protocol,kdd,4,4,base_dffnn,0.1,activity_conditioned,static_full,0.8800243320387441,18807,21371
protocol,kdd,4,4,base_dffnn,0.2,activity_conditioned,static_full,0.9337327654659641,38805,41559
protocol,kdd,4,4,base_lr_clickstream,0.01,activity_conditioned,static_full,1.0,2009,2009
protocol,kdd,4,4,base_lr_clickstream,0.05,activity_conditioned,static_full,1.0,10042,10042
protocol,kdd,4,4,base_lr_clickstream,0.1,activity_conditioned,static_full,1.0,20089,20089
protocol,kdd,4,4,base_lr_clickstream,0.2,activity_conditioned,static_full,1.0,40182,40182
protocol,kdd,4,4,base_lr_weekly,0.01,activity_conditioned,static_full,1.0,2009,2009
protocol,kdd,4,4,base_lr_weekly,0.05,activity_conditioned,static_full,1.0,10042,10042
protocol,kdd,4,4,base_lr_weekly,0.1,activity_conditioned,static_full,1.0,20089,20089
protocol,kdd,4,4,base_lr_weekly,0.2,activity_conditioned,static_full,0.9993531533772857,40169,40195
protocol,kdd,4,4,base_rf_entropy,0.01,activity_conditioned,static_full,0.9485935984481086,1956,2062
protocol,kdd,4,4,base_rf_entropy,0.05,activity_conditioned,static_full,0.9730818351508007,9905,10179
protocol,kdd,4,4,base_rf_entropy,0.1,activity_conditioned,static_full,0.9818477778325853,19905,20273
protocol,kdd,4,4,base_rf_entropy,0.2,activity_conditioned,static_full,0.9820450845952745,39818,40546
protocol,kdd,4,4,base_rf_gini,0.01,activity_conditioned,static_full,0.9485935984481086,1956,2062
protocol,kdd,4,4,base_rf_gini,0.05,activity_conditioned,static_full,0.9734695882873146,9907,10177
protocol,kdd,4,4,base_rf_gini,0.1,activity_conditioned,static_full,0.9843927495431422,19931,20247
protocol,kdd,4,4,base_rf_gini,0.2,activity_conditioned,static_full,0.982485137035301,39827,40537
protocol,kdd,4,4,base_svm,0.01,activity_conditioned,static_full,1.0,2009,2009
protocol,kdd,4,4,base_svm,0.05,activity_conditioned,static_full,1.0,10042,10042
protocol,kdd,4,4,base_svm,0.1,activity_conditioned,static_full,1.0,20089,20089
protocol,kdd,4,4,base_svm,0.2,activity_conditioned,static_full,0.9982097568253021,40146,40218
protocol,kdd,4,4,flat_hgb,0.01,activity_conditioned,static_full,1.0,2009,2009
protocol,kdd,4,4,flat_hgb,0.05,activity_conditioned,static_full,1.0,10042,10042
protocol,kdd,4,4,flat_hgb,0.1,activity_conditioned,static_full,0.9754166871527608,19839,20339
protocol,kdd,4,4,flat_hgb,0.2,activity_conditioned,static_full,0.9762935274444225,39700,40664
protocol,kdd,4,4,pcg_ut,0.01,activity_conditioned,static_full,0.7723864137626819,1751,2267
protocol,kdd,4,4,pcg_ut,0.05,activity_conditioned,static_full,0.8651560178306092,9316,10768
protocol,kdd,4,4,pcg_ut,0.1,activity_conditioned,static_full,0.883814703675919,18850,21328
protocol,kdd,4,4,pcg_ut,0.2,activity_conditioned,static_full,0.9673431418149772,39515,40849
protocol,kdd,4,4,temporal_hgb,0.01,activity_conditioned,static_full,0.8934967012252591,1896,2122
protocol,kdd,4,4,temporal_hgb,0.05,activity_conditioned,static_full,0.9263380011509688,9658,10426
protocol,kdd,4,4,temporal_hgb,0.1,activity_conditioned,static_full,0.9597112476831529,19676,20502
protocol,kdd,4,4,temporal_hgb,0.2,activity_conditioned,static_full,0.9594284878334227,39350,41014
protocol,kdd,5,5,base_dffnn,0.01,activity_conditioned,static_full,1.0,2009,2009
protocol,kdd,5,5,base_dffnn,0.05,activity_conditioned,static_full,1.0,10042,10042
protocol,kdd,5,5,base_dffnn,0.1,activity_conditioned,static_full,1.0,20089,20089
protocol,kdd,5,5,base_dffnn,0.2,activity_conditioned,static_full,1.0,40182,40182
protocol,kdd,5,5,base_lr_clickstream,0.01,activity_conditioned,static_full,1.0,2009,2009
protocol,kdd,5,5,base_lr_clickstream,0.05,activity_conditioned,static_full,1.0,10042,10042
protocol,kdd,5,5,base_lr_clickstream,0.1,activity_conditioned,static_full,1.0,20089,20089
protocol,kdd,5,5,base_lr_clickstream,0.2,activity_conditioned,static_full,1.0,40182,40182
protocol,kdd,5,5,base_lr_weekly,0.01,activity_conditioned,static_full,1.0,2009,2009
protocol,kdd,5,5,base_lr_weekly,0.05,activity_conditioned,static_full,1.0,10042,10042
protocol,kdd,5,5,base_lr_weekly,0.1,activity_conditioned,static_full,1.0,20089,20089
protocol,kdd,5,5,base_lr_weekly,0.2,activity_conditioned,static_full,1.0,40182,40182
protocol,kdd,5,5,base_rf_entropy,0.01,activity_conditioned,static_full,1.0,2009,2009
protocol,kdd,5,5,base_rf_entropy,0.05,activity_conditioned,static_full,1.0,10042,10042
protocol,kdd,5,5,base_rf_entropy,0.1,activity_conditioned,static_full,1.0,20089,20089
protocol,kdd,5,5,base_rf_entropy,0.2,activity_conditioned,static_full,1.0,40182,40182
protocol,kdd,5,5,base_rf_gini,0.01,activity_conditioned,static_full,1.0,2009,2009
protocol,kdd,5,5,base_rf_gini,0.05,activity_conditioned,static_full,1.0,10042,10042
protocol,kdd,5,5,base_rf_gini,0.1,activity_conditioned,static_full,1.0,20089,20089
protocol,kdd,5,5,base_rf_gini,0.2,activity_conditioned,static_full,1.0,40182,40182
protocol,kdd,5,5,base_svm,0.01,activity_conditioned,static_full,1.0,2009,2009
protocol,kdd,5,5,base_svm,0.05,activity_conditioned,static_full,1.0,10042,10042
protocol,kdd,5,5,base_svm,0.1,activity_conditioned,static_full,1.0,20089,20089
protocol,kdd,5,5,base_svm,0.2,activity_conditioned,static_full,1.0,40182,40182
protocol,kdd,5,5,flat_hgb,0.01,activity_conditioned,static_full,1.0,2009,2009
protocol,kdd,5,5,flat_hgb,0.05,activity_conditioned,static_full,1.0,10042,10042
protocol,kdd,5,5,flat_hgb,0.1,activity_conditioned,static_full,1.0,20089,20089
protocol,kdd,5,5,flat_hgb,0.2,activity_conditioned,static_full,1.0,40182,40182
protocol,kdd,5,5,pcg_ut,0.01,activity_conditioned,static_full,1.0,2009,2009
protocol,kdd,5,5,pcg_ut,0.05,activity_conditioned,static_full,1.0,10042,10042
protocol,kdd,5,5,pcg_ut,0.1,activity_conditioned,static_full,1.0,20089,20089
protocol,kdd,5,5,pcg_ut,0.2,activity_conditioned,static_full,1.0,40182,40182
protocol,kdd,5,5,temporal_hgb,0.01,activity_conditioned,static_full,1.0,2009,2009
protocol,kdd,5,5,temporal_hgb,0.05,activity_conditioned,static_full,1.0,10042,10042
protocol,kdd,5,5,temporal_hgb,0.1,activity_conditioned,static_full,1.0,20089,20089
protocol,kdd,5,5,temporal_hgb,0.2,activity_conditioned,static_full,1.0,40182,40182
time,kdd,1,2,base_dffnn,0.01,activity_conditioned,activity_conditioned,0.6313438895655704,1555,2463
time,kdd,2,3,base_dffnn,0.01,activity_conditioned,activity_conditioned,0.7889581478183437,1772,2246
time,kdd,3,4,base_dffnn,0.01,activity_conditioned,activity_conditioned,0.6989429175475688,1653,2365
time,kdd,4,5,base_dffnn,0.01,activity_conditioned,activity_conditioned,0.7833999112294718,1765,2253
time,kdd,1,2,base_dffnn,0.05,activity_conditioned,activity_conditioned,0.675621558484899,8098,11986
time,kdd,2,3,base_dffnn,0.05,activity_conditioned,activity_conditioned,0.856192236598891,9264,10820
time,kdd,3,4,base_dffnn,0.05,activity_conditioned,activity_conditioned,0.7440083362278569,8568,11516
time,kdd,4,5,base_dffnn,0.05,activity_conditioned,activity_conditioned,0.7478026281437646,8593,11491
time,kdd,1,2,base_dffnn,0.1,activity_conditioned,activity_conditioned,0.5625559055730565,14465,25713
time,kdd,2,3,base_dffnn,0.1,activity_conditioned,activity_conditioned,0.8758111956673981,18759,21419
time,kdd,3,4,base_dffnn,0.1,activity_conditioned,activity_conditioned,0.8311001731838483,18236,21942
time,kdd,4,5,base_dffnn,0.1,activity_conditioned,activity_conditioned,0.8751108414617071,18751,21427
time,kdd,1,2,base_dffnn,0.2,activity_conditioned,activity_conditioned,0.5502912921023188,28526,51838
time,kdd,2,3,base_dffnn,0.2,activity_conditioned,activity_conditioned,0.8214042881102398,36242,44122
time,kdd,3,4,base_dffnn,0.2,activity_conditioned,activity_conditioned,0.8446071567929855,36797,43567
time,kdd,4,5,base_dffnn,0.2,activity_conditioned,activity_conditioned,0.9262242036384555,38643,41721
time,kdd,1,2,base_lr_clickstream,0.01,activity_conditioned,activity_conditioned,0.3147905759162304,962,3056
time,kdd,2,3,base_lr_clickstream,0.01,activity_conditioned,activity_conditioned,0.4589687726942629,1264,2754
time,kdd,3,4,base_lr_clickstream,0.01,activity_conditioned,activity_conditioned,0.6234343434343435,1543,2475
time,kdd,4,5,base_lr_clickstream,0.01,activity_conditioned,activity_conditioned,0.8405863490609253,1835,2183
time,kdd,1,2,base_lr_clickstream,0.05,activity_conditioned,activity_conditioned,0.40359214480396954,5775,14309
time,kdd,2,3,base_lr_clickstream,0.05,activity_conditioned,activity_conditioned,0.5343009931245225,6994,13090
time,kdd,3,4,base_lr_clickstream,0.05,activity_conditioned,activity_conditioned,0.6482560525235945,7899,12185
time,kdd,4,5,base_lr_clickstream,0.05,activity_conditioned,activity_conditioned,0.8777112939416605,9388,10696
time,kdd,1,2,base_lr_clickstream,0.1,activity_conditioned,activity_conditioned,0.421726822363765,11918,28260
time,kdd,2,3,base_lr_clickstream,0.1,activity_conditioned,activity_conditioned,0.5598260734529078,14420,25758
time,kdd,3,4,base_lr_clickstream,0.1,activity_conditioned,activity_conditioned,0.6665837066533931,16070,24108
time,kdd,4,5,base_lr_clickstream,0.1,activity_conditioned,activity_conditioned,0.8859369132557267,18874,21304
time,kdd,1,2,base_lr_clickstream,0.2,activity_conditioned,activity_conditioned,0.4307026757579534,24193,56171
time,kdd,2,3,base_lr_clickstream,0.2,activity_conditioned,activity_conditioned,0.566458101865388,29061,51303
time,kdd,3,4,base_lr_clickstream,0.2,activity_conditioned,activity_conditioned,0.6642644135188867,32076,48288
time,kdd,4,5,base_lr_clickstream,0.2,activity_conditioned,activity_conditioned,0.8880744290950099,37800,42564
time,kdd,1,2,base_lr_weekly,0.01,activity_conditioned,activity_conditioned,0.6313438895655704,1555,2463
time,kdd,2,3,base_lr_weekly,0.01,activity_conditioned,activity_conditioned,0.8066546762589928,1794,2224
time,kdd,3,4,base_lr_weekly,0.01,activity_conditioned,activity_conditioned,0.889934148635936,1892,2126
time,kdd,4,5,base_lr_weekly,0.01,activity_conditioned,activity_conditioned,0.9754178957718781,1984,2034
time,kdd,1,2,base_lr_weekly,0.05,activity_conditioned,activity_conditioned,0.7612908883627115,8681,11403
time,kdd,2,3,base_lr_weekly,0.05,activity_conditioned,activity_conditioned,0.7646955452069238,8703,11381
time,kdd,3,4,base_lr_weekly,0.05,activity_conditioned,activity_conditioned,0.9294841002978192,9675,10409
time,kdd,4,5,base_lr_weekly,0.05,activity_conditioned,activity_conditioned,0.9765771085523078,9923,10161
time,kdd,1,2,base_lr_weekly,0.1,activity_conditioned,activity_conditioned,0.6187751813053989,15358,24820
time,kdd,2,3,base_lr_weekly,0.1,activity_conditioned,activity_conditioned,0.7763728004244407,17560,22618
time,kdd,3,4,base_lr_weekly,0.1,activity_conditioned,activity_conditioned,0.8810805749332834,18819,21359
time,kdd,4,5,base_lr_weekly,0.1,activity_conditioned,activity_conditioned,0.9644061995795238,19725,20453
time,kdd,1,2,base_lr_weekly,0.2,activity_conditioned,activity_conditioned,0.5680474527326296,29113,51251
time,kdd,2,3,base_lr_weekly,0.2,activity_conditioned,activity_conditioned,0.7696254376500121,34951,45413
time,kdd,3,4,base_lr_weekly,0.2,activity_conditioned,activity_conditioned,0.8433801266171208,36768,43596
time,kdd,4,5,base_lr_weekly,0.2,activity_conditioned,activity_conditioned,0.9701887717577837,39574,40790
time,kdd,1,2,base_rf_entropy,0.01,activity_conditioned,activity_conditioned,0.5969793322734499,1502,2516
time,kdd,2,3,base_rf_entropy,0.01,activity_conditioned,activity_conditioned,0.06099815157116451,231,3787
time,kdd,3,4,base_rf_entropy,0.01,activity_conditioned,activity_conditioned,0.26114249843063403,832,3186
time,kdd,4,5,base_rf_entropy,0.01,activity_conditioned,activity_conditioned,0.6300202839756592,1553,2465
time,kdd,1,2,base_rf_entropy,0.05,activity_conditioned,activity_conditioned,0.6598347107438016,7984,12100
time,kdd,2,3,base_rf_entropy,0.05,activity_conditioned,activity_conditioned,0.3311240721102863,4996,15088
time,kdd,3,4,base_rf_entropy,0.05,activity_conditioned,activity_conditioned,0.43344515023909785,6073,14011
time,kdd,4,5,base_rf_entropy,0.05,activity_conditioned,activity_conditioned,0.7949772097595853,8895,11189
time,kdd,1,2,base_rf_entropy,0.1,activity_conditioned,activity_conditioned,0.5150646706135223,13659,26519
time,kdd,2,3,base_rf_entropy,0.1,activity_conditioned,activity_conditioned,0.5886911822854883,14888,25290
time,kdd,3,4,base_rf_entropy,0.1,activity_conditioned,activity_conditioned,0.6511733037438869,15845,24333
time,kdd,4,5,base_rf_entropy,0.1,activity_conditioned,activity_conditioned,0.8266048372431352,18182,21996
time,kdd,1,2,base_rf_entropy,0.2,activity_conditioned,activity_conditioned,0.5265267356824009,27719,52645
time,kdd,2,3,base_rf_entropy,0.2,activity_conditioned,activity_conditioned,0.6509984386556003,31688,48676
time,kdd,3,4,base_rf_entropy,0.2,activity_conditioned,activity_conditioned,0.7369240079536613,34096,46268
time,kdd,4,5,base_rf_entropy,0.2,activity_conditioned,activity_conditioned,0.8546109111049571,37032,43332
time,kdd,1,2,base_rf_gini,0.01,activity_conditioned,activity_conditioned,0.5957108816521048,1500,2518
time,kdd,2,3,base_rf_gini,0.01,activity_conditioned,activity_conditioned,0.06268183020364983,237,3781
time,kdd,3,4,base_rf_gini,0.01,activity_conditioned,activity_conditioned,0.25877192982456143,826,3192
time,kdd,4,5,base_rf_gini,0.01,activity_conditioned,activity_conditioned,0.622778675282714,1542,2476
time,kdd,1,2,base_rf_gini,0.05,activity_conditioned,activity_conditioned,0.6596975456573837,7983,12101
time,kdd,2,3,base_rf_gini,0.05,activity_conditioned,activity_conditioned,0.333687495849658,5025,15059
time,kdd,3,4,base_rf_gini,0.05,activity_conditioned,activity_conditioned,0.4336497965593547,6075,14009
time,kdd,4,5,base_rf_gini,0.05,activity_conditioned,activity_conditioned,0.7898583013991622,8863,11221
time,kdd,1,2,base_rf_gini,0.1,activity_conditioned,activity_conditioned,0.515350380930829,13664,26514
time,kdd,2,3,base_rf_gini,0.1,activity_conditioned,activity_conditioned,0.5908299018055115,14922,25256
time,kdd,3,4,base_rf_gini,0.1,activity_conditioned,activity_conditioned,0.651376900945335,15848,24330
time,kdd,4,5,base_rf_gini,0.1,activity_conditioned,activity_conditioned,0.8244482789937335,18156,22022
time,kdd,1,2,base_rf_gini,0.2,activity_conditioned,activity_conditioned,0.5267007351963373,27725,52639
time,kdd,2,3,base_rf_gini,0.2,activity_conditioned,activity_conditioned,0.6514394920165217,31701,48663
time,kdd,3,4,base_rf_gini,0.2,activity_conditioned,activity_conditioned,0.737825447625638,34120,46244
time,kdd,4,5,base_rf_gini,0.2,activity_conditioned,activity_conditioned,0.8553387971834238,37049,43315
time,kdd,1,2,base_svm,0.01,activity_conditioned,activity_conditioned,0.3147905759162304,962,3056
time,kdd,2,3,base_svm,0.01,activity_conditioned,activity_conditioned,0.4589687726942629,1264,2754
time,kdd,3,4,base_svm,0.01,activity_conditioned,activity_conditioned,0.6234343434343435,1543,2475
time,kdd,4,5,base_svm,0.01,activity_conditioned,activity_conditioned,0.8405863490609253,1835,2183
time,kdd,1,2,base_svm,0.05,activity_conditioned,activity_conditioned,0.40359214480396954,5775,14309
time,kdd,2,3,base_svm,0.05,activity_conditioned,activity_conditioned,0.5343009931245225,6994,13090
time,kdd,3,4,base_svm,0.05,activity_conditioned,activity_conditioned,0.6482560525235945,7899,12185
time,kdd,4,5,base_svm,0.05,activity_conditioned,activity_conditioned,0.8777112939416605,9388,10696
time,kdd,1,2,base_svm,0.1,activity_conditioned,activity_conditioned,0.42202873929355134,11924,28254
time,kdd,2,3,base_svm,0.1,activity_conditioned,activity_conditioned,0.5598866327600264,14421,25757
time,kdd,3,4,base_svm,0.1,activity_conditioned,activity_conditioned,0.6666528394242336,16071,24107
time,kdd,4,5,base_svm,0.1,activity_conditioned,activity_conditioned,0.8859369132557267,18874,21304
time,kdd,1,2,base_svm,0.2,activity_conditioned,activity_conditioned,0.43113580510738325,24210,56154
time,kdd,2,3,base_svm,0.2,activity_conditioned,activity_conditioned,0.5655426333937233,29031,51333
time,kdd,3,4,base_svm,0.2,activity_conditioned,activity_conditioned,0.663127832619358,32043,48321
time,kdd,4,5,base_svm,0.2,activity_conditioned,activity_conditioned,0.8876752871538299,37791,42573
time,kdd,1,2,flat_hgb,0.01,activity_conditioned,activity_conditioned,0.31393067364290383,960,3058
time,kdd,2,3,flat_hgb,0.01,activity_conditioned,activity_conditioned,0.45949872865964403,1265,2753
time,kdd,3,4,flat_hgb,0.01,activity_conditioned,activity_conditioned,0.624090541632983,1544,2474
time,kdd,4,5,flat_hgb,0.01,activity_conditioned,activity_conditioned,0.8405863490609253,1835,2183
time,kdd,1,2,flat_hgb,0.05,activity_conditioned,activity_conditioned,0.4034940600978337,5774,14310
time,kdd,2,3,flat_hgb,0.05,activity_conditioned,activity_conditioned,0.5344182137672855,6995,13089
time,kdd,3,4,flat_hgb,0.05,activity_conditioned,activity_conditioned,0.6483913328956008,7900,12184
time,kdd,4,5,flat_hgb,0.05,activity_conditioned,activity_conditioned,0.8778868630201029,9389,10695
time,kdd,1,2,flat_hgb,0.1,activity_conditioned,activity_conditioned,0.4136729882833116,11757,28421
time,kdd,2,3,flat_hgb,0.1,activity_conditioned,activity_conditioned,0.5464973056197074,14198,25980
time,kdd,3,4,flat_hgb,0.1,activity_conditioned,activity_conditioned,0.6595621643948781,15968,24210
time,kdd,4,5,flat_hgb,0.1,activity_conditioned,activity_conditioned,0.8862910798122066,18878,21300
time,kdd,1,2,flat_hgb,0.2,activity_conditioned,activity_conditioned,0.4254496434779524,23986,56378
time,kdd,2,3,flat_hgb,0.2,activity_conditioned,activity_conditioned,0.5528975285501729,28613,51751
time,kdd,3,4,flat_hgb,0.2,activity_conditioned,activity_conditioned,0.6509984386556003,31688,48676
time,kdd,4,5,flat_hgb,0.2,activity_conditioned,activity_conditioned,0.8769618834080718,37548,42816
time,kdd,1,2,pcg_ut,0.01,activity_conditioned,activity_conditioned,0.6313438895655704,1555,2463
time,kdd,2,3,pcg_ut,0.01,activity_conditioned,activity_conditioned,0.16362583260932523,565,3453
time,kdd,3,4,pcg_ut,0.01,activity_conditioned,activity_conditioned,0.4432471264367816,1234,2784
time,kdd,4,5,pcg_ut,0.01,activity_conditioned,activity_conditioned,0.3624957612750085,1069,2949
time,kdd,1,2,pcg_ut,0.05,activity_conditioned,activity_conditioned,0.6564123711340206,7959,12125
time,kdd,2,3,pcg_ut,0.05,activity_conditioned,activity_conditioned,0.49201396627293664,6623,13461
time,kdd,3,4,pcg_ut,0.05,activity_conditioned,activity_conditioned,0.7943357455552578,8891,11193
time,kdd,4,5,pcg_ut,0.05,activity_conditioned,activity_conditioned,0.6653399668325042,8024,12060
time,kdd,1,2,pcg_ut,0.1,activity_conditioned,activity_conditioned,0.5329848525315731,13969,26209
time,kdd,2,3,pcg_ut,0.1,activity_conditioned,activity_conditioned,0.7023854921401635,16577,23601
time,kdd,3,4,pcg_ut,0.1,activity_conditioned,activity_conditioned,0.833188848838801,18261,21917
time,kdd,4,5,pcg_ut,0.1,activity_conditioned,activity_conditioned,0.8261897186491524,18177,22001
time,kdd,1,2,pcg_ut,0.2,activity_conditioned,activity_conditioned,0.5419328843607897,28245,52119
time,kdd,2,3,pcg_ut,0.2,activity_conditioned,activity_conditioned,0.7343001424316975,34026,46338
time,kdd,3,4,pcg_ut,0.2,activity_conditioned,activity_conditioned,0.8653730096095817,37282,43082
time,kdd,4,5,pcg_ut,0.2,activity_conditioned,activity_conditioned,0.8925207234363225,37900,42464
time,kdd,1,2,temporal_hgb,0.01,activity_conditioned,activity_conditioned,0.6313438895655704,1555,2463
time,kdd,2,3,temporal_hgb,0.01,activity_conditioned,activity_conditioned,0.5912871287128713,1493,2525
time,kdd,3,4,temporal_hgb,0.01,activity_conditioned,activity_conditioned,0.6480721903199343,1580,2438
time,kdd,4,5,temporal_hgb,0.01,activity_conditioned,activity_conditioned,0.6672199170124481,1608,2410
time,kdd,1,2,temporal_hgb,0.05,activity_conditioned,activity_conditioned,0.6486619602692497,7902,12182
time,kdd,2,3,temporal_hgb,0.05,activity_conditioned,activity_conditioned,0.7768733964434221,8781,11303
time,kdd,3,4,temporal_hgb,0.05,activity_conditioned,activity_conditioned,0.8236629437936983,9071,11013
time,kdd,4,5,temporal_hgb,0.05,activity_conditioned,activity_conditioned,0.8155848851925511,9022,11062
time,kdd,1,2,temporal_hgb,0.1,activity_conditioned,activity_conditioned,0.5360911454350819,14022,26156
time,kdd,2,3,temporal_hgb,0.1,activity_conditioned,activity_conditioned,0.7687871450583315,17463,22715
time,kdd,3,4,temporal_hgb,0.1,activity_conditioned,activity_conditioned,0.8638029410400334,18621,21557
time,kdd,4,5,temporal_hgb,0.1,activity_conditioned,activity_conditioned,0.8910853807775582,18932,21246
time,kdd,1,2,temporal_hgb,0.2,activity_conditioned,activity_conditioned,0.5547902801423928,28676,51688
time,kdd,2,3,temporal_hgb,0.2,activity_conditioned,activity_conditioned,0.7424978317432784,34244,46120
time,kdd,3,4,temporal_hgb,0.2,activity_conditioned,activity_conditioned,0.8867889089756533,37771,42593
time,kdd,4,5,temporal_hgb,0.2,activity_conditioned,activity_conditioned,0.9490214148861349,39131,41233
time,kdd,1,2,base_dffnn,0.01,static_full,static_full,0.6313438895655704,1555,2463
time,kdd,2,3,base_dffnn,0.01,static_full,static_full,0.753819292885203,1727,2291
time,kdd,3,4,base_dffnn,0.01,static_full,static_full,0.6393308853529172,1567,2451
time,kdd,4,5,base_dffnn,0.01,static_full,static_full,0.7515257192676548,1724,2294
time,kdd,1,2,base_dffnn,0.05,static_full,static_full,0.6564123711340206,7959,12125
time,kdd,2,3,base_dffnn,0.05,static_full,static_full,0.835328520515398,9141,10943
time,kdd,3,4,base_dffnn,0.05,static_full,static_full,0.7372199636709628,8523,11561
time,kdd,4,5,base_dffnn,0.05,static_full,static_full,0.746131107633455,8582,11502
time,kdd,1,2,base_dffnn,0.1,static_full,static_full,0.5713559388321796,14609,25569
time,kdd,2,3,base_dffnn,0.1,static_full,static_full,0.8459064596159147,18412,21766
time,kdd,3,4,base_dffnn,0.1,static_full,static_full,0.827435640862367,18192,21986
time,kdd,4,5,base_dffnn,0.1,static_full,static_full,0.8404104255416609,18347,21831
time,kdd,1,2,base_dffnn,0.2,static_full,static_full,0.5523276028587986,28594,51770
time,kdd,2,3,base_dffnn,0.2,static_full,static_full,0.80168142584912,35759,44605
time,kdd,3,4,base_dffnn,0.2,static_full,static_full,0.8913626735702518,37874,42490
time,kdd,4,5,base_dffnn,0.2,static_full,static_full,0.9094278654248242,38276,42088
time,kdd,1,2,base_lr_clickstream,0.01,static_full,static_full,0.3147905759162304,962,3056
time,kdd,2,3,base_lr_clickstream,0.01,static_full,static_full,0.4589687726942629,1264,2754
time,kdd,3,4,base_lr_clickstream,0.01,static_full,static_full,0.6234343434343435,1543,2475
time,kdd,4,5,base_lr_clickstream,0.01,static_full,static_full,0.8405863490609253,1835,2183
time,kdd,1,2,base_lr_clickstream,0.05,static_full,static_full,0.40359214480396954,5775,14309
time,kdd,2,3,base_lr_clickstream,0.05,static_full,static_full,0.5343009931245225,6994,13090
time,kdd,3,4,base_lr_clickstream,0.05,static_full,static_full,0.6482560525235945,7899,12185
time,kdd,4,5,base_lr_clickstream,0.05,static_full,static_full,0.8777112939416605,9388,10696
time,kdd,1,2,base_lr_clickstream,0.1,static_full,static_full,0.421726822363765,11918,28260
time,kdd,2,3,base_lr_clickstream,0.1,static_full,static_full,0.5598260734529078,14420,25758
time,kdd,3,4,base_lr_clickstream,0.1,static_full,static_full,0.6665837066533931,16070,24108
time,kdd,4,5,base_lr_clickstream,0.1,static_full,static_full,0.8859369132557267,18874,21304
time,kdd,1,2,base_lr_clickstream,0.2,static_full,static_full,0.43172222123247406,24233,56131
time,kdd,2,3,base_lr_clickstream,0.2,static_full,static_full,0.566458101865388,29061,51303
time,kdd,3,4,base_lr_clickstream,0.2,static_full,static_full,0.6642644135188867,32076,48288
time,kdd,4,5,base_lr_clickstream,0.2,static_full,static_full,0.8880744290950099,37800,42564
time,kdd,1,2,base_lr_weekly,0.01,static_full,static_full,0.6313438895655704,1555,2463
time,kdd,2,3,base_lr_weekly,0.01,static_full,static_full,0.8066546762589928,1794,2224
time,kdd,3,4,base_lr_weekly,0.01,static_full,static_full,0.889934148635936,1892,2126
time,kdd,4,5,base_lr_weekly,0.01,static_full,static_full,0.9754178957718781,1984,2034
time,kdd,1,2,base_lr_weekly,0.05,static_full,static_full,0.7612908883627115,8681,11403
time,kdd,2,3,base_lr_weekly,0.05,static_full,static_full,0.7646955452069238,8703,11381
time,kdd,3,4,base_lr_weekly,0.05,static_full,static_full,0.9294841002978192,9675,10409
time,kdd,4,5,base_lr_weekly,0.05,static_full,static_full,0.9765771085523078,9923,10161
time,kdd,1,2,base_lr_weekly,0.1,static_full,static_full,0.6189708667445702,15361,24817
time,kdd,2,3,base_lr_weekly,0.1,static_full,static_full,0.7764513419109519,17561,22617
time,kdd,3,4,base_lr_weekly,0.1,static_full,static_full,0.8810805749332834,18819,21359
time,kdd,4,5,base_lr_weekly,0.1,static_full,static_full,0.9644061995795238,19725,20453
time,kdd,1,2,base_lr_weekly,0.2,static_full,static_full,0.5474553751949628,28431,51933
time,kdd,2,3,base_lr_weekly,0.2,static_full,static_full,0.7667853845139164,34878,45486
time,kdd,3,4,base_lr_weekly,0.2,static_full,static_full,0.8437607543533623,36777,43587
time,kdd,4,5,base_lr_weekly,0.2,static_full,static_full,0.9707202236445229,39585,40779
time,kdd,1,2,base_rf_entropy,0.01,static_full,static_full,0.5938119793732646,1497,2521
time,kdd,2,3,base_rf_entropy,0.01,static_full,static_full,0.05959915611814346,226,3792
time,kdd,3,4,base_rf_entropy,0.01,static_full,static_full,0.26153846153846155,833,3185
time,kdd,4,5,base_rf_entropy,0.01,static_full,static_full,0.6326696464851687,1557,2461
time,kdd,1,2,base_rf_entropy,0.05,static_full,static_full,0.6607955015298106,7991,12093
time,kdd,2,3,base_rf_entropy,0.05,static_full,static_full,0.31897287712615746,4857,15227
time,kdd,3,4,base_rf_entropy,0.05,static_full,static_full,0.42107125168046416,5951,14133
time,kdd,4,5,base_rf_entropy,0.05,static_full,static_full,0.7909755662564651,8870,11214
time,kdd,1,2,base_rf_entropy,0.1,static_full,static_full,0.5144364869958538,13648,26530
time,kdd,2,3,base_rf_entropy,0.1,static_full,static_full,0.5775256193804232,14709,25469
time,kdd,3,4,base_rf_entropy,0.1,static_full,static_full,0.6423315892740353,15714,24464
time,kdd,4,5,base_rf_entropy,0.1,static_full,static_full,0.8245311293765042,18157,22021
time,kdd,1,2,base_rf_entropy,0.2,static_full,static_full,0.5226799045056653,27586,52778
time,kdd,2,3,base_rf_entropy,0.2,static_full,static_full,0.6506932320016432,31679,48685
time,kdd,3,4,base_rf_entropy,0.2,static_full,static_full,0.7389535638551088,34150,46214
time,kdd,4,5,base_rf_entropy,0.2,static_full,static_full,0.8559386619246668,37063,43301
time,kdd,1,2,base_rf_gini,0.01,static_full,static_full,0.5957108816521048,1500,2518
time,kdd,2,3,base_rf_gini,0.01,static_full,static_full,0.05959915611814346,226,3792
time,kdd,3,4,base_rf_gini,0.01,static_full,static_full,0.2591664055155124,827,3191
time,kdd,4,5,base_rf_gini,0.01,static_full,static_full,0.6260623229461756,1547,2471
time,kdd,1,2,base_rf_gini,0.05,static_full,static_full,0.6603835978835979,7988,12096
time,kdd,2,3,base_rf_gini,0.05,static_full,static_full,0.32027346831448855,4872,15212
time,kdd,3,4,base_rf_gini,0.05,static_full,static_full,0.4225811021391132,5966,14118
time,kdd,4,5,base_rf_gini,0.05,static_full,static_full,0.7861970828886518,8840,11244
time,kdd,1,2,base_rf_gini,0.1,static_full,static_full,0.5146648571213149,13652,26526
time,kdd,2,3,base_rf_gini,0.1,static_full,static_full,0.5775256193804232,14709,25469
time,kdd,3,4,base_rf_gini,0.1,static_full,static_full,0.644146171788681,15741,24437
time,kdd,4,5,base_rf_gini,0.1,static_full,static_full,0.8246968527181071,18159,22019
time,kdd,1,2,base_rf_gini,0.2,static_full,static_full,0.5226799045056653,27586,52778
time,kdd,2,3,base_rf_gini,0.2,static_full,static_full,0.6507271382795169,31680,48684
time,kdd,3,4,base_rf_gini,0.2,static_full,static_full,0.7403092381653601,34186,46178
time,kdd,4,5,base_rf_gini,0.2,static_full,static_full,0.8560243885540082,37065,43299
time,kdd,1,2,base_svm,0.01,static_full,static_full,0.3147905759162304,962,3056
time,kdd,2,3,base_svm,0.01,static_full,static_full,0.4589687726942629,1264,2754
time,kdd,3,4,base_svm,0.01,static_full,static_full,0.6234343434343435,1543,2475
time,kdd,4,5,base_svm,0.01,static_full,static_full,0.8405863490609253,1835,2183
time,kdd,1,2,base_svm,0.05,static_full,static_full,0.40359214480396954,5775,14309
time,kdd,2,3,base_svm,0.05,static_full,static_full,0.5343009931245225,6994,13090
time,kdd,3,4,base_svm,0.05,static_full,static_full,0.6482560525235945,7899,12185
time,kdd,4,5,base_svm,0.05,static_full,static_full,0.8777112939416605,9388,10696
time,kdd,1,2,base_svm,0.1,static_full,static_full,0.42202873929355134,11924,28254
time,kdd,2,3,base_svm,0.1,static_full,static_full,0.5598866327600264,14421,25757
time,kdd,3,4,base_svm,0.1,static_full,static_full,0.6666528394242336,16071,24107
time,kdd,4,5,base_svm,0.1,static_full,static_full,0.8859369132557267,18874,21304
time,kdd,1,2,base_svm,0.2,static_full,static_full,0.43276876448564805,24274,56090
time,kdd,2,3,base_svm,0.2,static_full,static_full,0.5655426333937233,29031,51333
time,kdd,3,4,base_svm,0.2,static_full,static_full,0.6629901707190895,32039,48325
time,kdd,4,5,base_svm,0.2,static_full,static_full,0.8876752871538299,37791,42573
time,kdd,1,2,flat_hgb,0.01,static_full,static_full,0.31393067364290383,960,3058
time,kdd,2,3,flat_hgb,0.01,static_full,static_full,0.45949872865964403,1265,2753
time,kdd,3,4,flat_hgb,0.01,static_full,static_full,0.624090541632983,1544,2474
time,kdd,4,5,flat_hgb,0.01,static_full,static_full,0.8405863490609253,1835,2183
time,kdd,1,2,flat_hgb,0.05,static_full,static_full,0.40359214480396954,5775,14309
time,kdd,2,3,flat_hgb,0.05,static_full,static_full,0.5344182137672855,6995,13089
time,kdd,3,4,flat_hgb,0.05,static_full,static_full,0.6483913328956008,7900,12184
time,kdd,4,5,flat_hgb,0.05,static_full,static_full,0.8778868630201029,9389,10695
time,kdd,1,2,flat_hgb,0.1,static_full,static_full,0.4134740545294635,11753,28425
time,kdd,2,3,flat_hgb,0.1,static_full,static_full,0.5560202935595058,14357,25821
time,kdd,3,4,flat_hgb,0.1,static_full,static_full,0.6640987408880054,16034,24144
time,kdd,4,5,flat_hgb,0.1,static_full,static_full,0.8677885732880851,18667,21511
time,kdd,1,2,flat_hgb,0.2,static_full,static_full,0.4274245115452931,24064,56300
time,kdd,2,3,flat_hgb,0.2,static_full,static_full,0.5529275362318841,28614,51750
time,kdd,3,4,flat_hgb,0.2,static_full,static_full,0.6536142718985988,31765,48599
time,kdd,4,5,flat_hgb,0.2,static_full,static_full,0.8769180465702875,37547,42817
time,kdd,1,2,pcg_ut,0.01,static_full,static_full,0.6313438895655704,1555,2463
time,kdd,2,3,pcg_ut,0.01,static_full,static_full,0.17177019539224264,589,3429
time,kdd,3,4,pcg_ut,0.01,static_full,static_full,0.44065973467192543,1229,2789
time,kdd,4,5,pcg_ut,0.01,static_full,static_full,0.3273868516683185,991,3027
time,kdd,1,2,pcg_ut,0.05,static_full,static_full,0.6564123711340206,7959,12125
time,kdd,2,3,pcg_ut,0.05,static_full,static_full,0.4903532205402196,6608,13476
time,kdd,3,4,pcg_ut,0.05,static_full,static_full,0.7852444444444444,8834,11250
time,kdd,4,5,pcg_ut,0.05,static_full,static_full,0.6384402023168543,7826,12258
time,kdd,1,2,pcg_ut,0.1,static_full,static_full,0.5277386972888704,13879,26299
time,kdd,2,3,pcg_ut,0.1,static_full,static_full,0.697064413938754,16503,23675
time,kdd,3,4,pcg_ut,0.1,static_full,static_full,0.8606955957949335,18585,21593
time,kdd,4,5,pcg_ut,0.1,static_full,static_full,0.8618164967562558,18598,21580
time,kdd,1,2,pcg_ut,0.2,static_full,static_full,0.5456398815247914,28370,51994
time,kdd,2,3,pcg_ut,0.2,static_full,static_full,0.723144217161971,33726,46638
time,kdd,3,4,pcg_ut,0.2,static_full,static_full,0.8601916577936206,37162,43202
time,kdd,4,5,pcg_ut,0.2,static_full,static_full,0.8983771525760046,38031,42333
time,kdd,1,2,temporal_hgb,0.01,static_full,static_full,0.6313438895655704,1555,2463
time,kdd,2,3,temporal_hgb,0.01,static_full,static_full,0.3442622950819672,1029,2989
time,kdd,3,4,temporal_hgb,0.01,static_full,static_full,0.43346414555833035,1215,2803
time,kdd,4,5,temporal_hgb,0.01,static_full,static_full,0.5950774116712981,1499,2519
time,kdd,1,2,temporal_hgb,0.05,static_full,static_full,0.6564123711340206,7959,12125
time,kdd,2,3,temporal_hgb,0.05,static_full,static_full,0.6228183581124758,7708,12376
time,kdd,3,4,temporal_hgb,0.05,static_full,static_full,0.7113156100886162,8348,11736
time,kdd,4,5,temporal_hgb,0.05,static_full,static_full,0.7571303587051619,8654,11430
time,kdd,1,2,temporal_hgb,0.1,static_full,static_full,0.5356214646078581,14014,26164
time,kdd,2,3,temporal_hgb,0.1,static_full,static_full,0.7410408631971227,17101,23077
time,kdd,3,4,temporal_hgb,0.1,static_full,static_full,0.8418446868983221,18364,21814
time,kdd,4,5,temporal_hgb,0.1,static_full,static_full,0.8991302703724712,19022,21156
time,kdd,1,2,temporal_hgb,0.2,static_full,static_full,0.552267635015066,28592,51772
time,kdd,2,3,temporal_hgb,0.2,static_full,static_full,0.7485639686684074,34404,45960
time,kdd,3,4,temporal_hgb,0.2,static_full,static_full,0.8842672919109027,37714,42650
time,kdd,4,5,temporal_hgb,0.2,static_full,static_full,0.9474156105362639,39097,41267
