dataset,week,model,protocol,reference_protocol,metric,delta,ci_low,ci_high,n_clusters
kdd,1,base_dffnn,activity_conditioned,static_full,auc,0.09523863264633248,0.08313824647770934,0.10668828434109458,39
kdd,1,base_dffnn,activity_conditioned,static_full,pr_auc_risk,0.021963210583679782,0.015656440863332913,0.028089913907343646,39
kdd,1,base_dffnn,activity_conditioned,static_full,brier,0.005829968761416199,0.0023160692792199107,0.009314950802116214,39
kdd,1,base_dffnn,activity_conditioned,static_full,ece,0.0004803783920858968,-0.005429333279456503,0.008306010180904334,39
kdd,1,base_lr_clickstream,activity_conditioned,static_full,auc,0.09874944111494044,0.08678632989870591,0.10861959972318946,39
kdd,1,base_lr_clickstream,activity_conditioned,static_full,pr_auc_risk,0.021802811743194428,0.015460286968776746,0.027517516667189913,39
kdd,1,base_lr_clickstream,activity_conditioned,static_full,brier,0.007623283663440006,0.0042822324999996185,0.010864043308329794,39
kdd,1,base_lr_clickstream,activity_conditioned,static_full,ece,0.022109368407734184,0.008774899747961014,0.02695663405567343,39
kdd,1,base_lr_weekly,activity_conditioned,static_full,auc,0.09995207722667077,0.08705387662035186,0.11060436865445794,39
kdd,1,base_lr_weekly,activity_conditioned,static_full,pr_auc_risk,0.024290577181150685,0.016049867697502877,0.03161625079041439,39
kdd,1,base_lr_weekly,activity_conditioned,static_full,brier,0.005939432412237322,0.002632941014200966,0.009189188005293883,39
kdd,1,base_lr_weekly,activity_conditioned,static_full,ece,0.009389420378692958,-0.0011083733067312853,0.013777887193915254,39
kdd,1,base_rf_entropy,activity_conditioned,static_full,auc,0.07847395170162363,0.0706149351418226,0.08876535825248782,39
kdd,1,base_rf_entropy,activity_conditioned,static_full,pr_auc_risk,0.015383489704812181,0.011719671903024786,0.020141924036464552,39
kdd,1,base_rf_entropy,activity_conditioned,static_full,brier,-0.01996723944654266,-0.023003594219045322,-0.017672053684910077,39
kdd,1,base_rf_entropy,activity_conditioned,static_full,ece,-0.062341923266257426,-0.07038439497749836,-0.05437278638927646,39
kdd,1,base_rf_gini,activity_conditioned,static_full,auc,0.07847545509058562,0.07062820666013266,0.08875095256100028,39
kdd,1,base_rf_gini,activity_conditioned,static_full,pr_auc_risk,0.015380802348731293,0.01172088146040164,0.020147754612662,39
kdd,1,base_rf_gini,activity_conditioned,static_full,brier,-0.019968518180114997,-0.023003685720590576,-0.017673083291243948,39
kdd,1,base_rf_gini,activity_conditioned,static_full,ece,-0.0623414249859342,-0.07038390024272434,-0.054372693712246706,39
kdd,1,base_svm,activity_conditioned,static_full,auc,0.09875969906752524,0.08667857229600083,0.10877247268135785,39
kdd,1,base_svm,activity_conditioned,static_full,pr_auc_risk,0.021931555857711893,0.015430510831966287,0.027669120113123176,39
kdd,1,base_svm,activity_conditioned,static_full,brier,0.007587149995634063,0.004203585505466087,0.01089264189696132,39
kdd,1,base_svm,activity_conditioned,static_full,ece,0.021605428887050224,0.008319829328199897,0.025534403783861473,39
kdd,1,flat_hgb,activity_conditioned,static_full,auc,0.09885692997830331,0.08599577622210978,0.1091658481852184,39
kdd,1,flat_hgb,activity_conditioned,static_full,pr_auc_risk,0.02313643167160606,0.01575890066556867,0.029310808409075042,39
kdd,1,flat_hgb,activity_conditioned,static_full,brier,0.005440987521109858,0.0021984892266542115,0.00863786583339391,39
kdd,1,flat_hgb,activity_conditioned,static_full,ece,0.001407750385489361,-0.005581791576815292,0.007334561434256282,39
kdd,1,pcg_ut,activity_conditioned,static_full,auc,0.09776047417048861,0.08553892599650459,0.1082482365661593,39
kdd,1,pcg_ut,activity_conditioned,static_full,pr_auc_risk,0.02241185016242009,0.014961214184568885,0.029021124154173683,39
kdd,1,pcg_ut,activity_conditioned,static_full,brier,0.005787872742081368,0.002464513206062468,0.009030282486726902,39
kdd,1,pcg_ut,activity_conditioned,static_full,ece,0.0024749897473020956,-0.004555085024543209,0.007665714262288734,39
kdd,1,temporal_hgb,activity_conditioned,static_full,auc,0.09759254545815177,0.08506825341321622,0.10815485004614264,39
kdd,1,temporal_hgb,activity_conditioned,static_full,pr_auc_risk,0.022462394187691692,0.014767819565830318,0.02919087588669702,39
kdd,1,temporal_hgb,activity_conditioned,static_full,brier,0.005766639345667651,0.002460417643162527,0.008985650709572076,39
kdd,1,temporal_hgb,activity_conditioned,static_full,ece,0.0014271722471816072,-0.0047901841545967775,0.007605659620546023,39
kdd,2,base_dffnn,activity_conditioned,static_full,auc,0.05547205239436903,0.05035200370797028,0.05999880460887924,39
kdd,2,base_dffnn,activity_conditioned,static_full,pr_auc_risk,0.014131577120349403,0.011412314781799993,0.01662612081253516,39
kdd,2,base_dffnn,activity_conditioned,static_full,brier,-0.0046172437805927224,-0.006721716221182592,-0.002546771948334881,39
kdd,2,base_dffnn,activity_conditioned,static_full,ece,-0.0006460934172871449,-0.0056038791865687535,0.004970209372410227,39
kdd,2,base_lr_clickstream,activity_conditioned,static_full,auc,0.05673362602729415,0.05138970534887862,0.061259168444774956,39
kdd,2,base_lr_clickstream,activity_conditioned,static_full,pr_auc_risk,0.014178918285591147,0.011645610877188295,0.016559168182527065,39
kdd,2,base_lr_clickstream,activity_conditioned,static_full,brier,-0.0028036771125158066,-0.004789306623845009,-0.0008943981987776016,39
kdd,2,base_lr_clickstream,activity_conditioned,static_full,ece,0.012556802915651918,0.004891489944831236,0.015910060614360073,39
kdd,2,base_lr_weekly,activity_conditioned,static_full,auc,0.057313895429957906,0.05194907276292051,0.06216042939369151,39
kdd,2,base_lr_weekly,activity_conditioned,static_full,pr_auc_risk,0.015032905734221447,0.012290680276187687,0.017380026174803487,39
kdd,2,base_lr_weekly,activity_conditioned,static_full,brier,-0.0037619490641120634,-0.005676719815459599,-0.0018830003247348492,39
kdd,2,base_lr_weekly,activity_conditioned,static_full,ece,0.0065656192990964125,-0.00031752572186483427,0.00896199969985202,39
kdd,2,base_rf_entropy,activity_conditioned,static_full,auc,0.04955760271010179,0.043131812394969646,0.056984473379352876,39
kdd,2,base_rf_entropy,activity_conditioned,static_full,pr_auc_risk,0.011900016981069905,0.009876069070128102,0.014332337534007937,39
kdd,2,base_rf_entropy,activity_conditioned,static_full,brier,-0.02001360947468142,-0.0224690914452898,-0.018206425752179376,39
kdd,2,base_rf_entropy,activity_conditioned,static_full,ece,-0.04247360966107028,-0.04848588047836649,-0.036535141343076394,39
kdd,2,base_rf_gini,activity_conditioned,static_full,auc,0.04957953926416847,0.04321359864053142,0.056989602601960586,39
kdd,2,base_rf_gini,activity_conditioned,static_full,pr_auc_risk,0.011971878676303005,0.009930093824227252,0.01445808010694643,39
kdd,2,base_rf_gini,activity_conditioned,static_full,brier,-0.02001939223338986,-0.02246840467059293,-0.01820724228728895,39
kdd,2,base_rf_gini,activity_conditioned,static_full,ece,-0.0424691754533596,-0.04852110669172675,-0.036506100084353586,39
kdd,2,base_svm,activity_conditioned,static_full,auc,0.056485610927278884,0.051497963227253404,0.06058837583034375,39
kdd,2,base_svm,activity_conditioned,static_full,pr_auc_risk,0.014157588800443488,0.011403568123262667,0.016849687218892982,39
kdd,2,base_svm,activity_conditioned,static_full,brier,-0.0027577552392459015,-0.0047999716142421095,-0.0007702208382270433,39
kdd,2,base_svm,activity_conditioned,static_full,ece,0.01272564096694245,0.006654411576404005,0.016162543137806774,39
kdd,2,flat_hgb,activity_conditioned,static_full,auc,0.05608793540413237,0.0508824652004303,0.060401290818381984,39
kdd,2,flat_hgb,activity_conditioned,static_full,pr_auc_risk,0.014637075639380548,0.011731969319712137,0.017080154708465457,39
kdd,2,flat_hgb,activity_conditioned,static_full,brier,-0.0042237494717135005,-0.006305055950468328,-0.002160287743548941,39
kdd,2,flat_hgb,activity_conditioned,static_full,ece,0.0006152697143643315,-0.004353916642820447,0.0031948528029349826,39
kdd,2,pcg_ut,activity_conditioned,static_full,auc,0.05616790122772519,0.051207331916070506,0.06046751855260102,39
kdd,2,pcg_ut,activity_conditioned,static_full,pr_auc_risk,0.014756411341325326,0.011980921882299609,0.017300869926459263,39
kdd,2,pcg_ut,activity_conditioned,static_full,brier,-0.004333259209245238,-0.006383442839590377,-0.00235134275373234,39
kdd,2,pcg_ut,activity_conditioned,static_full,ece,0.001381947201670248,-0.0038896262357962235,0.003757856102451456,39
kdd,2,temporal_hgb,activity_conditioned,static_full,auc,0.05658148694677312,0.05146429388250404,0.060912806135280786,39
kdd,2,temporal_hgb,activity_conditioned,static_full,pr_auc_risk,0.01476632395599542,0.012056589716341276,0.017215973760043562,39
kdd,2,temporal_hgb,activity_conditioned,static_full,brier,-0.004442854402246232,-0.00645089390376479,-0.002469811363686007,39
kdd,2,temporal_hgb,activity_conditioned,static_full,ece,0.0005179602553127627,-0.004053232630050198,0.00374437923149528,39
kdd,3,base_dffnn,activity_conditioned,static_full,auc,0.025992638367173138,0.023054612143041178,0.028432767555957184,39
kdd,3,base_dffnn,activity_conditioned,static_full,pr_auc_risk,0.007173299894626117,0.005793895321026682,0.008764945789550638,39
kdd,3,base_dffnn,activity_conditioned,static_full,brier,-0.0068238634714853225,-0.00807076854939773,-0.005593271383924562,39
kdd,3,base_dffnn,activity_conditioned,static_full,ece,-0.0016345888124738076,-0.005489551586097482,0.004894152158603293,39
kdd,3,base_lr_clickstream,activity_conditioned,static_full,auc,0.026924746521977405,0.02352206871983476,0.030103332206769244,39
kdd,3,base_lr_clickstream,activity_conditioned,static_full,pr_auc_risk,0.007310082574419341,0.006088756822607377,0.008497877839164027,39
kdd,3,base_lr_clickstream,activity_conditioned,static_full,brier,-0.005706754798514235,-0.006791408753408283,-0.004686134743297762,39
kdd,3,base_lr_clickstream,activity_conditioned,static_full,ece,0.006761387480902804,0.002676255292770036,0.009709149427737804,39
kdd,3,base_lr_weekly,activity_conditioned,static_full,auc,0.026944947655990537,0.02372307410090594,0.02974905998364622,39
kdd,3,base_lr_weekly,activity_conditioned,static_full,pr_auc_risk,0.007668345760610151,0.006301748903286619,0.008870968108187804,39
kdd,3,base_lr_weekly,activity_conditioned,static_full,brier,-0.006658694775128093,-0.0077219401448108665,-0.005638194818012658,39
kdd,3,base_lr_weekly,activity_conditioned,static_full,ece,0.0031340059564559687,-0.0012458121120403145,0.005003662937618702,39
kdd,3,base_rf_entropy,activity_conditioned,static_full,auc,0.025478507812965567,0.022086956638354003,0.028609363481743113,39
kdd,3,base_rf_entropy,activity_conditioned,static_full,pr_auc_risk,0.006495847914953612,0.005392517555596216,0.007599403073895568,39
kdd,3,base_rf_entropy,activity_conditioned,static_full,brier,-0.015466064657440992,-0.017323514454546305,-0.014002426118892387,39
kdd,3,base_rf_entropy,activity_conditioned,static_full,ece,-0.022821476189404832,-0.027108183036634814,-0.01910332886890785,39
kdd,3,base_rf_gini,activity_conditioned,static_full,auc,0.02541398840738862,0.022082761172929885,0.0285151673643745,39
kdd,3,base_rf_gini,activity_conditioned,static_full,pr_auc_risk,0.006462675589904543,0.0053719471595839565,0.007565983900126563,39
kdd,3,base_rf_gini,activity_conditioned,static_full,brier,-0.015439783639470128,-0.017285835310600572,-0.013983516662102872,39
kdd,3,base_rf_gini,activity_conditioned,static_full,ece,-0.02281476450861683,-0.027108265805172505,-0.019052554833483976,39
kdd,3,base_svm,activity_conditioned,static_full,auc,0.02542547500797321,0.02241795283874025,0.028053853466726803,39
kdd,3,base_svm,activity_conditioned,static_full,pr_auc_risk,0.006723516686345299,0.005515626026299866,0.008060464737624083,39
kdd,3,base_svm,activity_conditioned,static_full,brier,-0.0057428165010317694,-0.0069523159143493555,-0.00462433519893304,39
kdd,3,base_svm,activity_conditioned,static_full,ece,0.002502123124424674,-0.0010715454392118747,0.006064173308772443,39
kdd,3,flat_hgb,activity_conditioned,static_full,auc,0.0260798793216378,0.02308648111174625,0.028657751987080527,39
kdd,3,flat_hgb,activity_conditioned,static_full,pr_auc_risk,0.007172110935054543,0.005811403821822783,0.008295010967983194,39
kdd,3,flat_hgb,activity_conditioned,static_full,brier,-0.006284898822130791,-0.007407055667698387,-0.005226704773578069,39
kdd,3,flat_hgb,activity_conditioned,static_full,ece,3.178886280085381e-05,-0.002893964421436342,0.001815814322741762,39
kdd,3,pcg_ut,activity_conditioned,static_full,auc,0.026590908014678893,0.02348196222432561,0.029308920339319415,39
kdd,3,pcg_ut,activity_conditioned,static_full,pr_auc_risk,0.007544464688237662,0.006165310752167014,0.008803399656581385,39
kdd,3,pcg_ut,activity_conditioned,static_full,brier,-0.006847219074009897,-0.007941671545801325,-0.0057881773746643935,39
kdd,3,pcg_ut,activity_conditioned,static_full,ece,-0.00026411981423908994,-0.0027909499784257775,0.0018862810519536142,39
kdd,3,temporal_hgb,activity_conditioned,static_full,auc,0.02679046758334802,0.023558396432807046,0.02956109226407558,39
kdd,3,temporal_hgb,activity_conditioned,static_full,pr_auc_risk,0.007620107658429132,0.006207762605789899,0.008983081777294349,39
kdd,3,temporal_hgb,activity_conditioned,static_full,brier,-0.006876345750719784,-0.007958114117093566,-0.005815195021494884,39
kdd,3,temporal_hgb,activity_conditioned,static_full,ece,-0.00013187944734148298,-0.002836760366976643,0.0021243268906860637,39
kdd,4,base_dffnn,activity_conditioned,static_full,auc,0.004696841644979188,0.004175525299306426,0.005221844563720507,39
kdd,4,base_dffnn,activity_conditioned,static_full,pr_auc_risk,0.001595073927208257,0.0010197270918821332,0.0021523776009770806,39
kdd,4,base_dffnn,activity_conditioned,static_full,brier,-0.00293470494267771,-0.0032923178385311424,-0.002571453215065588,39
kdd,4,base_dffnn,activity_conditioned,static_full,ece,0.0005869782636405605,-0.003180639723320868,0.002705921209657504,39
kdd,4,base_lr_clickstream,activity_conditioned,static_full,auc,0.004916047450863159,0.004376544561929313,0.005607211301628206,39
kdd,4,base_lr_clickstream,activity_conditioned,static_full,pr_auc_risk,0.0015772679824966884,0.0013079972424940329,0.0018569534444644374,39
kdd,4,base_lr_clickstream,activity_conditioned,static_full,brier,-0.002477712380923383,-0.002796989977674206,-0.0021684012869876337,39
kdd,4,base_lr_clickstream,activity_conditioned,static_full,ece,0.0012656332809918014,0.0003208846502323318,0.002430228819650171,39
kdd,4,base_lr_weekly,activity_conditioned,static_full,auc,0.004933590108800345,0.00445253972140888,0.0054991253534451305,39
kdd,4,base_lr_weekly,activity_conditioned,static_full,pr_auc_risk,0.001671194374434637,0.0014320694783606757,0.0018900809410718172,39
kdd,4,base_lr_weekly,activity_conditioned,static_full,brier,-0.0027900991506739498,-0.0031377147991816143,-0.0024555214578343013,39
kdd,4,base_lr_weekly,activity_conditioned,static_full,ece,0.0005862934605316873,-0.00035013169584176957,0.0016861196936123718,39
kdd,4,base_rf_entropy,activity_conditioned,static_full,auc,0.004426665456317536,0.003910539856436029,0.005037399652967075,39
kdd,4,base_rf_entropy,activity_conditioned,static_full,pr_auc_risk,0.001467261999079983,0.001185978982185179,0.0017459476471585657,39
kdd,4,base_rf_entropy,activity_conditioned,static_full,brier,-0.0047519064341653705,-0.005555903967095007,-0.004158221809356562,39
kdd,4,base_rf_entropy,activity_conditioned,static_full,ece,-0.004659761775183735,-0.0060762112624678805,-0.0035645212683829215,39
kdd,4,base_rf_gini,activity_conditioned,static_full,auc,0.0044682020500531605,0.003948462707743838,0.005051071339824745,39
kdd,4,base_rf_gini,activity_conditioned,static_full,pr_auc_risk,0.0014116371077008694,0.0011664694295624195,0.0016714320159587125,39
kdd,4,base_rf_gini,activity_conditioned,static_full,brier,-0.004772613115434865,-0.005563949875098813,-0.004183599882471164,39
kdd,4,base_rf_gini,activity_conditioned,static_full,ece,-0.004657886137477446,-0.006071542505780346,-0.0035633994953219723,39
kdd,4,base_svm,activity_conditioned,static_full,auc,0.004452149688025764,0.003950672180679818,0.005014640377058388,39
kdd,4,base_svm,activity_conditioned,static_full,pr_auc_risk,0.0014334734534462434,0.001216702423219987,0.0016959482214558923,39
kdd,4,base_svm,activity_conditioned,static_full,brier,-0.002498924610830469,-0.0028624232952598446,-0.0021547956344622416,39
kdd,4,base_svm,activity_conditioned,static_full,ece,-0.00023974805717643516,-0.001105980452510458,0.0007768414430154122,39
kdd,4,flat_hgb,activity_conditioned,static_full,auc,0.004627373581581384,0.004136760439766232,0.005188580023214772,39
kdd,4,flat_hgb,activity_conditioned,static_full,pr_auc_risk,0.0018200786673474578,0.0014405325456992607,0.00239634315028405,39
kdd,4,flat_hgb,activity_conditioned,static_full,brier,-0.0025776019428056657,-0.0029262759501040804,-0.0022412877613512397,39
kdd,4,flat_hgb,activity_conditioned,static_full,ece,-0.00025852187382658406,-0.0010071790061139787,0.0006129572298582555,39
kdd,4,pcg_ut,activity_conditioned,static_full,auc,0.004774441856156164,0.0042946559963016745,0.005293065852627442,39
kdd,4,pcg_ut,activity_conditioned,static_full,pr_auc_risk,0.0015595991743051485,0.0013082598979241133,0.0018048951321829845,39
kdd,4,pcg_ut,activity_conditioned,static_full,brier,-0.002814518047368028,-0.0031832924758619843,-0.002460839611860983,39
kdd,4,pcg_ut,activity_conditioned,static_full,ece,0.00011412276627072171,-0.000949281124216734,0.0007523866204274361,39
kdd,4,temporal_hgb,activity_conditioned,static_full,auc,0.004874112850263512,0.004386502904241599,0.005407632523276484,39
kdd,4,temporal_hgb,activity_conditioned,static_full,pr_auc_risk,0.0016982473287259214,0.0014284051982728751,0.0019472302292643656,39
kdd,4,temporal_hgb,activity_conditioned,static_full,brier,-0.002829442168370333,-0.0032158733191421634,-0.0024635048812048617,39
kdd,4,temporal_hgb,activity_conditioned,static_full,ece,-0.0003108483750313097,-0.0011894225425929227,0.0006039704509748837,39
kdd,5,base_dffnn,activity_conditioned,static_full,auc,0.0,0.0,0.0,39
kdd,5,base_dffnn,activity_conditioned,static_full,pr_auc_risk,0.0,0.0,0.0,39
kdd,5,base_dffnn,activity_conditioned,static_full,brier,0.0,0.0,0.0,39
kdd,5,base_dffnn,activity_conditioned,static_full,ece,0.0,0.0,0.0,39
kdd,5,base_lr_clickstream,activity_conditioned,static_full,auc,0.0,0.0,0.0,39
kdd,5,base_lr_clickstream,activity_conditioned,static_full,pr_auc_risk,0.0,0.0,0.0,39
kdd,5,base_lr_clickstream,activity_conditioned,static_full,brier,0.0,0.0,0.0,39
kdd,5,base_lr_clickstream,activity_conditioned,static_full,ece,0.0,0.0,0.0,39
kdd,5,base_lr_weekly,activity_conditioned,static_full,auc,0.0,0.0,0.0,39
kdd,5,base_lr_weekly,activity_conditioned,static_full,pr_auc_risk,0.0,0.0,0.0,39
kdd,5,base_lr_weekly,activity_conditioned,static_full,brier,0.0,0.0,0.0,39
kdd,5,base_lr_weekly,activity_conditioned,static_full,ece,0.0,0.0,0.0,39
kdd,5,base_rf_entropy,activity_conditioned,static_full,auc,0.0,0.0,0.0,39
kdd,5,base_rf_entropy,activity_conditioned,static_full,pr_auc_risk,0.0,0.0,0.0,39
kdd,5,base_rf_entropy,activity_conditioned,static_full,brier,0.0,0.0,0.0,39
kdd,5,base_rf_entropy,activity_conditioned,static_full,ece,0.0,0.0,0.0,39
kdd,5,base_rf_gini,activity_conditioned,static_full,auc,0.0,0.0,0.0,39
kdd,5,base_rf_gini,activity_conditioned,static_full,pr_auc_risk,0.0,0.0,0.0,39
kdd,5,base_rf_gini,activity_conditioned,static_full,brier,0.0,0.0,0.0,39
kdd,5,base_rf_gini,activity_conditioned,static_full,ece,0.0,0.0,0.0,39
kdd,5,base_svm,activity_conditioned,static_full,auc,0.0,0.0,0.0,39
kdd,5,base_svm,activity_conditioned,static_full,pr_auc_risk,0.0,0.0,0.0,39
kdd,5,base_svm,activity_conditioned,static_full,brier,0.0,0.0,0.0,39
kdd,5,base_svm,activity_conditioned,static_full,ece,0.0,0.0,0.0,39
kdd,5,flat_hgb,activity_conditioned,static_full,auc,0.0,0.0,0.0,39
kdd,5,flat_hgb,activity_conditioned,static_full,pr_auc_risk,0.0,0.0,0.0,39
kdd,5,flat_hgb,activity_conditioned,static_full,brier,0.0,0.0,0.0,39
kdd,5,flat_hgb,activity_conditioned,static_full,ece,0.0,0.0,0.0,39
kdd,5,pcg_ut,activity_conditioned,static_full,auc,0.0,0.0,0.0,39
kdd,5,pcg_ut,activity_conditioned,static_full,pr_auc_risk,0.0,0.0,0.0,39
kdd,5,pcg_ut,activity_conditioned,static_full,brier,0.0,0.0,0.0,39
kdd,5,pcg_ut,activity_conditioned,static_full,ece,0.0,0.0,0.0,39
kdd,5,temporal_hgb,activity_conditioned,static_full,auc,0.0,0.0,0.0,39
kdd,5,temporal_hgb,activity_conditioned,static_full,pr_auc_risk,0.0,0.0,0.0,39
kdd,5,temporal_hgb,activity_conditioned,static_full,brier,0.0,0.0,0.0,39
kdd,5,temporal_hgb,activity_conditioned,static_full,ece,0.0,0.0,0.0,39
