aggregate_source,arm,cells,metric,contrast,point_mean,bootstrap_mean,ci_low,ci_high,finite_draws,max_absolute_aggregate_draw_correction,point_learner_minus_matched_main
aggregate_learner_disjoint_final.json,learner_disjoint,32.0,auc,joint_population_difference,0.010655284561413549,0.010549073777539466,0.0050415466709412,0.015447888717300127,2000.0,,
aggregate_learner_disjoint_final.json,learner_disjoint,32.0,auc,evaluation_population_shapley,0.013381909390703174,0.013280912348952989,0.00821385871955409,0.018151946168721116,2000.0,,
aggregate_learner_disjoint_final.json,learner_disjoint,32.0,auc,training_population_shapley,-0.0027266248292896252,-0.002731838571413522,-0.003898240185849117,-0.0017505683188938927,2000.0,,
aggregate_learner_disjoint_final.json,learner_disjoint,32.0,auc,absolute_evaluation_minus_absolute_training,0.010655284561413549,0.010549073777539466,0.0050415466709412,0.015447888717300124,2000.0,,
aggregate_learner_disjoint_final.json,learner_disjoint,32.0,pr_auc_risk,joint_population_difference,0.032672928449432634,0.03235274759330987,0.01817524435459865,0.04537467027849486,2000.0,0.0,
aggregate_learner_disjoint_final.json,learner_disjoint,32.0,pr_auc_risk,evaluation_population_shapley,0.038853862713964855,0.038521311809633446,0.025423920063969256,0.050794111399094406,2000.0,0.0,
aggregate_learner_disjoint_final.json,learner_disjoint,32.0,pr_auc_risk,training_population_shapley,-0.006180934264532223,-0.006168564216323576,-0.00811983459357148,-0.0044890172320133336,2000.0,0.0,
aggregate_learner_disjoint_final.json,learner_disjoint,32.0,pr_auc_risk,absolute_evaluation_minus_absolute_training,0.032672928449432634,0.03235274759330987,0.018175244354598646,0.04537467027849485,2000.0,,
aggregate_learner_disjoint_final.json,learner_disjoint,32.0,brier,joint_population_difference,-0.003759929587739508,-0.0037288039722647008,-0.006156035758163743,-0.0014042773155082088,2000.0,,
aggregate_learner_disjoint_final.json,learner_disjoint,32.0,brier,evaluation_population_shapley,-0.004262432978577729,-0.0042430695498477606,-0.005892078035694629,-0.0025548341665923824,2000.0,,
aggregate_learner_disjoint_final.json,learner_disjoint,32.0,brier,training_population_shapley,0.0005025033908382221,0.0005142655775830599,-0.0004649337922587881,0.0015012929950571749,2000.0,,
aggregate_learner_disjoint_final.json,learner_disjoint,32.0,brier,absolute_evaluation_minus_absolute_training,0.003759929587739507,0.0036477360623459053,0.0014042773155082079,0.0055730636657234265,2000.0,,
aggregate_learner_disjoint_final.json,learner_disjoint,32.0,ece,joint_population_difference,-0.0021229743430267135,-0.0018535601147362018,-0.004200909932874463,0.0004460783479599294,2000.0,,
aggregate_learner_disjoint_final.json,learner_disjoint,32.0,ece,evaluation_population_shapley,0.003305823457236446,0.002909621941165624,-0.005845109329403152,0.011292397754671344,2000.0,,
aggregate_learner_disjoint_final.json,learner_disjoint,32.0,ece,training_population_shapley,-0.005428797800263159,-0.004763182055901826,-0.011859961228673922,0.003492653295310487,2000.0,,
aggregate_learner_disjoint_final.json,learner_disjoint,32.0,ece,absolute_evaluation_minus_absolute_training,-0.0021229743430267126,-0.0009647563227659334,-0.003355427237772992,0.003353184459428527,2000.0,,
aggregate_learner_minus_matched_main_final.json,,,auc,joint_population_difference,,,-0.0020547511913672693,-0.00043590677358260803,,,-0.0013212501222000378
aggregate_learner_minus_matched_main_final.json,,,auc,evaluation_population_shapley,,,-0.001891300175246227,-0.00042539789992057577,,,-0.0012045243440740767
aggregate_learner_minus_matched_main_final.json,,,auc,training_population_shapley,,,-0.0004860035066133808,0.0002602612850847386,,,-0.00011672577812596105
aggregate_learner_minus_matched_main_final.json,,,pr_auc_risk,joint_population_difference,,,-0.003564357168037271,-0.0010248333945200973,,,-0.0024773021165704207
aggregate_learner_minus_matched_main_final.json,,,pr_auc_risk,evaluation_population_shapley,,,-0.003771697409134358,-0.0011669493196805796,,,-0.0026561282798432256
aggregate_learner_minus_matched_main_final.json,,,pr_auc_risk,training_population_shapley,,,-0.0002571454702581882,0.0006208275268916314,,,0.00017882616327280672
aggregate_learner_minus_matched_main_final.json,,,brier,joint_population_difference,,,0.00010009893194316896,0.0005205289625100071,,,0.0002998476481531746
aggregate_learner_minus_matched_main_final.json,,,brier,evaluation_population_shapley,,,9.450881853113549e-05,0.0009081054704641473,,,0.0004643447000631214
aggregate_learner_minus_matched_main_final.json,,,brier,training_population_shapley,,,-0.00045505385380846796,6.323580191668571e-05,,,-0.00016449705190994552
aggregate_learner_minus_matched_main_final.json,,,ece,joint_population_difference,,,-0.0004851959342296812,0.002691987384796984,,,0.001201005527228573
aggregate_learner_minus_matched_main_final.json,,,ece,evaluation_population_shapley,,,0.0007255246148223325,0.0067030262733373215,,,0.0047390783281619775
aggregate_learner_minus_matched_main_final.json,,,ece,training_population_shapley,,,-0.005144719508777683,-0.00047341948209164627,,,-0.0035380728009334027
