dataset,week,membership_class,n,risk_rate,table,n_activity,n_cutoff_valid,known_outcomes_in_activity,eligible_silent_excluded,eligible_active,activity_contamination_rate,silent_exclusion_rate,cohort_jaccard,silent_risk_rate,eligible_active_risk_rate,risk_concentration_ratio
oulab,2,eligible_active,25429.0,0.42353218765975853,flow,,,,,,,,,,,
oulab,2,eligible_silent,2640.0,0.7340909090909091,flow,,,,,,,,,,,
oulab,2,not_yet_registered,59.0,0.5932203389830508,flow,,,,,,,,,,,
oulab,2,outcome_realized_active,1061.0,1.0,flow,,,,,,,,,,,
oulab,2,outcome_realized_silent,3404.0,1.0,flow,,,,,,,,,,,
oulab,4,eligible_active,26392.0,0.4241436799030009,flow,,,,,,,,,,,
oulab,4,eligible_silent,1143.0,0.8416447944007,flow,,,,,,,,,,,
oulab,4,not_yet_registered,18.0,0.6666666666666666,flow,,,,,,,,,,,
oulab,4,outcome_realized_active,1585.0,1.0,flow,,,,,,,,,,,
oulab,4,outcome_realized_silent,3455.0,1.0,flow,,,,,,,,,,,
oulab,6,eligible_active,26143.0,0.4160960869066289,flow,,,,,,,,,,,
oulab,6,eligible_silent,879.0,0.8691695108077361,flow,,,,,,,,,,,
oulab,6,not_yet_registered,12.0,0.5833333333333334,flow,,,,,,,,,,,
oulab,6,outcome_realized_active,2071.0,1.0,flow,,,,,,,,,,,
oulab,6,outcome_realized_silent,3488.0,1.0,flow,,,,,,,,,,,
oulab,8,eligible_active,25768.0,0.4056969885128842,flow,,,,,,,,,,,
oulab,8,eligible_silent,755.0,0.909933774834437,flow,,,,,,,,,,,
oulab,8,not_yet_registered,9.0,0.6666666666666666,flow,,,,,,,,,,,
oulab,8,outcome_realized_active,2562.0,1.0,flow,,,,,,,,,,,
oulab,8,outcome_realized_silent,3499.0,1.0,flow,,,,,,,,,,,
oulab,10,eligible_active,25432.0,0.39627241270839886,flow,,,,,,,,,,,
oulab,10,eligible_silent,643.0,0.9548989113530326,flow,,,,,,,,,,,
oulab,10,not_yet_registered,7.0,0.7142857142857143,flow,,,,,,,,,,,
oulab,10,outcome_realized_active,2990.0,1.0,flow,,,,,,,,,,,
oulab,10,outcome_realized_silent,3521.0,1.0,flow,,,,,,,,,,,
oulab,12,eligible_active,25102.0,0.3881762409369771,flow,,,,,,,,,,,
oulab,12,eligible_silent,627.0,0.9585326953748007,flow,,,,,,,,,,,
oulab,12,not_yet_registered,4.0,0.75,flow,,,,,,,,,,,
oulab,12,outcome_realized_active,3329.0,1.0,flow,,,,,,,,,,,
oulab,12,outcome_realized_silent,3531.0,1.0,flow,,,,,,,,,,,
oulab,14,eligible_active,24755.0,0.379276913754797,flow,,,,,,,,,,,
oulab,14,eligible_silent,599.0,0.9699499165275459,flow,,,,,,,,,,,
oulab,14,not_yet_registered,4.0,0.75,flow,,,,,,,,,,,
oulab,14,outcome_realized_active,3699.0,1.0,flow,,,,,,,,,,,
oulab,14,outcome_realized_silent,3536.0,1.0,flow,,,,,,,,,,,
oulab,16,eligible_active,24367.0,0.3691467968974433,flow,,,,,,,,,,,
oulab,16,eligible_silent,572.0,0.9772727272727273,flow,,,,,,,,,,,
oulab,16,not_yet_registered,2.0,1.0,flow,,,,,,,,,,,
oulab,16,outcome_realized_active,4110.0,1.0,flow,,,,,,,,,,,
oulab,16,outcome_realized_silent,3542.0,1.0,flow,,,,,,,,,,,
oulab,2,,,,indices,26490.0,28069.0,1061.0,2640.0,25429.0,0.04005285013212533,0.09405393850867505,0.8729488499828356,0.7340909090909091,0.42353218765975853,1.7332588419009034
oulab,4,,,,indices,27977.0,27535.0,1585.0,1143.0,26392.0,0.056653679808414056,0.04151080443072453,0.9063186813186813,0.8416447944007,0.4241436799030009,1.9843388792052237
oulab,6,,,,indices,28214.0,27022.0,2071.0,879.0,26143.0,0.07340327496987312,0.032529050403375025,0.8986010380503902,0.8691695108077361,0.4160960869066289,2.0888673029092337
oulab,8,,,,indices,28330.0,26523.0,2562.0,755.0,25768.0,0.09043416872573244,0.02846585981977906,0.885954959601169,0.909933774834437,0.4056969885128842,2.242890138696554
oulab,10,,,,indices,28422.0,26075.0,2990.0,643.0,25432.0,0.10520019703046936,0.024659635666347077,0.8750043007053157,0.9548989113530326,0.39627241270839886,2.40970322618876
oulab,12,,,,indices,28431.0,25729.0,3329.0,627.0,25102.0,0.11709049980654919,0.02436938862761864,0.8638584899167183,0.9585326953748007,0.3881762409369771,2.4693234523089336
oulab,14,,,,indices,28454.0,25354.0,3699.0,599.0,24755.0,0.12999929711112673,0.023625463437721858,0.8520634702096169,0.9699499165275459,0.379276913754797,2.557366086232762
oulab,16,,,,indices,28477.0,24939.0,4110.0,572.0,24367.0,0.14432700073743723,0.02293596375155379,0.8388240559055389,0.9772727272727273,0.3691467968974433,2.647382384152812
