cluster_unit,metric,contrast,cells,excludes_zero,percentage,median,mean
presentation,auc,evaluation_population_component,32,23,71.875,0.02036989491303387,0.017112684580859436
presentation,auc,evaluation_population_component_at_valid,32,29,90.625,0.018012445787664144,0.00965113420054695
presentation,auc,evaluation_population_shapley,32,29,90.625,0.01908392622624963,0.013381909390703193
presentation,auc,joint_population_difference,32,29,90.625,0.018221430381081594,0.010655284561413549
presentation,auc,training_population_component,32,15,46.875,-0.0008108959163509732,-0.006457400019445888
presentation,auc,training_population_component_at_activity,32,9,28.125,0.0004539719674323539,0.0010041503608665993
presentation,auc,training_population_shapley,32,11,34.375,-0.00034688008704875095,-0.0027266248292896443
presentation,brier,evaluation_population_component,32,29,90.625,-0.00807196439727402,-0.006355683503394877
presentation,brier,evaluation_population_component_at_valid,32,29,90.625,-0.00630027133195267,-0.0021691824537605803
presentation,brier,evaluation_population_shapley,32,29,90.625,-0.007186117864613345,-0.004262432978577728
presentation,brier,joint_population_difference,32,29,90.625,-0.007292215676674874,-0.00375992958773951
presentation,brier,training_population_component,32,19,59.375,0.0007108518696630067,0.0025957539156553668
presentation,brier,training_population_component_at_activity,32,19,59.375,-0.0009789907783278318,-0.0015907471339789295
presentation,brier,training_population_shapley,32,10,31.25,-9.627347449060047e-05,0.0005025033908382186
presentation,ece,evaluation_population_component,32,2,6.25,-0.0008553946279191817,-0.009538918035877052
presentation,ece,evaluation_population_component_at_valid,32,7,21.875,0.007503044252028841,0.016150564950349947
presentation,ece,evaluation_population_shapley,32,0,0.0,0.002968871441527711,0.0033058234572364473
presentation,ece,joint_population_difference,32,6,18.75,-0.0010801352605720178,-0.002122974343026711
presentation,ece,training_population_component,32,10,31.25,-0.00015709154194939144,0.007415943692850341
presentation,ece,training_population_component_at_activity,32,18,56.25,-0.010905676464179798,-0.018273539293376658
presentation,ece,training_population_shapley,32,8,25.0,-0.005372138212714319,-0.005428797800263159
presentation,pr_auc_risk,evaluation_population_component,32,29,90.625,0.05551891977044593,0.04653616357568583
presentation,pr_auc_risk,evaluation_population_component_at_valid,32,24,75.0,0.04459700476898171,0.031171561852243918
presentation,pr_auc_risk,evaluation_population_shapley,32,28,87.5,0.048056844410029,0.038853862713964876
presentation,pr_auc_risk,joint_population_difference,32,24,75.0,0.04737286802273383,0.03267292844943264
presentation,pr_auc_risk,training_population_component,32,14,43.75,-0.0011623113186003953,-0.01386323512625319
presentation,pr_auc_risk,training_population_component_at_activity,32,14,43.75,0.0009196485303262225,0.0015013665971887226
presentation,pr_auc_risk,training_population_shapley,32,15,46.875,-0.0001217451803413594,-0.006180934264532234
module,auc,evaluation_population_component,32,22,68.75,0.02036989491303387,0.017112684580859436
module,auc,evaluation_population_component_at_valid,32,28,87.5,0.018012445787664144,0.00965113420054695
module,auc,evaluation_population_shapley,32,24,75.0,0.01908392622624963,0.013381909390703193
module,auc,joint_population_difference,32,27,84.375,0.018221430381081594,0.010655284561413549
module,auc,training_population_component,32,14,43.75,-0.0008108959163509732,-0.006457400019445888
module,auc,training_population_component_at_activity,32,8,25.0,0.0004539719674323539,0.0010041503608665993
module,auc,training_population_shapley,32,11,34.375,-0.00034688008704875095,-0.0027266248292896443
module,brier,evaluation_population_component,32,25,78.125,-0.00807196439727402,-0.006355683503394877
module,brier,evaluation_population_component_at_valid,32,25,78.125,-0.00630027133195267,-0.0021691824537605803
module,brier,evaluation_population_shapley,32,26,81.25,-0.007186117864613345,-0.004262432978577728
module,brier,joint_population_difference,32,26,81.25,-0.007292215676674874,-0.00375992958773951
module,brier,training_population_component,32,18,56.25,0.0007108518696630067,0.0025957539156553668
module,brier,training_population_component_at_activity,32,10,31.25,-0.0009789907783278318,-0.0015907471339789295
module,brier,training_population_shapley,32,9,28.125,-9.627347449060047e-05,0.0005025033908382186
module,ece,evaluation_population_component,32,0,0.0,-0.0008553946279191817,-0.009538918035877052
module,ece,evaluation_population_component_at_valid,32,1,3.125,0.007503044252028841,0.016150564950349947
module,ece,evaluation_population_shapley,32,0,0.0,0.002968871441527711,0.0033058234572364473
module,ece,joint_population_difference,32,7,21.875,-0.0010801352605720178,-0.002122974343026711
module,ece,training_population_component,32,6,18.75,-0.00015709154194939144,0.007415943692850341
module,ece,training_population_component_at_activity,32,7,21.875,-0.010905676464179798,-0.018273539293376658
module,ece,training_population_shapley,32,6,18.75,-0.005372138212714319,-0.005428797800263159
module,pr_auc_risk,evaluation_population_component,32,29,90.625,0.05551891977044593,0.04653616357568583
module,pr_auc_risk,evaluation_population_component_at_valid,32,24,75.0,0.04459700476898171,0.031171561852243918
module,pr_auc_risk,evaluation_population_shapley,32,26,81.25,0.048056844410029,0.038853862713964876
module,pr_auc_risk,joint_population_difference,32,24,75.0,0.04737286802273383,0.03267292844943264
module,pr_auc_risk,training_population_component,32,14,43.75,-0.0011623113186003953,-0.01386323512625319
module,pr_auc_risk,training_population_component_at_activity,32,11,34.375,0.0009196485303262225,0.0015013665971887226
module,pr_auc_risk,training_population_shapley,32,14,43.75,-0.0001217451803413594,-0.006180934264532234
