dataset,week,model,protocol,reference_protocol,metric,delta,ci_low,ci_high,n_clusters
oulab,2,base_lr_profile,activity_conditioned,cutoff_valid,auc,-0.02465384983044927,-0.03340195291776778,-0.01620355302889159,22
oulab,2,base_lr_profile,activity_conditioned,cutoff_valid,pr_auc_risk,-0.04772086308838919,-0.06944570566159891,-0.02815055009335469,22
oulab,2,base_lr_profile,activity_conditioned,cutoff_valid,brier,0.0062700627881668025,0.004272914090170424,0.008218074803156315,22
oulab,2,base_lr_profile,activity_conditioned,cutoff_valid,ece,-0.002692272768540409,-0.007384199634844557,0.0038657362749779595,22
oulab,2,base_lr_profile,activity_to_cutoff_valid,cutoff_valid,auc,-0.02934801386921504,-0.036517713441111876,-0.02288797372435519,22
oulab,2,base_lr_profile,activity_to_cutoff_valid,cutoff_valid,pr_auc_risk,-0.04611358914032726,-0.057964624284290334,-0.03552385589731362,22
oulab,2,base_lr_profile,activity_to_cutoff_valid,cutoff_valid,brier,0.007834934257257897,0.0060324252910622595,0.009864540881293585,22
oulab,2,base_lr_profile,activity_to_cutoff_valid,cutoff_valid,ece,-0.0014156434177412004,-0.01013400744679107,0.009255166209335126,22
oulab,2,base_lr_profile,cutoff_valid_to_activity,cutoff_valid,auc,-0.02574561200124781,-0.034192571163194324,-0.017623369212519217,22
oulab,2,base_lr_profile,cutoff_valid_to_activity,cutoff_valid,pr_auc_risk,-0.04847301366686252,-0.06932431195614776,-0.030020677211495008,22
oulab,2,base_lr_profile,cutoff_valid_to_activity,cutoff_valid,brier,0.006863385998497895,0.004487801296270176,0.008996827840302191,22
oulab,2,base_lr_profile,cutoff_valid_to_activity,cutoff_valid,ece,0.011665153224043868,-0.018376202191654603,0.023030252433892288,22
oulab,2,base_lr_profile,static_full,cutoff_valid,auc,0.0631914954309678,0.05049656689719171,0.07503233364757976,22
oulab,2,base_lr_profile,static_full,cutoff_valid,pr_auc_risk,0.14211490164037954,0.11546757646282182,0.16804940419500228,22
oulab,2,base_lr_profile,static_full,cutoff_valid,brier,-0.01869268036759486,-0.02285995441137825,-0.013756534884621611,22
oulab,2,base_lr_profile,static_full,cutoff_valid,ece,2.6629787036871674e-05,-0.006146383998352383,0.006964580385779867,22
oulab,2,base_rf_gini,activity_conditioned,cutoff_valid,auc,-0.004800371555778837,-0.012815105522003666,0.0027505794921563334,22
oulab,2,base_rf_gini,activity_conditioned,cutoff_valid,pr_auc_risk,-0.01123745174512114,-0.03289385606195402,0.0088368208372479,22
oulab,2,base_rf_gini,activity_conditioned,cutoff_valid,brier,0.0014182680281238647,-0.0008288929185502898,0.003772291943927889,22
oulab,2,base_rf_gini,activity_conditioned,cutoff_valid,ece,0.004992272651818789,-0.000267974024662971,0.007731227038473489,22
oulab,2,base_rf_gini,activity_to_cutoff_valid,cutoff_valid,auc,-0.00023137932527506067,-0.0018415730635486986,0.001008801173522047,22
oulab,2,base_rf_gini,activity_to_cutoff_valid,cutoff_valid,pr_auc_risk,-0.000994499451623554,-0.004861543652143502,0.0024230530383099395,22
oulab,2,base_rf_gini,activity_to_cutoff_valid,cutoff_valid,brier,0.0008699130473523164,0.00010117692905237328,0.0016680886871473467,22
oulab,2,base_rf_gini,activity_to_cutoff_valid,cutoff_valid,ece,0.010506002544290339,0.005252617874180687,0.0132567069351286,22
oulab,2,base_rf_gini,cutoff_valid_to_activity,cutoff_valid,auc,-0.006231572038826183,-0.013991953199134191,0.000710776632856023,22
oulab,2,base_rf_gini,cutoff_valid_to_activity,cutoff_valid,pr_auc_risk,-0.013000562418934658,-0.03368465580318407,0.006558480086332863,22
oulab,2,base_rf_gini,cutoff_valid_to_activity,cutoff_valid,brier,0.0013876104074064533,-0.0011184518566704257,0.00383894544857023,22
oulab,2,base_rf_gini,cutoff_valid_to_activity,cutoff_valid,ece,-0.0035457480267774392,-0.015033189286123865,0.00662303320836454,22
oulab,2,base_rf_gini,static_full,cutoff_valid,auc,0.05784046545414345,0.04861937666285144,0.06692573805133614,22
oulab,2,base_rf_gini,static_full,cutoff_valid,pr_auc_risk,0.1317458437499912,0.1087169394005279,0.15649300272892802,22
oulab,2,base_rf_gini,static_full,cutoff_valid,brier,-0.02159109560330577,-0.02489314438994897,-0.01779935814889963,22
oulab,2,base_rf_gini,static_full,cutoff_valid,ece,-0.01138123154983128,-0.03920373348339235,0.021216153200189936,22
oulab,2,stack_7_full,activity_conditioned,cutoff_valid,auc,-0.00604645984907215,-0.013733402731744926,0.001483795191793254,22
oulab,2,stack_7_full,activity_conditioned,cutoff_valid,pr_auc_risk,-0.011889217830736487,-0.03235677418791879,0.008110213282565153,22
oulab,2,stack_7_full,activity_conditioned,cutoff_valid,brier,0.0015834050436663305,-0.000642036333638768,0.0037071944752460027,22
oulab,2,stack_7_full,activity_conditioned,cutoff_valid,ece,0.0016314713878932043,-0.0034952100613468403,0.005732207805835543,22
oulab,2,stack_7_full,activity_to_cutoff_valid,cutoff_valid,auc,-0.008314996955958498,-0.01095499253677068,-0.005904099472957413,22
oulab,2,stack_7_full,activity_to_cutoff_valid,cutoff_valid,pr_auc_risk,-0.019916559557565328,-0.026492112716387024,-0.013500299948978348,22
oulab,2,stack_7_full,activity_to_cutoff_valid,cutoff_valid,brier,0.0035022765977741344,0.0025234447025878305,0.004572797241879425,22
oulab,2,stack_7_full,activity_to_cutoff_valid,cutoff_valid,ece,0.005250625365047791,-0.0025326406853837867,0.00899751193172565,22
oulab,2,stack_7_full,cutoff_valid_to_activity,cutoff_valid,auc,-0.005979908744076723,-0.013317241321461276,0.0010091084940048172,22
oulab,2,stack_7_full,cutoff_valid_to_activity,cutoff_valid,pr_auc_risk,-0.012915159598925197,-0.03215437409871568,0.005859962129127676,22
oulab,2,stack_7_full,cutoff_valid_to_activity,cutoff_valid,brier,0.0021079391051855023,-0.00011225055452580008,0.00424472335729002,22
oulab,2,stack_7_full,cutoff_valid_to_activity,cutoff_valid,ece,0.009028317515335617,-0.005602965159246216,0.017262160916721305,22
oulab,2,stack_7_full,static_full,cutoff_valid,auc,0.05418370357138458,0.045258595899183116,0.06318036306802603,22
oulab,2,stack_7_full,static_full,cutoff_valid,pr_auc_risk,0.12481770025408334,0.10276714746498965,0.14874210644497962,22
oulab,2,stack_7_full,static_full,cutoff_valid,brier,-0.020369610807777078,-0.023772029031366954,-0.01634734061823115,22
oulab,2,stack_7_full,static_full,cutoff_valid,ece,-0.00043372220918999095,-0.00470086931695583,0.0033914893817061672,22
oulab,2,temporal_hgb,activity_conditioned,cutoff_valid,auc,-0.012560044526660707,-0.02122061659757507,-0.005316377907033103,22
oulab,2,temporal_hgb,activity_conditioned,cutoff_valid,pr_auc_risk,-0.023213010347856056,-0.04450069914677442,-0.004225042246329974,22
oulab,2,temporal_hgb,activity_conditioned,cutoff_valid,brier,0.002899573127802868,0.001230176316128699,0.0045634142042296315,22
oulab,2,temporal_hgb,activity_conditioned,cutoff_valid,ece,-0.0018630454888193624,-0.0070873167679597,0.00570276446545083,22
oulab,2,temporal_hgb,activity_to_cutoff_valid,cutoff_valid,auc,-0.0005921542353158893,-0.0012725517420318412,0.00011263104281126479,22
oulab,2,temporal_hgb,activity_to_cutoff_valid,cutoff_valid,pr_auc_risk,-0.005211963391437147,-0.008786823833007842,-0.0010315099944347584,22
oulab,2,temporal_hgb,activity_to_cutoff_valid,cutoff_valid,brier,0.0006744808517685497,-0.00030193026402441854,0.001780716548137169,22
oulab,2,temporal_hgb,activity_to_cutoff_valid,cutoff_valid,ece,0.007866710291780831,-0.011283272521237606,0.012137263591080012,22
oulab,2,temporal_hgb,cutoff_valid_to_activity,cutoff_valid,auc,-0.01266231596569245,-0.021490637094569158,-0.005296711874687363,22
oulab,2,temporal_hgb,cutoff_valid_to_activity,cutoff_valid,pr_auc_risk,-0.02351642857323455,-0.044992310862862456,-0.00443733496832203,22
oulab,2,temporal_hgb,cutoff_valid_to_activity,cutoff_valid,brier,0.0033954248930945785,0.0007608455570640285,0.0057216245087857035,22
oulab,2,temporal_hgb,cutoff_valid_to_activity,cutoff_valid,ece,0.013062132658024405,-0.02096614111986392,0.01948625562407224,22
oulab,2,temporal_hgb,static_full,cutoff_valid,auc,0.0641229115522306,0.05456693555784305,0.07358556312015804,22
oulab,2,temporal_hgb,static_full,cutoff_valid,pr_auc_risk,0.14306146760016492,0.12009141513932466,0.16626828135507443,22
oulab,2,temporal_hgb,static_full,cutoff_valid,brier,-0.020216008104972094,-0.02416744676458286,-0.014975716614901373,22
oulab,2,temporal_hgb,static_full,cutoff_valid,ece,-0.002897772717784263,-0.008050123212916673,0.005275265591121871,22
oulab,4,base_lr_profile,activity_conditioned,cutoff_valid,auc,-0.01674654601146619,-0.0225740706794728,-0.011254315880553369,22
oulab,4,base_lr_profile,activity_conditioned,cutoff_valid,pr_auc_risk,-0.02506454169468908,-0.042430982656136616,-0.009369606314014867,22
oulab,4,base_lr_profile,activity_conditioned,cutoff_valid,brier,0.007030622762072752,0.005138602736385866,0.008814132541367748,22
oulab,4,base_lr_profile,activity_conditioned,cutoff_valid,ece,-0.001994225465852929,-0.006845273418461005,0.005462290201129547,22
oulab,4,base_lr_profile,activity_to_cutoff_valid,cutoff_valid,auc,-0.02227680164793555,-0.02838320433521405,-0.017560765363494053,22
oulab,4,base_lr_profile,activity_to_cutoff_valid,cutoff_valid,pr_auc_risk,-0.0440779323728433,-0.0548807813006697,-0.03500248124935299,22
oulab,4,base_lr_profile,activity_to_cutoff_valid,cutoff_valid,brier,0.006859534948537527,0.004755639592349195,0.008985389887090144,22
oulab,4,base_lr_profile,activity_to_cutoff_valid,cutoff_valid,ece,0.008316953319979213,-0.01352054834197259,0.013230562309447297,22
oulab,4,base_lr_profile,cutoff_valid_to_activity,cutoff_valid,auc,-0.018210293125608845,-0.024154013455480825,-0.012212031338730755,22
oulab,4,base_lr_profile,cutoff_valid_to_activity,cutoff_valid,pr_auc_risk,-0.026219225325549878,-0.04318988751778605,-0.010622636271530468,22
oulab,4,base_lr_profile,cutoff_valid_to_activity,cutoff_valid,brier,0.008173343836036268,0.006298052616612247,0.00995970631662292,22
oulab,4,base_lr_profile,cutoff_valid_to_activity,cutoff_valid,ece,0.0217017449889952,-0.01914420401339005,0.03415450642907183,22
oulab,4,base_lr_profile,static_full,cutoff_valid,auc,0.06973757497366695,0.05899072211249522,0.08063743627562027,22
oulab,4,base_lr_profile,static_full,cutoff_valid,pr_auc_risk,0.1637721350800453,0.1418170541622003,0.1869197599356265,22
oulab,4,base_lr_profile,static_full,cutoff_valid,brier,-0.02065959293083297,-0.02452403181469924,-0.015848815730857797,22
oulab,4,base_lr_profile,static_full,cutoff_valid,ece,-0.0018506215486343647,-0.006604654104321294,0.005044171959238118,22
oulab,4,base_rf_gini,activity_conditioned,cutoff_valid,auc,0.009951711932902896,0.003550080124853139,0.015272354218086481,22
oulab,4,base_rf_gini,activity_conditioned,cutoff_valid,pr_auc_risk,0.027178824635453402,0.011099300291560216,0.0398142331751751,22
oulab,4,base_rf_gini,activity_conditioned,cutoff_valid,brier,-0.003765619396466996,-0.006102352571461945,-0.0013454936556124032,22
oulab,4,base_rf_gini,activity_conditioned,cutoff_valid,ece,-0.0029413540891979756,-0.006704495339784748,0.0009651253289487956,22
oulab,4,base_rf_gini,activity_to_cutoff_valid,cutoff_valid,auc,-0.0008031950253485354,-0.0022619130602992365,0.00041790361117575395,22
oulab,4,base_rf_gini,activity_to_cutoff_valid,cutoff_valid,pr_auc_risk,9.503673637289989e-05,-0.0030508329406455426,0.002663598411110582,22
oulab,4,base_rf_gini,activity_to_cutoff_valid,cutoff_valid,brier,-1.9934303588903246e-05,-0.0006736709549847259,0.0007459079475670583,22
oulab,4,base_rf_gini,activity_to_cutoff_valid,cutoff_valid,ece,-0.003814238686966044,-0.005716787855749835,0.002228096049724828,22
oulab,4,base_rf_gini,cutoff_valid_to_activity,cutoff_valid,auc,0.00945720388600102,0.0033544520471320643,0.014355909322104904,22
oulab,4,base_rf_gini,cutoff_valid_to_activity,cutoff_valid,pr_auc_risk,0.024427485086299994,0.00965683718623171,0.036733340644545635,22
oulab,4,base_rf_gini,cutoff_valid_to_activity,cutoff_valid,brier,-0.002703560999217508,-0.004690840521891164,-0.0007560942362960229,22
oulab,4,base_rf_gini,cutoff_valid_to_activity,cutoff_valid,ece,0.0037089509583943664,-0.004354208879351854,0.009106926178131504,22
oulab,4,base_rf_gini,static_full,cutoff_valid,auc,0.059517129868884244,0.05138065351614125,0.0684005920754576,22
oulab,4,base_rf_gini,static_full,cutoff_valid,pr_auc_risk,0.12336305661294855,0.10506995990991047,0.14557791751699475,22
oulab,4,base_rf_gini,static_full,cutoff_valid,brier,-0.02611122579789954,-0.029467669127468295,-0.022174037772139606,22
oulab,4,base_rf_gini,static_full,cutoff_valid,ece,-0.015448216564594462,-0.032696762493781485,0.0013391772416384527,22
oulab,4,stack_7_full,activity_conditioned,cutoff_valid,auc,0.009753166191962093,0.0038252087811715186,0.014572013116822437,22
oulab,4,stack_7_full,activity_conditioned,cutoff_valid,pr_auc_risk,0.026027062080984598,0.012589728748170395,0.037198029448660706,22
oulab,4,stack_7_full,activity_conditioned,cutoff_valid,brier,-0.0036374237497763806,-0.005908292137620863,-0.0012634739275551147,22
oulab,4,stack_7_full,activity_conditioned,cutoff_valid,ece,0.0011193759839054403,-0.002094835818204745,0.003925010520939221,22
oulab,4,stack_7_full,activity_to_cutoff_valid,cutoff_valid,auc,-0.004602108775955238,-0.008190071171726095,-0.0023300430131488093,22
oulab,4,stack_7_full,activity_to_cutoff_valid,cutoff_valid,pr_auc_risk,-0.008669026649648304,-0.013434734063424377,-0.005441320637645836,22
oulab,4,stack_7_full,activity_to_cutoff_valid,cutoff_valid,brier,0.0021077155054210206,0.0011378997270581157,0.003420921628808722,22
oulab,4,stack_7_full,activity_to_cutoff_valid,cutoff_valid,ece,0.0003717613007820902,-0.0033379838018722826,0.004155231997686602,22
oulab,4,stack_7_full,cutoff_valid_to_activity,cutoff_valid,auc,0.009685236405071462,0.003732688577740953,0.014549711124015041,22
oulab,4,stack_7_full,cutoff_valid_to_activity,cutoff_valid,pr_auc_risk,0.025108606168578573,0.011912298922425886,0.03609892914915986,22
oulab,4,stack_7_full,cutoff_valid_to_activity,cutoff_valid,brier,-0.0031839414193781113,-0.005309786751552534,-0.0008432355922004143,22
oulab,4,stack_7_full,cutoff_valid_to_activity,cutoff_valid,ece,0.009085757781530795,0.00030798313532997917,0.01107987879935132,22
oulab,4,stack_7_full,static_full,cutoff_valid,auc,0.055230712619344535,0.04787580621924367,0.06367646523519566,22
oulab,4,stack_7_full,static_full,cutoff_valid,pr_auc_risk,0.1130259975188248,0.09512816848663126,0.13503397522708674,22
oulab,4,stack_7_full,static_full,cutoff_valid,brier,-0.02446274607796939,-0.027577020103658034,-0.020563009308413836,22
oulab,4,stack_7_full,static_full,cutoff_valid,ece,-0.0018533590152091956,-0.003944520850713466,0.0014201273286007937,22
oulab,4,temporal_hgb,activity_conditioned,cutoff_valid,auc,0.0067334408241330745,-0.0016615345870384629,0.012330056818024137,22
oulab,4,temporal_hgb,activity_conditioned,cutoff_valid,pr_auc_risk,0.02276551117995096,0.002696284043682848,0.036864451585419566,22
oulab,4,temporal_hgb,activity_conditioned,cutoff_valid,brier,-0.0011039871497565135,-0.0036375893391132974,0.0022214640761636,22
oulab,4,temporal_hgb,activity_conditioned,cutoff_valid,ece,-0.00012416406223531191,-0.0028909277212009416,0.005318417895800893,22
oulab,4,temporal_hgb,activity_to_cutoff_valid,cutoff_valid,auc,-0.0014102142593003242,-0.0038507162299946966,0.001195208713804427,22
oulab,4,temporal_hgb,activity_to_cutoff_valid,cutoff_valid,pr_auc_risk,-0.0016719428466211994,-0.006625822729447941,0.004232169785602396,22
oulab,4,temporal_hgb,activity_to_cutoff_valid,cutoff_valid,brier,0.0009705379260442626,-0.0014172216956444487,0.0042600848616801195,22
oulab,4,temporal_hgb,activity_to_cutoff_valid,cutoff_valid,ece,0.01006935697878723,-0.013292144920924802,0.020479028963403666,22
oulab,4,temporal_hgb,cutoff_valid_to_activity,cutoff_valid,auc,0.006049465155529288,-0.0012569365758958117,0.011110753305096598,22
oulab,4,temporal_hgb,cutoff_valid_to_activity,cutoff_valid,pr_auc_risk,0.018634041344775865,0.000745081510027662,0.03220099939860341,22
oulab,4,temporal_hgb,cutoff_valid_to_activity,cutoff_valid,brier,0.00029558881467092735,-0.0019431611691365167,0.002236925404326309,22
oulab,4,temporal_hgb,cutoff_valid_to_activity,cutoff_valid,ece,0.012322318467071647,-0.014170515426183517,0.022234974095833145,22
oulab,4,temporal_hgb,static_full,cutoff_valid,auc,0.06421221764265239,0.05504565281691659,0.0739803952107195,22
oulab,4,temporal_hgb,static_full,cutoff_valid,pr_auc_risk,0.13979637173732062,0.11640437322966359,0.16625864898453663,22
oulab,4,temporal_hgb,static_full,cutoff_valid,brier,-0.0244836154744327,-0.028760838005206346,-0.018316163945265387,22
oulab,4,temporal_hgb,static_full,cutoff_valid,ece,-0.0014151058075737941,-0.004703114527913231,0.00469682003971337,22
oulab,6,base_lr_profile,activity_conditioned,cutoff_valid,auc,-0.015010346543944841,-0.020379485707788126,-0.009729218352303086,22
oulab,6,base_lr_profile,activity_conditioned,cutoff_valid,pr_auc_risk,-0.011608746007282567,-0.030237477447353205,0.005644162299137357,22
oulab,6,base_lr_profile,activity_conditioned,cutoff_valid,brier,0.008125053563655449,0.006207587759379777,0.010126570975612405,22
oulab,6,base_lr_profile,activity_conditioned,cutoff_valid,ece,-0.0002709038893186685,-0.0060969079481971895,0.008200280972361182,22
oulab,6,base_lr_profile,activity_to_cutoff_valid,cutoff_valid,auc,-0.019827157131850126,-0.025812704939760477,-0.014978422559126176,22
oulab,6,base_lr_profile,activity_to_cutoff_valid,cutoff_valid,pr_auc_risk,-0.04232561875513907,-0.05302518064918477,-0.03364751473159813,22
oulab,6,base_lr_profile,activity_to_cutoff_valid,cutoff_valid,brier,0.006862576921535302,0.004422332515548742,0.009364040378765825,22
oulab,6,base_lr_profile,activity_to_cutoff_valid,cutoff_valid,ece,0.019652245565381397,-0.01890845616560364,0.026337605558150862,22
oulab,6,base_lr_profile,cutoff_valid_to_activity,cutoff_valid,auc,-0.017050474894484413,-0.02220752646342831,-0.011650939387176415,22
oulab,6,base_lr_profile,cutoff_valid_to_activity,cutoff_valid,pr_auc_risk,-0.013307996154810708,-0.03087047603034255,0.0034190651839957915,22
oulab,6,base_lr_profile,cutoff_valid_to_activity,cutoff_valid,brier,0.010079002055814912,0.007899960124153026,0.01231721627113051,22
oulab,6,base_lr_profile,cutoff_valid_to_activity,cutoff_valid,ece,0.03308953699872676,-0.015301727358781417,0.04653104030269559,22
oulab,6,base_lr_profile,static_full,cutoff_valid,auc,0.07046486937328433,0.05964956551048223,0.08205322234030445,22
oulab,6,base_lr_profile,static_full,cutoff_valid,pr_auc_risk,0.17506168264462163,0.15276969002415106,0.19800184068948695,22
oulab,6,base_lr_profile,static_full,cutoff_valid,brier,-0.019764546499118296,-0.023570282247408043,-0.01531694099271502,22
oulab,6,base_lr_profile,static_full,cutoff_valid,ece,-0.001134342007567869,-0.006346790852431259,0.006070128299959279,22
oulab,6,base_rf_gini,activity_conditioned,cutoff_valid,auc,0.018409778442885272,0.01160202392461609,0.02387613027703441,22
oulab,6,base_rf_gini,activity_conditioned,cutoff_valid,pr_auc_risk,0.04573570332807375,0.030070041960383796,0.0583489677522456,22
oulab,6,base_rf_gini,activity_conditioned,cutoff_valid,brier,-0.007476197194315748,-0.010221253867847668,-0.004680454008978399,22
oulab,6,base_rf_gini,activity_conditioned,cutoff_valid,ece,-0.006613253514577533,-0.010683263937816677,-0.0013745729966448575,22
oulab,6,base_rf_gini,activity_to_cutoff_valid,cutoff_valid,auc,-0.0008185968073534111,-0.0018480376162232249,2.570209292775368e-05,22
oulab,6,base_rf_gini,activity_to_cutoff_valid,cutoff_valid,pr_auc_risk,-0.0002181007655553957,-0.002292006960838061,0.0012473230603185356,22
oulab,6,base_rf_gini,activity_to_cutoff_valid,cutoff_valid,brier,-0.00030992869913182286,-0.0007384518945071132,0.00016537683351164532,22
oulab,6,base_rf_gini,activity_to_cutoff_valid,cutoff_valid,ece,-0.008080584521176493,-0.009634752321548682,-0.002995929458839928,22
oulab,6,base_rf_gini,cutoff_valid_to_activity,cutoff_valid,auc,0.018460844257102704,0.011564432228650145,0.024104292017675142,22
oulab,6,base_rf_gini,cutoff_valid_to_activity,cutoff_valid,pr_auc_risk,0.04464617937326121,0.02945520178990638,0.057499324452599414,22
oulab,6,base_rf_gini,cutoff_valid_to_activity,cutoff_valid,brier,-0.006406932289051093,-0.008943243463500374,-0.003843578264952263,22
oulab,6,base_rf_gini,cutoff_valid_to_activity,cutoff_valid,ece,0.003940041431667339,-0.00276962205825088,0.007109444125406189,22
oulab,6,base_rf_gini,static_full,cutoff_valid,auc,0.06084474147081709,0.053488597501754255,0.06879121424701347,22
oulab,6,base_rf_gini,static_full,cutoff_valid,pr_auc_risk,0.12434963436511948,0.10710753102245207,0.1446185153251583,22
oulab,6,base_rf_gini,static_full,cutoff_valid,brier,-0.028181110387521358,-0.031702694114941185,-0.024110859466549617,22
oulab,6,base_rf_gini,static_full,cutoff_valid,ece,-0.01706133854338061,-0.03424536672250476,0.00078157467514708,22
oulab,6,stack_7_full,activity_conditioned,cutoff_valid,auc,0.018017021042170178,0.01141786753260789,0.023628023773122987,22
oulab,6,stack_7_full,activity_conditioned,cutoff_valid,pr_auc_risk,0.04243208914316354,0.028936077358923038,0.05389050786284281,22
oulab,6,stack_7_full,activity_conditioned,cutoff_valid,brier,-0.007108234159033999,-0.0100890028843338,-0.004099190451844609,22
oulab,6,stack_7_full,activity_conditioned,cutoff_valid,ece,-0.00428335851412417,-0.006131146837122477,0.0015155670046517497,22
oulab,6,stack_7_full,activity_to_cutoff_valid,cutoff_valid,auc,-0.0034943935336588794,-0.007314853319322153,-0.0011478660470979683,22
oulab,6,stack_7_full,activity_to_cutoff_valid,cutoff_valid,pr_auc_risk,-0.007860660596127111,-0.012044583931785115,-0.005099221763970656,22
oulab,6,stack_7_full,activity_to_cutoff_valid,cutoff_valid,brier,0.001869426140330116,0.0008391547313172404,0.0032082454435741455,22
oulab,6,stack_7_full,activity_to_cutoff_valid,cutoff_valid,ece,-0.0037784620349162797,-0.00650622120179049,0.002780640682840435,22
oulab,6,stack_7_full,cutoff_valid_to_activity,cutoff_valid,auc,0.01713507082182808,0.010575298452765228,0.022764127073052805,22
oulab,6,stack_7_full,cutoff_valid_to_activity,cutoff_valid,pr_auc_risk,0.04107931312205226,0.027423110737061798,0.05264347315236189,22
oulab,6,stack_7_full,cutoff_valid_to_activity,cutoff_valid,brier,-0.006193610374854247,-0.009126022684742444,-0.0032007135406380252,22
oulab,6,stack_7_full,cutoff_valid_to_activity,cutoff_valid,ece,0.006998389487548119,-0.0008718531473362857,0.011356447395608111,22
oulab,6,stack_7_full,static_full,cutoff_valid,auc,0.056786398592034715,0.04984119082106792,0.06408411371758438,22
oulab,6,stack_7_full,static_full,cutoff_valid,pr_auc_risk,0.11294011649949798,0.09755883759038098,0.13225787432075978,22
oulab,6,stack_7_full,static_full,cutoff_valid,brier,-0.026271413983338737,-0.029559237920770125,-0.02225631577092692,22
oulab,6,stack_7_full,static_full,cutoff_valid,ece,-0.0035998189390768105,-0.0072781606423926925,0.001427696459486158,22
oulab,6,temporal_hgb,activity_conditioned,cutoff_valid,auc,0.018033082319277915,0.00992346175051056,0.023992782710460688,22
oulab,6,temporal_hgb,activity_conditioned,cutoff_valid,pr_auc_risk,0.0490100327173939,0.030295009458337845,0.06281297811768603,22
oulab,6,temporal_hgb,activity_conditioned,cutoff_valid,brier,-0.005538035519961126,-0.008817999012642448,-0.0014532687128779949,22
oulab,6,temporal_hgb,activity_conditioned,cutoff_valid,ece,-0.0012021439824625064,-0.003431489956955405,0.005295693985574996,22
oulab,6,temporal_hgb,activity_to_cutoff_valid,cutoff_valid,auc,-0.001078063283269537,-0.0035473435421717187,0.0013033156597523456,22
oulab,6,temporal_hgb,activity_to_cutoff_valid,cutoff_valid,pr_auc_risk,-0.0021339027153131074,-0.008487209198352084,0.004605336501043894,22
oulab,6,temporal_hgb,activity_to_cutoff_valid,cutoff_valid,brier,0.0007787209066690282,-0.0017391300830619002,0.0041948718949646685,22
oulab,6,temporal_hgb,activity_to_cutoff_valid,cutoff_valid,ece,0.005214382112012972,-0.013605862061652743,0.020245394553826665,22
oulab,6,temporal_hgb,cutoff_valid_to_activity,cutoff_valid,auc,0.017564047318225584,0.010131237203315055,0.023283808831005937,22
oulab,6,temporal_hgb,cutoff_valid_to_activity,cutoff_valid,pr_auc_risk,0.04454783016470221,0.026017168930743288,0.058616214605450113,22
oulab,6,temporal_hgb,cutoff_valid_to_activity,cutoff_valid,brier,-0.003762916373184544,-0.006466614552647919,-0.0012999169779523098,22
oulab,6,temporal_hgb,cutoff_valid_to_activity,cutoff_valid,ece,0.012550969802841698,-0.009211071444183882,0.022309998289575823,22
oulab,6,temporal_hgb,static_full,cutoff_valid,auc,0.06485034893555774,0.05670472019307294,0.07346038435501474,22
oulab,6,temporal_hgb,static_full,cutoff_valid,pr_auc_risk,0.13856800169754968,0.11720638983484102,0.16412051963965632,22
oulab,6,temporal_hgb,static_full,cutoff_valid,brier,-0.027078014336401973,-0.03108207278592742,-0.021428984426757742,22
oulab,6,temporal_hgb,static_full,cutoff_valid,ece,-0.0026807311592253243,-0.005880501873105688,0.003478412054023882,22
oulab,8,base_lr_profile,activity_conditioned,cutoff_valid,auc,-0.015556283187976527,-0.021182325897932903,-0.01025155020419782,22
oulab,8,base_lr_profile,activity_conditioned,cutoff_valid,pr_auc_risk,-0.004557765489108245,-0.025363068639348167,0.01400238647972968,22
oulab,8,base_lr_profile,activity_conditioned,cutoff_valid,brier,0.010177799228426848,0.007786055219513125,0.012510994795814684,22
oulab,8,base_lr_profile,activity_conditioned,cutoff_valid,ece,-7.466627138354512e-06,-0.0055407701829129005,0.009386167666283654,22
oulab,8,base_lr_profile,activity_to_cutoff_valid,cutoff_valid,auc,-0.020383844483433777,-0.02665918197800989,-0.015162885997533232,22
oulab,8,base_lr_profile,activity_to_cutoff_valid,cutoff_valid,pr_auc_risk,-0.046904029480766773,-0.05856754176772358,-0.03754264233041199,22
oulab,8,base_lr_profile,activity_to_cutoff_valid,cutoff_valid,brier,0.008087475135992395,0.005271067939350302,0.010982546393796436,22
oulab,8,base_lr_profile,activity_to_cutoff_valid,cutoff_valid,ece,0.029862420299187505,-0.013852943655614238,0.03798758766121742,22
oulab,8,base_lr_profile,cutoff_valid_to_activity,cutoff_valid,auc,-0.018252355146588628,-0.02384456495880201,-0.012672420658005211,22
oulab,8,base_lr_profile,cutoff_valid_to_activity,cutoff_valid,pr_auc_risk,-0.006982075760366024,-0.02724777360591321,0.011074293883128668,22
oulab,8,base_lr_profile,cutoff_valid_to_activity,cutoff_valid,brier,0.013215258932811946,0.010589597491574145,0.016145492707537352,22
oulab,8,base_lr_profile,cutoff_valid_to_activity,cutoff_valid,ece,0.04381879095241714,-0.0063446911203215925,0.05798593039302046,22
oulab,8,base_lr_profile,static_full,cutoff_valid,auc,0.07048614519398055,0.06010629550700622,0.08176982067766886,22
oulab,8,base_lr_profile,static_full,cutoff_valid,pr_auc_risk,0.1833310633873364,0.16104939545904723,0.20750885415469436,22
oulab,8,base_lr_profile,static_full,cutoff_valid,brier,-0.018333806514892026,-0.021892393396182836,-0.01409166113631717,22
oulab,8,base_lr_profile,static_full,cutoff_valid,ece,-0.0007270431436907409,-0.005921734054620874,0.006527163524983658,22
oulab,8,base_rf_gini,activity_conditioned,cutoff_valid,auc,0.02460288632552432,0.018003224594877194,0.03011067466163918,22
oulab,8,base_rf_gini,activity_conditioned,cutoff_valid,pr_auc_risk,0.0545984533665963,0.04120195358181043,0.06604276182955628,22
oulab,8,base_rf_gini,activity_conditioned,cutoff_valid,brier,-0.010921558172260426,-0.014110448896860047,-0.007740933569877016,22
oulab,8,base_rf_gini,activity_conditioned,cutoff_valid,ece,-0.009558716567352514,-0.013429587790829797,-0.002867580027250892,22
oulab,8,base_rf_gini,activity_to_cutoff_valid,cutoff_valid,auc,-0.000391099158969066,-0.0009257886343719435,7.94523020704761e-05,22
oulab,8,base_rf_gini,activity_to_cutoff_valid,cutoff_valid,pr_auc_risk,-0.00046807977070351114,-0.0016372839503765169,0.0005652580936243018,22
oulab,8,base_rf_gini,activity_to_cutoff_valid,cutoff_valid,brier,-0.0006865823542447913,-0.0011169602385716335,-0.0002776959752785686,22
oulab,8,base_rf_gini,activity_to_cutoff_valid,cutoff_valid,ece,-0.00974037393645713,-0.011850544849152241,-0.0059880827226564725,22
oulab,8,base_rf_gini,cutoff_valid_to_activity,cutoff_valid,auc,0.024555702557808035,0.01797393097915087,0.030089194434843865,22
oulab,8,base_rf_gini,cutoff_valid_to_activity,cutoff_valid,pr_auc_risk,0.05424056615590367,0.040980975554946564,0.06567789261980582,22
oulab,8,base_rf_gini,cutoff_valid_to_activity,cutoff_valid,brier,-0.00985211500599642,-0.012997499264348093,-0.0067803870674505145,22
oulab,8,base_rf_gini,cutoff_valid_to_activity,cutoff_valid,ece,0.002370309463100767,-0.001157001551571171,0.0057916922902278385,22
oulab,8,base_rf_gini,static_full,cutoff_valid,auc,0.06010836147877474,0.053443323622156536,0.06669279029253276,22
oulab,8,base_rf_gini,static_full,cutoff_valid,pr_auc_risk,0.11598053217096749,0.10153120908216051,0.13305507674182349,22
oulab,8,base_rf_gini,static_full,cutoff_valid,brier,-0.02969587554403727,-0.033622698303275106,-0.02521915601236558,22
oulab,8,base_rf_gini,static_full,cutoff_valid,ece,-0.016725599927274157,-0.030849935582065127,-0.0005027389715651162,22
oulab,8,stack_7_full,activity_conditioned,cutoff_valid,auc,0.023018645498914747,0.016961490588687712,0.028104031255629863,22
oulab,8,stack_7_full,activity_conditioned,cutoff_valid,pr_auc_risk,0.050518770454357265,0.03854766235457588,0.061096096982779735,22
oulab,8,stack_7_full,activity_conditioned,cutoff_valid,brier,-0.009843351906276054,-0.012664422179688179,-0.006903163935766966,22
oulab,8,stack_7_full,activity_conditioned,cutoff_valid,ece,-0.001714453516881943,-0.004117160261259712,0.001704229696834749,22
oulab,8,stack_7_full,activity_to_cutoff_valid,cutoff_valid,auc,-0.001314844293658357,-0.0025394383819251935,-0.0002740133741861719,22
oulab,8,stack_7_full,activity_to_cutoff_valid,cutoff_valid,pr_auc_risk,-0.0032611480979667373,-0.00552076810487975,-0.0015008127700272694,22
oulab,8,stack_7_full,activity_to_cutoff_valid,cutoff_valid,brier,0.000834698703565423,0.0002359789183344896,0.0015419818305032744,22
oulab,8,stack_7_full,activity_to_cutoff_valid,cutoff_valid,ece,-0.000881973787062576,-0.004437047001001315,0.0034358533693150677,22
oulab,8,stack_7_full,cutoff_valid_to_activity,cutoff_valid,auc,0.02290728076996562,0.016965585063716468,0.027970350814668726,22
oulab,8,stack_7_full,cutoff_valid_to_activity,cutoff_valid,pr_auc_risk,0.04995510136555592,0.03814901683706104,0.06045403920664944,22
oulab,8,stack_7_full,cutoff_valid_to_activity,cutoff_valid,brier,-0.009467535749549949,-0.012250641510613813,-0.006606757406912892,22
oulab,8,stack_7_full,cutoff_valid_to_activity,cutoff_valid,ece,0.006120732569330817,0.0012461468270070527,0.008919242390956105,22
oulab,8,stack_7_full,static_full,cutoff_valid,auc,0.05616196957562103,0.05004655405271621,0.06285127849317844,22
oulab,8,stack_7_full,static_full,cutoff_valid,pr_auc_risk,0.10677088711775828,0.09314789873177647,0.12309326176749755,22
oulab,8,stack_7_full,static_full,cutoff_valid,brier,-0.027756016506213677,-0.031062419033424844,-0.023952928160320488,22
oulab,8,stack_7_full,static_full,cutoff_valid,ece,-0.002892705155392624,-0.005731753246954779,0.0006531825561133645,22
oulab,8,temporal_hgb,activity_conditioned,cutoff_valid,auc,0.024899498406417253,0.01779652692952278,0.03060593576692286,22
oulab,8,temporal_hgb,activity_conditioned,cutoff_valid,pr_auc_risk,0.062387305893882306,0.047514561698832794,0.07463423201792711,22
oulab,8,temporal_hgb,activity_conditioned,cutoff_valid,brier,-0.009312987895655545,-0.012539703337997588,-0.005479799183733239,22
oulab,8,temporal_hgb,activity_conditioned,cutoff_valid,ece,-0.001038468482549456,-0.003669788041868624,0.004593171209671907,22
oulab,8,temporal_hgb,activity_to_cutoff_valid,cutoff_valid,auc,-0.001350133256609154,-0.0028536402808656464,9.080569200808905e-06,22
oulab,8,temporal_hgb,activity_to_cutoff_valid,cutoff_valid,pr_auc_risk,-0.0013301231855772366,-0.005092630050513844,0.002414049498963657,22
oulab,8,temporal_hgb,activity_to_cutoff_valid,cutoff_valid,brier,0.0007472228875574638,-0.001052845615558872,0.0031487247867882256,22
oulab,8,temporal_hgb,activity_to_cutoff_valid,cutoff_valid,ece,0.0011501058951544144,-0.011828091679294682,0.015277286444240132,22
oulab,8,temporal_hgb,cutoff_valid_to_activity,cutoff_valid,auc,0.025371403811476623,0.018413650618375223,0.03097284114423897,22
oulab,8,temporal_hgb,cutoff_valid_to_activity,cutoff_valid,pr_auc_risk,0.061466464745635885,0.04619053389715674,0.07450675397126498,22
oulab,8,temporal_hgb,cutoff_valid_to_activity,cutoff_valid,brier,-0.008269630123179633,-0.011330022521172517,-0.005397905436136006,22
oulab,8,temporal_hgb,cutoff_valid_to_activity,cutoff_valid,ece,0.012028498986663654,-0.003106277047752291,0.017705277641787736,22
oulab,8,temporal_hgb,static_full,cutoff_valid,auc,0.06332993853605007,0.055807671784331596,0.07041345530230501,22
oulab,8,temporal_hgb,static_full,cutoff_valid,pr_auc_risk,0.12939812386407956,0.11072960247724836,0.14956234220415407,22
oulab,8,temporal_hgb,static_full,cutoff_valid,brier,-0.02902421344298345,-0.03290623625477358,-0.02401503944971749,22
oulab,8,temporal_hgb,static_full,cutoff_valid,ece,-0.002321072085053503,-0.0057621576763303185,0.0020833316087358745,22
oulab,10,base_lr_profile,activity_conditioned,cutoff_valid,auc,-0.01543817622918131,-0.020569769227705086,-0.01030737355698759,22
oulab,10,base_lr_profile,activity_conditioned,cutoff_valid,pr_auc_risk,0.003893378479718934,-0.01702864734064415,0.023866558336878813,22
oulab,10,base_lr_profile,activity_conditioned,cutoff_valid,brier,0.012143890877010843,0.009583379143221969,0.014647814568427231,22
oulab,10,base_lr_profile,activity_conditioned,cutoff_valid,ece,0.0008005093928795566,-0.004740305389424956,0.011065409904796774,22
oulab,10,base_lr_profile,activity_to_cutoff_valid,cutoff_valid,auc,-0.020688373644739633,-0.027303864938261906,-0.014893296540496858,22
oulab,10,base_lr_profile,activity_to_cutoff_valid,cutoff_valid,pr_auc_risk,-0.04993996941322498,-0.061476859639288985,-0.040002971894215554,22
oulab,10,base_lr_profile,activity_to_cutoff_valid,cutoff_valid,brier,0.009431836199934623,0.006094838068171975,0.012782778553665806,22
oulab,10,base_lr_profile,activity_to_cutoff_valid,cutoff_valid,ece,0.040470219139307206,-0.006134881393780639,0.049089797811360046,22
oulab,10,base_lr_profile,cutoff_valid_to_activity,cutoff_valid,auc,-0.019017812714664073,-0.024072826431554804,-0.01371448683207291,22
oulab,10,base_lr_profile,cutoff_valid_to_activity,cutoff_valid,pr_auc_risk,0.0006929123258123671,-0.019988333862852717,0.01994172968658691,22
oulab,10,base_lr_profile,cutoff_valid_to_activity,cutoff_valid,brier,0.01640078714732468,0.013437073769303687,0.01994178149920673,22
oulab,10,base_lr_profile,cutoff_valid_to_activity,cutoff_valid,ece,0.054081177578666956,0.004532283218908022,0.06956052478706093,22
oulab,10,base_lr_profile,static_full,cutoff_valid,auc,0.07093774554991572,0.06094532167942935,0.08203091011957224,22
oulab,10,base_lr_profile,static_full,cutoff_valid,pr_auc_risk,0.19218337009281083,0.16836773010825543,0.21579887912462217,22
oulab,10,base_lr_profile,static_full,cutoff_valid,brier,-0.01690429068146382,-0.020530151015392604,-0.012766576575560752,22
oulab,10,base_lr_profile,static_full,cutoff_valid,ece,0.00038402129820896275,-0.0060628250198163,0.0076400007534813425,22
oulab,10,base_rf_gini,activity_conditioned,cutoff_valid,auc,0.02739255285246167,0.020764976690470022,0.03281876709058041,22
oulab,10,base_rf_gini,activity_conditioned,cutoff_valid,pr_auc_risk,0.05867069515183676,0.046519549778574115,0.06913092669128622,22
oulab,10,base_rf_gini,activity_conditioned,cutoff_valid,brier,-0.012608256675610663,-0.015804885992556444,-0.009088425448984645,22
oulab,10,base_rf_gini,activity_conditioned,cutoff_valid,ece,-0.010963008324189137,-0.017177696393897556,-0.004406843998455348,22
oulab,10,base_rf_gini,activity_to_cutoff_valid,cutoff_valid,auc,-0.0005838211216443456,-0.0010469945044254553,-9.800064114835303e-05,22
oulab,10,base_rf_gini,activity_to_cutoff_valid,cutoff_valid,pr_auc_risk,-0.00029672673751812706,-0.0010510367365770628,0.0005709662465233743,22
oulab,10,base_rf_gini,activity_to_cutoff_valid,cutoff_valid,brier,-0.000747012418872095,-0.001372917027188586,-0.00020067861341627736,22
oulab,10,base_rf_gini,activity_to_cutoff_valid,cutoff_valid,ece,-0.010776245408942987,-0.013736683721235864,-0.006118831222616239,22
oulab,10,base_rf_gini,cutoff_valid_to_activity,cutoff_valid,auc,0.027630294860189752,0.02100655983070493,0.03299831021121659,22
oulab,10,base_rf_gini,cutoff_valid_to_activity,cutoff_valid,pr_auc_risk,0.058559207072562236,0.046529622022851345,0.06893400032374113,22
oulab,10,base_rf_gini,cutoff_valid_to_activity,cutoff_valid,brier,-0.011737642146920135,-0.014976633258576824,-0.008258521386479678,22
oulab,10,base_rf_gini,cutoff_valid_to_activity,cutoff_valid,ece,-0.00019448245233645578,-0.003655534343397574,0.0027680615961905328,22
oulab,10,base_rf_gini,static_full,cutoff_valid,auc,0.0587267130996979,0.05233810433711193,0.06537926148139662,22
oulab,10,base_rf_gini,static_full,cutoff_valid,pr_auc_risk,0.10964277999257999,0.09636038270814613,0.12482868912598523,22
oulab,10,base_rf_gini,static_full,cutoff_valid,brier,-0.030355796315378825,-0.03396595718360715,-0.02644082254995661,22
oulab,10,base_rf_gini,static_full,cutoff_valid,ece,-0.015530925936655997,-0.033381457663122234,-0.000899703769714093,22
oulab,10,stack_7_full,activity_conditioned,cutoff_valid,auc,0.026223878153892155,0.019831895392382948,0.03147192469288266,22
oulab,10,stack_7_full,activity_conditioned,cutoff_valid,pr_auc_risk,0.05541618416256766,0.043843812546215256,0.06536929409141666,22
oulab,10,stack_7_full,activity_conditioned,cutoff_valid,brier,-0.011701007551669196,-0.014983746417856136,-0.008163145461350151,22
oulab,10,stack_7_full,activity_conditioned,cutoff_valid,ece,0.0005469354914379079,-0.003519207983126475,0.001728792485472604,22
oulab,10,stack_7_full,activity_to_cutoff_valid,cutoff_valid,auc,-3.2229815107420734e-05,-0.0004467140014767612,0.0004136885843098898,22
oulab,10,stack_7_full,activity_to_cutoff_valid,cutoff_valid,pr_auc_risk,-0.0005551222410243861,-0.001593202817552855,0.00047329940824545583,22
oulab,10,stack_7_full,activity_to_cutoff_valid,cutoff_valid,brier,-4.96908415809072e-06,-0.00026274387381986647,0.00024540813732814145,22
oulab,10,stack_7_full,activity_to_cutoff_valid,cutoff_valid,ece,0.0006587462428698492,-0.00426525324634977,0.0028836094529957564,22
oulab,10,stack_7_full,cutoff_valid_to_activity,cutoff_valid,auc,0.025977449208101522,0.019746341017107195,0.03126817535541217,22
oulab,10,stack_7_full,cutoff_valid_to_activity,cutoff_valid,pr_auc_risk,0.054920834291173004,0.043540430493994656,0.06486357770831659,22
oulab,10,stack_7_full,cutoff_valid_to_activity,cutoff_valid,brier,-0.011307782123191973,-0.01449873780962978,-0.007947002527211451,22
oulab,10,stack_7_full,cutoff_valid_to_activity,cutoff_valid,ece,0.005852852809176566,-0.00020708463392634887,0.007049213544897452,22
oulab,10,stack_7_full,static_full,cutoff_valid,auc,0.05514451202343351,0.0493111586714409,0.061096388271306507,22
oulab,10,stack_7_full,static_full,cutoff_valid,pr_auc_risk,0.10224632538981682,0.09000469911998292,0.11583355911220905,22
oulab,10,stack_7_full,static_full,cutoff_valid,brier,-0.028564694452133763,-0.03191279948187709,-0.02482172790267637,22
oulab,10,stack_7_full,static_full,cutoff_valid,ece,0.0011706992801774029,-0.004021075581463787,0.0015613040405569965,22
oulab,10,temporal_hgb,activity_conditioned,cutoff_valid,auc,0.028362791979297697,0.02176658271643398,0.03400299869677243,22
oulab,10,temporal_hgb,activity_conditioned,cutoff_valid,pr_auc_risk,0.06248251724834131,0.050279340574435324,0.07318166097173395,22
oulab,10,temporal_hgb,activity_conditioned,cutoff_valid,brier,-0.011819931131235306,-0.015240858540631811,-0.00820843008787613,22
oulab,10,temporal_hgb,activity_conditioned,cutoff_valid,ece,-0.0007224254575905129,-0.003956769322768369,0.0015760358411609184,22
oulab,10,temporal_hgb,activity_to_cutoff_valid,cutoff_valid,auc,-0.0002989511429564162,-0.0008166766233598521,0.00016839507566572477,22
oulab,10,temporal_hgb,activity_to_cutoff_valid,cutoff_valid,pr_auc_risk,0.001118893127453946,-0.0005909411841603706,0.003253412318725807,22
oulab,10,temporal_hgb,activity_to_cutoff_valid,cutoff_valid,brier,5.7553792930542524e-05,-0.000340409529358051,0.0005250044831208049,22
oulab,10,temporal_hgb,activity_to_cutoff_valid,cutoff_valid,ece,-0.001841021802108914,-0.009294897340077364,0.0061605640799141295,22
oulab,10,temporal_hgb,cutoff_valid_to_activity,cutoff_valid,auc,0.02852391150522593,0.0219157315504032,0.03405853148745164,22
oulab,10,temporal_hgb,cutoff_valid_to_activity,cutoff_valid,pr_auc_risk,0.062351183974077684,0.050141140781522466,0.07314699193338346,22
oulab,10,temporal_hgb,cutoff_valid_to_activity,cutoff_valid,brier,-0.011340786861410962,-0.014632221029949927,-0.007934019975064209,22
oulab,10,temporal_hgb,cutoff_valid_to_activity,cutoff_valid,ece,0.007043101679275729,-0.00018438482664962012,0.010202117432077037,22
oulab,10,temporal_hgb,static_full,cutoff_valid,auc,0.059953525113260575,0.05317550152489516,0.06678997047542846,22
oulab,10,temporal_hgb,static_full,cutoff_valid,pr_auc_risk,0.1117937463997899,0.09737767409023808,0.1284685576086,22
oulab,10,temporal_hgb,static_full,cutoff_valid,brier,-0.02952915511146889,-0.032937463530137774,-0.025540842620409485,22
oulab,10,temporal_hgb,static_full,cutoff_valid,ece,-0.0026832839940135102,-0.006417861591280912,-0.0008361706710580683,22
oulab,12,base_lr_profile,activity_conditioned,cutoff_valid,auc,-0.017102345494756754,-0.0227216526338577,-0.011517205749665563,22
oulab,12,base_lr_profile,activity_conditioned,cutoff_valid,pr_auc_risk,0.008634587962703222,-0.013095263754248493,0.029345264016879334,22
oulab,12,base_lr_profile,activity_conditioned,cutoff_valid,brier,0.014006819172606821,0.011082250866305713,0.01686375847985584,22
oulab,12,base_lr_profile,activity_conditioned,cutoff_valid,ece,0.0023902766533713165,-0.005454966876477066,0.011613022574415209,22
oulab,12,base_lr_profile,activity_to_cutoff_valid,cutoff_valid,auc,-0.021345804533003054,-0.02824477037292932,-0.015528443267420176,22
oulab,12,base_lr_profile,activity_to_cutoff_valid,cutoff_valid,pr_auc_risk,-0.05210158135288412,-0.06389174043308354,-0.041944021095281635,22
oulab,12,base_lr_profile,activity_to_cutoff_valid,cutoff_valid,brier,0.010488652400314075,0.006730688542402623,0.014230632021145802,22
oulab,12,base_lr_profile,activity_to_cutoff_valid,cutoff_valid,ece,0.04980503937892834,0.001562048710613976,0.056630913094672476,22
oulab,12,base_lr_profile,cutoff_valid_to_activity,cutoff_valid,auc,-0.02114533619698178,-0.026513900900639646,-0.015418714758009731,22
oulab,12,base_lr_profile,cutoff_valid_to_activity,cutoff_valid,pr_auc_risk,0.005045224802151527,-0.016246098607765554,0.025286367075594215,22
oulab,12,base_lr_profile,cutoff_valid_to_activity,cutoff_valid,brier,0.019375687639135747,0.016002194993116354,0.023167974186721754,22
oulab,12,base_lr_profile,cutoff_valid_to_activity,cutoff_valid,ece,0.0638758081480027,0.012259243417032299,0.07783134888983044,22
oulab,12,base_lr_profile,static_full,cutoff_valid,auc,0.06935935361671275,0.05931393074506213,0.08016963085144987,22
oulab,12,base_lr_profile,static_full,cutoff_valid,pr_auc_risk,0.19725474071981464,0.17347090871081636,0.22082891988817419,22
oulab,12,base_lr_profile,static_full,cutoff_valid,brier,-0.015102818178980848,-0.018902255848577985,-0.010883759538099887,22
oulab,12,base_lr_profile,static_full,cutoff_valid,ece,0.001893397897855492,-0.0065793706033015235,0.008573968025636113,22
oulab,12,base_rf_gini,activity_conditioned,cutoff_valid,auc,0.02947255926421899,0.022839673219288488,0.034989541680180446,22
oulab,12,base_rf_gini,activity_conditioned,cutoff_valid,pr_auc_risk,0.06391391148336145,0.05176763817815205,0.07471978651650203,22
oulab,12,base_rf_gini,activity_conditioned,cutoff_valid,brier,-0.013253448335701773,-0.016618192057358525,-0.009649453740834552,22
oulab,12,base_rf_gini,activity_conditioned,cutoff_valid,ece,-0.010261674016838918,-0.017796301214594742,-0.0035282795576169266,22
oulab,12,base_rf_gini,activity_to_cutoff_valid,cutoff_valid,auc,-3.982469593621918e-05,-0.0006784859646721015,0.0006245421430316088,22
oulab,12,base_rf_gini,activity_to_cutoff_valid,cutoff_valid,pr_auc_risk,0.0004008751884128081,-0.0005785278157669938,0.0015244237312031885,22
oulab,12,base_rf_gini,activity_to_cutoff_valid,cutoff_valid,brier,-0.0010243455538158641,-0.0016653083002653544,-0.0004073924508841027,22
oulab,12,base_rf_gini,activity_to_cutoff_valid,cutoff_valid,ece,-0.0098083466348911,-0.012501734382923294,-0.005083236975411817,22
oulab,12,base_rf_gini,cutoff_valid_to_activity,cutoff_valid,auc,0.02889296557808063,0.021999230218994865,0.034792677395605265,22
oulab,12,base_rf_gini,cutoff_valid_to_activity,cutoff_valid,pr_auc_risk,0.06294618725398726,0.050417346283687756,0.07412996319178679,22
oulab,12,base_rf_gini,cutoff_valid_to_activity,cutoff_valid,brier,-0.0120274050567864,-0.015523792815589195,-0.008279770945617937,22
oulab,12,base_rf_gini,cutoff_valid_to_activity,cutoff_valid,ece,-0.0030068583324122447,-0.0058847887689344,0.003032022457191294,22
oulab,12,base_rf_gini,static_full,cutoff_valid,auc,0.059105041318583074,0.05285306537392393,0.0658035114644544,22
oulab,12,base_rf_gini,static_full,cutoff_valid,pr_auc_risk,0.11186744860506581,0.09794041885227545,0.12786040854777322,22
oulab,12,base_rf_gini,static_full,cutoff_valid,brier,-0.03042025535519971,-0.03433736541194232,-0.02634158182654614,22
oulab,12,base_rf_gini,static_full,cutoff_valid,ece,-0.018342743473647637,-0.0319737153962088,-0.0037231321435101344,22
oulab,12,stack_7_full,activity_conditioned,cutoff_valid,auc,0.027645699349102215,0.021623776294965206,0.03275771379342692,22
oulab,12,stack_7_full,activity_conditioned,cutoff_valid,pr_auc_risk,0.058783600804270475,0.0476904582612509,0.068934150767511,22
oulab,12,stack_7_full,activity_conditioned,cutoff_valid,brier,-0.012317824300045216,-0.01570092424270581,-0.008848434701001813,22
oulab,12,stack_7_full,activity_conditioned,cutoff_valid,ece,-0.0026868192539971896,-0.005376184143116003,0.0006342207435133663,22
oulab,12,stack_7_full,activity_to_cutoff_valid,cutoff_valid,auc,1.989978100813694e-05,-0.000661894489724349,0.0007588435364293073,22
oulab,12,stack_7_full,activity_to_cutoff_valid,cutoff_valid,pr_auc_risk,-0.0004191282806248475,-0.0014857787039554732,0.00067267863136933,22
oulab,12,stack_7_full,activity_to_cutoff_valid,cutoff_valid,brier,-0.00011202707769578102,-0.0006230755630166458,0.00040031495801497516,22
oulab,12,stack_7_full,activity_to_cutoff_valid,cutoff_valid,ece,-0.0018085097279781932,-0.005848276048921583,0.004431284484884975,22
oulab,12,stack_7_full,cutoff_valid_to_activity,cutoff_valid,auc,0.027051761257147033,0.02072925821592233,0.032567806164432944,22
oulab,12,stack_7_full,cutoff_valid_to_activity,cutoff_valid,pr_auc_risk,0.05797652378927254,0.04655074033364241,0.06849382513051129,22
oulab,12,stack_7_full,cutoff_valid_to_activity,cutoff_valid,brier,-0.011606079292389104,-0.014990098405071723,-0.00807915616791113,22
oulab,12,stack_7_full,cutoff_valid_to_activity,cutoff_valid,ece,0.00478056757550104,-0.0016033872032481687,0.007682808900967312,22
oulab,12,stack_7_full,static_full,cutoff_valid,auc,0.054438432529998804,0.048973808726364185,0.06010958858680119,22
oulab,12,stack_7_full,static_full,cutoff_valid,pr_auc_risk,0.10183107221695709,0.08927205011225887,0.1156862702981872,22
oulab,12,stack_7_full,static_full,cutoff_valid,brier,-0.028448011590795616,-0.031749146223437254,-0.02489264062848402,22
oulab,12,stack_7_full,static_full,cutoff_valid,ece,-0.001844593138016614,-0.005548037906220203,0.0006133786794602794,22
oulab,12,temporal_hgb,activity_conditioned,cutoff_valid,auc,0.030144277811090747,0.023577328889139645,0.035721922532746905,22
oulab,12,temporal_hgb,activity_conditioned,cutoff_valid,pr_auc_risk,0.0673391855498433,0.05527360967312506,0.07859100020557347,22
oulab,12,temporal_hgb,activity_conditioned,cutoff_valid,brier,-0.012262445338326655,-0.015617192644942095,-0.008597953893879481,22
oulab,12,temporal_hgb,activity_conditioned,cutoff_valid,ece,-5.6181768216950756e-05,-0.003044936904635375,0.0015748218426265375,22
oulab,12,temporal_hgb,activity_to_cutoff_valid,cutoff_valid,auc,2.1454942296550428e-05,-0.0007523431013839621,0.0007993631983262886,22
oulab,12,temporal_hgb,activity_to_cutoff_valid,cutoff_valid,pr_auc_risk,0.0022251196020018904,0.0003351573611170944,0.004876054123869263,22
oulab,12,temporal_hgb,activity_to_cutoff_valid,cutoff_valid,brier,2.140795933544548e-05,-0.0005758711225626045,0.0006575810432417554,22
oulab,12,temporal_hgb,activity_to_cutoff_valid,cutoff_valid,ece,-0.0009217043665399691,-0.010718576752197744,0.007586425526329286,22
oulab,12,temporal_hgb,cutoff_valid_to_activity,cutoff_valid,auc,0.02970536887727837,0.022750584291330967,0.03562190709924172,22
oulab,12,temporal_hgb,cutoff_valid_to_activity,cutoff_valid,pr_auc_risk,0.06645838139019311,0.054038066256473935,0.07796930799906042,22
oulab,12,temporal_hgb,cutoff_valid_to_activity,cutoff_valid,brier,-0.011455987010709212,-0.014918925443421188,-0.0077804824763367045,22
oulab,12,temporal_hgb,cutoff_valid_to_activity,cutoff_valid,ece,0.006997928320793163,-0.0018780954996374447,0.012281296049652012,22
oulab,12,temporal_hgb,static_full,cutoff_valid,auc,0.059779915649805115,0.05343419903277265,0.06680459263215961,22
oulab,12,temporal_hgb,static_full,cutoff_valid,pr_auc_risk,0.11300624026284134,0.09819782475313889,0.13036243553531096,22
oulab,12,temporal_hgb,static_full,cutoff_valid,brier,-0.02932542233774435,-0.03266107233799059,-0.025584482509085675,22
oulab,12,temporal_hgb,static_full,cutoff_valid,ece,-0.0034743680929387455,-0.006096557803854156,-0.0004954656488774123,22
oulab,14,base_lr_profile,activity_conditioned,cutoff_valid,auc,-0.01713575832712899,-0.023583277938548163,-0.010974982871547094,22
oulab,14,base_lr_profile,activity_conditioned,cutoff_valid,pr_auc_risk,0.015111839095158452,-0.008283935085904585,0.03663884896179471,22
oulab,14,base_lr_profile,activity_conditioned,cutoff_valid,brier,0.015909151123446402,0.012548617001384196,0.018997366950663546,22
oulab,14,base_lr_profile,activity_conditioned,cutoff_valid,ece,0.0035663798199896983,-0.004800843131186897,0.011773312402904731,22
oulab,14,base_lr_profile,activity_to_cutoff_valid,cutoff_valid,auc,-0.022545594401509272,-0.02995751583518549,-0.01617132557947197,22
oulab,14,base_lr_profile,activity_to_cutoff_valid,cutoff_valid,pr_auc_risk,-0.055647624249498984,-0.06772079482250193,-0.04459859053711601,22
oulab,14,base_lr_profile,activity_to_cutoff_valid,cutoff_valid,brier,0.0119080548127532,0.007649248034927639,0.016020038991025134,22
oulab,14,base_lr_profile,activity_to_cutoff_valid,cutoff_valid,ece,0.0587850706112792,0.009985229936299954,0.06550610448073439,22
oulab,14,base_lr_profile,cutoff_valid_to_activity,cutoff_valid,auc,-0.02219923078895447,-0.028143207381744587,-0.015972600139386818,22
oulab,14,base_lr_profile,cutoff_valid_to_activity,cutoff_valid,pr_auc_risk,0.010280914573754907,-0.012157972180385387,0.03171681068064514,22
oulab,14,base_lr_profile,cutoff_valid_to_activity,cutoff_valid,brier,0.022768118204437637,0.01923143602909837,0.026765223674631546,22
oulab,14,base_lr_profile,cutoff_valid_to_activity,cutoff_valid,ece,0.07337545954756779,0.02173863667138909,0.08703746290443275,22
oulab,14,base_lr_profile,static_full,cutoff_valid,auc,0.0693733817809713,0.05905743377118551,0.08017109098206167,22
oulab,14,base_lr_profile,static_full,cutoff_valid,pr_auc_risk,0.2043138105305553,0.18155455412394156,0.2272233812669463,22
oulab,14,base_lr_profile,static_full,cutoff_valid,brier,-0.013284251274599701,-0.017458268035161994,-0.00881806070617579,22
oulab,14,base_lr_profile,static_full,cutoff_valid,ece,0.002695726324626878,-0.006130143622039321,0.00837404850829058,22
oulab,14,base_rf_gini,activity_conditioned,cutoff_valid,auc,0.030699707797724685,0.024660605799218298,0.03607790496126925,22
oulab,14,base_rf_gini,activity_conditioned,cutoff_valid,pr_auc_risk,0.06502508877926994,0.053557530019041615,0.07647887410685515,22
oulab,14,base_rf_gini,activity_conditioned,cutoff_valid,brier,-0.014714874589662946,-0.017905406567066025,-0.011313112512926209,22
oulab,14,base_rf_gini,activity_conditioned,cutoff_valid,ece,-0.01302536213654995,-0.019416499688619422,-0.004821729496907913,22
oulab,14,base_rf_gini,activity_to_cutoff_valid,cutoff_valid,auc,-0.0003138315101310907,-0.0009573056711648931,0.00022987421784113868,22
oulab,14,base_rf_gini,activity_to_cutoff_valid,cutoff_valid,pr_auc_risk,1.1081748908403632e-05,-0.001099828100470035,0.0009764634728586236,22
oulab,14,base_rf_gini,activity_to_cutoff_valid,cutoff_valid,brier,-0.0010860124353995193,-0.0017177078272965127,-0.0005287729305470921,22
oulab,14,base_rf_gini,activity_to_cutoff_valid,cutoff_valid,ece,-0.013290182237194255,-0.01506777059042973,-0.006541995094702164,22
oulab,14,base_rf_gini,cutoff_valid_to_activity,cutoff_valid,auc,0.030499489219063314,0.0241862884304199,0.036192256218167955,22
oulab,14,base_rf_gini,cutoff_valid_to_activity,cutoff_valid,pr_auc_risk,0.0644749765552537,0.052411616523580944,0.07645182088696872,22
oulab,14,base_rf_gini,cutoff_valid_to_activity,cutoff_valid,brier,-0.013397091125914834,-0.01690456756797634,-0.009751553990302355,22
oulab,14,base_rf_gini,cutoff_valid_to_activity,cutoff_valid,ece,-0.001680115439506899,-0.006105275601979632,0.003097742306646502,22
oulab,14,base_rf_gini,static_full,cutoff_valid,auc,0.05577198756552393,0.04941388527662762,0.06294790130011485,22
oulab,14,base_rf_gini,static_full,cutoff_valid,pr_auc_risk,0.10500247488273151,0.09107387818062905,0.12108530484231943,22
oulab,14,base_rf_gini,static_full,cutoff_valid,brier,-0.030476874099458068,-0.03453515873610236,-0.026571740329808566,22
oulab,14,base_rf_gini,static_full,cutoff_valid,ece,-0.019314345025216173,-0.033952126651391405,-0.0072867045302974,22
oulab,14,stack_7_full,activity_conditioned,cutoff_valid,auc,0.027962967257340376,0.022281071254106312,0.03339058364881395,22
oulab,14,stack_7_full,activity_conditioned,cutoff_valid,pr_auc_risk,0.05780967159662842,0.04733809345285786,0.06865571384531846,22
oulab,14,stack_7_full,activity_conditioned,cutoff_valid,brier,-0.013118965896351378,-0.016276197518599662,-0.009756898242950066,22
oulab,14,stack_7_full,activity_conditioned,cutoff_valid,ece,-0.0011218020385945797,-0.0038750927593472636,0.0017516169440415818,22
oulab,14,stack_7_full,activity_to_cutoff_valid,cutoff_valid,auc,-0.00019269978422009615,-0.0005864489668474914,0.0002531735351960714,22
oulab,14,stack_7_full,activity_to_cutoff_valid,cutoff_valid,pr_auc_risk,-0.0003201658175875366,-0.0010042716382929555,0.00041605004224786737,22
oulab,14,stack_7_full,activity_to_cutoff_valid,cutoff_valid,brier,0.0001402982613634418,-0.00015508004691384484,0.00044852608245693796,22
oulab,14,stack_7_full,activity_to_cutoff_valid,cutoff_valid,ece,-0.0003783700068986408,-0.004835114212824523,0.004205518093971827,22
oulab,14,stack_7_full,cutoff_valid_to_activity,cutoff_valid,auc,0.0279535793698793,0.02229379292855823,0.03336212948061362,22
oulab,14,stack_7_full,cutoff_valid_to_activity,cutoff_valid,pr_auc_risk,0.05779124784216272,0.047293390316120135,0.06877983719431227,22
oulab,14,stack_7_full,cutoff_valid_to_activity,cutoff_valid,brier,-0.012889708621943982,-0.016060112468774645,-0.009460983868322016,22
oulab,14,stack_7_full,cutoff_valid_to_activity,cutoff_valid,ece,0.00383383152023691,-0.0005244602335377728,0.006133081897805997,22
oulab,14,stack_7_full,static_full,cutoff_valid,auc,0.050787787235191506,0.04461724456075832,0.05773637177449697,22
oulab,14,stack_7_full,static_full,cutoff_valid,pr_auc_risk,0.09336242471090206,0.08074471455436523,0.1078330386291253,22
oulab,14,stack_7_full,static_full,cutoff_valid,brier,-0.02807786904917839,-0.031448817478631035,-0.024271570664760017,22
oulab,14,stack_7_full,static_full,cutoff_valid,ece,-0.0017251998693685296,-0.004161591864617382,0.00041259294388980874,22
oulab,14,temporal_hgb,activity_conditioned,cutoff_valid,auc,0.030672835048082825,0.024431495868894967,0.036472936430120284,22
oulab,14,temporal_hgb,activity_conditioned,cutoff_valid,pr_auc_risk,0.06632153034119803,0.054491348498300965,0.07840633252517053,22
oulab,14,temporal_hgb,activity_conditioned,cutoff_valid,brier,-0.013351435212248935,-0.016689278259080523,-0.009665883419494144,22
oulab,14,temporal_hgb,activity_conditioned,cutoff_valid,ece,0.0016100791540167754,-0.0034910003238494097,0.0023719695596798574,22
oulab,14,temporal_hgb,activity_to_cutoff_valid,cutoff_valid,auc,-0.0001583696748069796,-0.0006987594467804642,0.00042175745734457213,22
oulab,14,temporal_hgb,activity_to_cutoff_valid,cutoff_valid,pr_auc_risk,0.0006656526804081908,-0.0007030514960081252,0.002304813521603352,22
oulab,14,temporal_hgb,activity_to_cutoff_valid,cutoff_valid,brier,0.0001592691476583752,-0.0005768555422223743,0.0009648572370072453,22
oulab,14,temporal_hgb,activity_to_cutoff_valid,cutoff_valid,ece,-2.488856836182357e-05,-0.009287186211791336,0.007705731981462946,22
oulab,14,temporal_hgb,cutoff_valid_to_activity,cutoff_valid,auc,0.03047260652462569,0.024092690910099763,0.03634745920345941,22
oulab,14,temporal_hgb,cutoff_valid_to_activity,cutoff_valid,pr_auc_risk,0.06597038189114357,0.05382098134140789,0.07829844782711123,22
oulab,14,temporal_hgb,cutoff_valid_to_activity,cutoff_valid,brier,-0.012730701535839467,-0.016145602954208516,-0.009144841308075918,22
oulab,14,temporal_hgb,cutoff_valid_to_activity,cutoff_valid,ece,0.009240554720160037,-0.0019651877542191296,0.010545607432491716,22
oulab,14,temporal_hgb,static_full,cutoff_valid,auc,0.05568026923867042,0.0492685819436821,0.06293040143061279,22
oulab,14,temporal_hgb,static_full,cutoff_valid,pr_auc_risk,0.10463036468848497,0.09023760979338853,0.12145017421589127,22
oulab,14,temporal_hgb,static_full,cutoff_valid,brier,-0.02905501711409779,-0.032320543136706535,-0.02532988691945703,22
oulab,14,temporal_hgb,static_full,cutoff_valid,ece,-0.0007048180191513969,-0.0059356367400651994,-6.889507468948529e-05,22
oulab,16,base_lr_profile,activity_conditioned,cutoff_valid,auc,-0.019309412879110255,-0.026156786231542724,-0.012827630508935112,22
oulab,16,base_lr_profile,activity_conditioned,cutoff_valid,pr_auc_risk,0.021914723810859682,-0.0036634607801837304,0.04428439022943738,22
oulab,16,base_lr_profile,activity_conditioned,cutoff_valid,brier,0.018585976747351157,0.01475004294533657,0.02206713112504473,22
oulab,16,base_lr_profile,activity_conditioned,cutoff_valid,ece,0.0036092004420284138,-0.005146198205017506,0.013603853538001897,22
oulab,16,base_lr_profile,activity_to_cutoff_valid,cutoff_valid,auc,-0.023583810655937287,-0.031726328928009744,-0.016549076298260763,22
oulab,16,base_lr_profile,activity_to_cutoff_valid,cutoff_valid,pr_auc_risk,-0.05819017791907444,-0.07161043861090308,-0.046723963286934456,22
oulab,16,base_lr_profile,activity_to_cutoff_valid,cutoff_valid,brier,0.013646586690358592,0.009013535089423165,0.01793062398746045,22
oulab,16,base_lr_profile,activity_to_cutoff_valid,cutoff_valid,ece,0.06882496078542501,0.022157298579685843,0.07620070142592578,22
oulab,16,base_lr_profile,cutoff_valid_to_activity,cutoff_valid,auc,-0.025281235374472133,-0.031994555859101104,-0.018717464516537684,22
oulab,16,base_lr_profile,cutoff_valid_to_activity,cutoff_valid,pr_auc_risk,0.016430710312772656,-0.008506594274369903,0.03849980970148703,22
oulab,16,base_lr_profile,cutoff_valid_to_activity,cutoff_valid,brier,0.0272934380486011,0.02281843219514374,0.03218874372576655,22
oulab,16,base_lr_profile,cutoff_valid_to_activity,cutoff_valid,ece,0.08383666077449378,0.033950133337563165,0.09889265667500456,22
oulab,16,base_lr_profile,static_full,cutoff_valid,auc,0.06705116254190524,0.057294563772457174,0.07749077123249755,22
oulab,16,base_lr_profile,static_full,cutoff_valid,pr_auc_risk,0.21098529725083448,0.18781455239609096,0.23438435163117535,22
oulab,16,base_lr_profile,static_full,cutoff_valid,brier,-0.010624047011384474,-0.014934724595505966,-0.005824214065541393,22
oulab,16,base_lr_profile,static_full,cutoff_valid,ece,0.0030183220279701196,-0.006570421198299848,0.010225450598508134,22
oulab,16,base_rf_gini,activity_conditioned,cutoff_valid,auc,0.03215404951431622,0.02644852668936585,0.03757181943877334,22
oulab,16,base_rf_gini,activity_conditioned,cutoff_valid,pr_auc_risk,0.0673509083935846,0.05619843293232629,0.07920303091633757,22
oulab,16,base_rf_gini,activity_conditioned,cutoff_valid,brier,-0.01588533942183637,-0.019021354131431963,-0.012577397208909739,22
oulab,16,base_rf_gini,activity_conditioned,cutoff_valid,ece,-0.012189899086493997,-0.021196490831025223,-0.005503483201640873,22
oulab,16,base_rf_gini,activity_to_cutoff_valid,cutoff_valid,auc,-0.00036658702540171006,-0.0008953627187155561,0.0001397046223930578,22
oulab,16,base_rf_gini,activity_to_cutoff_valid,cutoff_valid,pr_auc_risk,-5.453857800274964e-05,-0.0008915588849516765,0.0006933070804622937,22
oulab,16,base_rf_gini,activity_to_cutoff_valid,cutoff_valid,brier,-0.0011205955602653084,-0.0018766317241082416,-0.00044456240154127177,22
oulab,16,base_rf_gini,activity_to_cutoff_valid,cutoff_valid,ece,-0.012106109762084767,-0.016806027507612037,-0.006461679264919105,22
oulab,16,base_rf_gini,cutoff_valid_to_activity,cutoff_valid,auc,0.031925402275392645,0.02614405362706247,0.03711645101491418,22
oulab,16,base_rf_gini,cutoff_valid_to_activity,cutoff_valid,pr_auc_risk,0.0668944980600844,0.05567122777904456,0.078784824307416,22
oulab,16,base_rf_gini,cutoff_valid_to_activity,cutoff_valid,brier,-0.014600360897175299,-0.017961113730893718,-0.010949282451971978,22
oulab,16,base_rf_gini,cutoff_valid_to_activity,cutoff_valid,ece,-0.0011470720299870812,-0.007000643269411138,0.00016603120575241873,22
oulab,16,base_rf_gini,static_full,cutoff_valid,auc,0.05400165207118601,0.04841463850882,0.05977890127817808,22
oulab,16,base_rf_gini,static_full,cutoff_valid,pr_auc_risk,0.10182611603314318,0.0892769376688962,0.11571799677291675,22
oulab,16,base_rf_gini,static_full,cutoff_valid,brier,-0.030448979478221963,-0.033503185361907786,-0.027122291295372095,22
oulab,16,base_rf_gini,static_full,cutoff_valid,ece,-0.01681597838950982,-0.032046348480576636,-0.006928314698004836,22
oulab,16,stack_7_full,activity_conditioned,cutoff_valid,auc,0.028970557310693867,0.023613803496131736,0.03414798594838654,22
oulab,16,stack_7_full,activity_conditioned,cutoff_valid,pr_auc_risk,0.05973455670332073,0.04938895255850087,0.07071505031432646,22
oulab,16,stack_7_full,activity_conditioned,cutoff_valid,brier,-0.014033465485805127,-0.017489626432458282,-0.010351993302491017,22
oulab,16,stack_7_full,activity_conditioned,cutoff_valid,ece,-0.0009957479476208585,-0.003837595982527673,0.001129640599397375,22
oulab,16,stack_7_full,activity_to_cutoff_valid,cutoff_valid,auc,-0.0004953795979257825,-0.0009966936709451702,-1.954403890203814e-06,22
oulab,16,stack_7_full,activity_to_cutoff_valid,cutoff_valid,pr_auc_risk,-0.0006557251619024873,-0.0013964833511772357,0.00019310420877625384,22
oulab,16,stack_7_full,activity_to_cutoff_valid,cutoff_valid,brier,0.0003469442222173158,7.176840601980997e-05,0.0006311565226530823,22
oulab,16,stack_7_full,activity_to_cutoff_valid,cutoff_valid,ece,-0.0002892945155369593,-0.004243345356165688,0.003120084612945942,22
oulab,16,stack_7_full,cutoff_valid_to_activity,cutoff_valid,auc,0.02913645947026655,0.023690090517562438,0.034253589300093076,22
oulab,16,stack_7_full,cutoff_valid_to_activity,cutoff_valid,pr_auc_risk,0.05985428325062925,0.04942351410347836,0.07088138166079239,22
oulab,16,stack_7_full,cutoff_valid_to_activity,cutoff_valid,brier,-0.013987705978554116,-0.017436893902173255,-0.010301189855687322,22
oulab,16,stack_7_full,cutoff_valid_to_activity,cutoff_valid,ece,0.0040197799078696365,2.209164247417214e-05,0.005648426697196587,22
oulab,16,stack_7_full,static_full,cutoff_valid,auc,0.0488834694584207,0.04361207453112647,0.05460790517042009,22
oulab,16,stack_7_full,static_full,cutoff_valid,pr_auc_risk,0.09021364232175855,0.07836517508100621,0.10362264219162795,22
oulab,16,stack_7_full,static_full,cutoff_valid,brier,-0.028035624875158788,-0.031417436682046246,-0.02414555594991801,22
oulab,16,stack_7_full,static_full,cutoff_valid,ece,-0.002288233095109061,-0.005585168703467638,0.00019330521921609691,22
oulab,16,temporal_hgb,activity_conditioned,cutoff_valid,auc,0.032207593078350194,0.02639395918000351,0.037898115168157796,22
oulab,16,temporal_hgb,activity_conditioned,cutoff_valid,pr_auc_risk,0.06776917422250828,0.056629019207737274,0.08012232745965918,22
oulab,16,temporal_hgb,activity_conditioned,cutoff_valid,brier,-0.014693980187998099,-0.018371260608112748,-0.01075589288489863,22
oulab,16,temporal_hgb,activity_conditioned,cutoff_valid,ece,-0.0018749329550526266,-0.0038915665142952934,0.0014893347948017027,22
oulab,16,temporal_hgb,activity_to_cutoff_valid,cutoff_valid,auc,0.00020411830085265148,-0.00044722363943104084,0.0008266690334096324,22
oulab,16,temporal_hgb,activity_to_cutoff_valid,cutoff_valid,pr_auc_risk,0.0011977534048974725,-0.00016433109496733766,0.002983583967516511,22
oulab,16,temporal_hgb,activity_to_cutoff_valid,cutoff_valid,brier,-2.4584528527132887e-05,-0.0006094897080317276,0.0007106293603043386,22
oulab,16,temporal_hgb,activity_to_cutoff_valid,cutoff_valid,ece,-0.0005384522441451486,-0.009058157946971752,0.005964829543788379,22
oulab,16,temporal_hgb,cutoff_valid_to_activity,cutoff_valid,auc,0.03165689828084073,0.025904942464532614,0.03693532643303098,22
oulab,16,temporal_hgb,cutoff_valid_to_activity,cutoff_valid,pr_auc_risk,0.0671513858586924,0.05610035182476185,0.07936455835169151,22
oulab,16,temporal_hgb,cutoff_valid_to_activity,cutoff_valid,brier,-0.013847930618109225,-0.01718380255272045,-0.010224210872428197,22
oulab,16,temporal_hgb,cutoff_valid_to_activity,cutoff_valid,ece,0.007962986824781953,-0.0026079296391019677,0.010225513302633254,22
oulab,16,temporal_hgb,static_full,cutoff_valid,auc,0.053803085424322106,0.048241648066860994,0.059607371056115056,22
oulab,16,temporal_hgb,static_full,cutoff_valid,pr_auc_risk,0.09980379160831121,0.08701900384333955,0.11445120990102148,22
oulab,16,temporal_hgb,static_full,cutoff_valid,brier,-0.02926235949706639,-0.03258659186208315,-0.025289308684122602,22
oulab,16,temporal_hgb,static_full,cutoff_valid,ece,-0.002660981258671513,-0.00578401641011117,0.00021856989422814073,22
