dataset,week,model,protocol,train_protocol,eval_protocol,membership_class,n,n_clusters,risk_rate,mean_predicted_risk,auc,pr_auc_risk,brier,ece
oulab,2,base_lr_profile,activity_to_cutoff_valid,activity_conditioned,cutoff_valid,eligible_active,25429,22,0.42353218765975853,0.44427912909709016,0.6299764000465424,0.5521625395082285,0.23206276751421442,0.022996126391353844
oulab,2,base_lr_profile,activity_to_cutoff_valid,activity_conditioned,cutoff_valid,eligible_silent,2640,22,0.7340909090909091,0.457151279845623,0.6622321893219725,0.8298539328139926,0.26107537761475713,0.2770231935467887
oulab,2,base_lr_profile,cutoff_valid,cutoff_valid,cutoff_valid,eligible_active,25429,22,0.42353218765975853,0.42353298128806555,0.6301239575536541,0.5531221726668177,0.23147971784135163,0.008720578720255182
oulab,2,base_lr_profile,cutoff_valid,cutoff_valid,cutoff_valid,eligible_silent,2640,22,0.7340909090909091,0.7340359167040699,0.6651208841611319,0.8295696292414025,0.18338886263909607,0.02254771382827695
oulab,2,base_rf_gini,activity_to_cutoff_valid,activity_conditioned,cutoff_valid,eligible_active,25429,22,0.42353218765975853,0.47037502597230046,0.7063032885701268,0.6329763236197985,0.21532025901378296,0.04706726323521768
oulab,2,base_rf_gini,activity_to_cutoff_valid,activity_conditioned,cutoff_valid,eligible_silent,2640,22,0.7340909090909091,0.6867192183941635,0.6859878454305699,0.8434009602525905,0.18083364856863038,0.047371690696745565
oulab,2,base_rf_gini,cutoff_valid,cutoff_valid,cutoff_valid,eligible_active,25429,22,0.42353218765975853,0.45148607517397116,0.7057524308572796,0.6330771394619213,0.2142173222111014,0.029456363513772028
oulab,2,base_rf_gini,cutoff_valid,cutoff_valid,cutoff_valid,eligible_silent,2640,22,0.7340909090909091,0.7549363090525949,0.6697479411617698,0.8323641596461495,0.18220826623122746,0.023596403435170044
oulab,2,stack_7_full,activity_to_cutoff_valid,activity_conditioned,cutoff_valid,eligible_active,25429,22,0.42353218765975853,0.43873267363120566,0.7158773993217397,0.6456420903966933,0.2101949538231303,0.01717065675185534
oulab,2,stack_7_full,activity_to_cutoff_valid,activity_conditioned,cutoff_valid,eligible_silent,2640,22,0.7340909090909091,0.5612545253191291,0.6761890691199257,0.8378038939775228,0.21103864233325043,0.1728363837717799
oulab,2,stack_7_full,cutoff_valid,cutoff_valid,cutoff_valid,eligible_active,25429,22,0.42353218765975853,0.42394799152613616,0.7172363459425455,0.6473687512407145,0.20965514338999947,0.009860307861426956
oulab,2,stack_7_full,cutoff_valid,cutoff_valid,cutoff_valid,eligible_silent,2640,22,0.7340909090909091,0.7257567960109351,0.687452406363655,0.8471275856414233,0.17900130812156914,0.03114968033042244
oulab,2,temporal_hgb,activity_to_cutoff_valid,activity_conditioned,cutoff_valid,eligible_active,25429,22,0.42353218765975853,0.442142957268984,0.6501912242934281,0.5533936401219386,0.22824835568355867,0.01989172382813407
oulab,2,temporal_hgb,activity_to_cutoff_valid,activity_conditioned,cutoff_valid,eligible_silent,2640,22,0.7340909090909091,0.6754944292353702,0.5095411458930551,0.7409416844077449,0.1985927256636394,0.05859647985553895
oulab,2,temporal_hgb,cutoff_valid,cutoff_valid,cutoff_valid,eligible_active,25429,22,0.42353218765975853,0.42451057591423225,0.650232857856883,0.553479158241705,0.22782713134645388,0.006102230775606141
oulab,2,temporal_hgb,cutoff_valid,cutoff_valid,cutoff_valid,eligible_silent,2640,22,0.7340909090909091,0.7227762022634528,0.4558003963318721,0.7122292440423228,0.1954788281787703,0.011314706827456111
oulab,4,base_lr_profile,activity_to_cutoff_valid,activity_conditioned,cutoff_valid,eligible_active,26392,22,0.4241436799030009,0.4538828912247775,0.6305312369721876,0.5529471119312294,0.23252258932888534,0.030633664913767303
oulab,4,base_lr_profile,activity_to_cutoff_valid,activity_conditioned,cutoff_valid,eligible_silent,1143,22,0.8416447944007,0.4707975610843119,0.6970916943292634,0.9125396539395728,0.26517184200588434,0.3711104646174161
oulab,4,base_lr_profile,cutoff_valid,cutoff_valid,cutoff_valid,eligible_active,26392,22,0.4241436799030009,0.42413795042308633,0.6308371741831598,0.5542277573073158,0.23143788556186237,0.007980385817361614
oulab,4,base_lr_profile,cutoff_valid,cutoff_valid,cutoff_valid,eligible_silent,1143,22,0.8416447944007,0.8413725932289228,0.701605770666544,0.9106043155843904,0.12497079827122991,0.029138958756832742
oulab,4,base_rf_gini,activity_to_cutoff_valid,activity_conditioned,cutoff_valid,eligible_active,26392,22,0.4241436799030009,0.4583524501579939,0.7613065747839318,0.7146154100647293,0.1948444378208034,0.03665101133368196
oulab,4,base_rf_gini,activity_to_cutoff_valid,activity_conditioned,cutoff_valid,eligible_silent,1143,22,0.8416447944007,0.8045330279830025,0.7849840916139258,0.9479650490218249,0.1166746404774219,0.03837247490039091
oulab,4,base_rf_gini,cutoff_valid,cutoff_valid,cutoff_valid,eligible_active,26392,22,0.4241436799030009,0.4530947672035536,0.761896165775835,0.7152139513252868,0.1948709966513093,0.04071996932959884
oulab,4,base_rf_gini,cutoff_valid,cutoff_valid,cutoff_valid,eligible_silent,1143,22,0.8416447944007,0.8569954962044645,0.77045979255924,0.9428306756973217,0.11654161370105036,0.01854214789465646
oulab,4,stack_7_full,activity_to_cutoff_valid,activity_conditioned,cutoff_valid,eligible_active,26392,22,0.4241436799030009,0.43429493075362086,0.7791354172566691,0.7374579132799467,0.1862790800909024,0.011530804064217333
oulab,4,stack_7_full,activity_to_cutoff_valid,activity_conditioned,cutoff_valid,eligible_silent,1143,22,0.8416447944007,0.6441683765154118,0.7759961406370245,0.9471290230801863,0.16029634381465477,0.19747641788528802
oulab,4,stack_7_full,cutoff_valid,cutoff_valid,cutoff_valid,eligible_active,26392,22,0.4241436799030009,0.42394855596486114,0.7797171199966294,0.7384241639992573,0.18601799583043516,0.010168318217970075
oulab,4,stack_7_full,cutoff_valid,cutoff_valid,cutoff_valid,eligible_silent,1143,22,0.8416447944007,0.8306709899941919,0.7758181045473863,0.9457246241339009,0.11554970283519844,0.0147186682749742
oulab,4,temporal_hgb,activity_to_cutoff_valid,activity_conditioned,cutoff_valid,eligible_active,26392,22,0.4241436799030009,0.44250262914077354,0.7233305608067488,0.6555622326873742,0.20808311180619904,0.018896950434301965
oulab,4,temporal_hgb,activity_to_cutoff_valid,activity_conditioned,cutoff_valid,eligible_silent,1143,22,0.8416447944007,0.8058204780758903,0.5302374197401822,0.8544191129815015,0.13447440367281982,0.03582431632480951
oulab,4,temporal_hgb,cutoff_valid,cutoff_valid,cutoff_valid,eligible_active,26392,22,0.4241436799030009,0.4246266314557327,0.7249131810291749,0.6601823649436381,0.20710282543174,0.009249819804281833
oulab,4,temporal_hgb,cutoff_valid,cutoff_valid,cutoff_valid,eligible_silent,1143,22,0.8416447944007,0.8257022408223659,0.42411642411642414,0.8132639741102141,0.13372895852942074,0.0159425535783341
oulab,6,base_lr_profile,activity_to_cutoff_valid,activity_conditioned,cutoff_valid,eligible_active,26143,22,0.4160960869066289,0.45557816545073815,0.6303399638199133,0.5451237715323868,0.23205909269759326,0.04007094801813183
oulab,6,base_lr_profile,activity_to_cutoff_valid,activity_conditioned,cutoff_valid,eligible_silent,879,20,0.8691695108077361,0.479768651890918,0.6983041201912134,0.9273737741384467,0.26268712336412126,0.3897616112281559
oulab,6,base_lr_profile,cutoff_valid,cutoff_valid,cutoff_valid,eligible_active,26143,22,0.4160960869066289,0.4160753244554027,0.6311393848710773,0.5471519588690015,0.2301736465645636,0.007197410577493617
oulab,6,base_lr_profile,cutoff_valid,cutoff_valid,cutoff_valid,eligible_silent,879,20,0.8691695108077361,0.8689939086339438,0.6959822444798542,0.9235882240844675,0.10779595690458472,0.01207250407060253
oulab,6,base_rf_gini,activity_to_cutoff_valid,activity_conditioned,cutoff_valid,eligible_active,26143,22,0.4160960869066289,0.4482547152359722,0.7838724905778389,0.7369006876845885,0.18523059944855408,0.037834856989671595
oulab,6,base_rf_gini,activity_to_cutoff_valid,activity_conditioned,cutoff_valid,eligible_silent,879,20,0.8691695108077361,0.8432661917735904,0.7976553608012747,0.9624669388176663,0.09997629646169004,0.027202723114682064
oulab,6,base_rf_gini,cutoff_valid,cutoff_valid,cutoff_valid,eligible_active,26143,22,0.4160960869066289,0.4486539484090254,0.7847559753179518,0.7378302120693719,0.18554665210665022,0.04629937291798436
oulab,6,base_rf_gini,cutoff_valid,cutoff_valid,cutoff_valid,eligible_silent,879,20,0.8691695108077361,0.8834449872001999,0.7955383564762122,0.9625651114798144,0.10010408789210193,0.022466539333135797
oulab,6,stack_7_full,activity_to_cutoff_valid,activity_conditioned,cutoff_valid,eligible_active,26143,22,0.4160960869066289,0.42543516692990313,0.7999693832083519,0.7605292337546339,0.17659078772613604,0.009339080023274327
oulab,6,stack_7_full,activity_to_cutoff_valid,activity_conditioned,cutoff_valid,eligible_silent,879,20,0.8691695108077361,0.6306193271225249,0.8017869337582517,0.9604017465180124,0.15752979911247406,0.23855018368521128
oulab,6,stack_7_full,cutoff_valid,cutoff_valid,cutoff_valid,eligible_active,26143,22,0.4160960869066289,0.4160760044001537,0.7997982748485767,0.7606117993608138,0.1766925905352019,0.012399453951515557
oulab,6,stack_7_full,cutoff_valid,cutoff_valid,cutoff_valid,eligible_silent,879,20,0.8691695108077361,0.8596357798623184,0.8035624857728204,0.9633218490987163,0.0970325704419298,0.017625453695181363
oulab,6,temporal_hgb,activity_to_cutoff_valid,activity_conditioned,cutoff_valid,eligible_active,26143,22,0.4160960869066289,0.4339952393348353,0.7585176769515359,0.6930197705413775,0.19498358962062884,0.018698722923976
oulab,6,temporal_hgb,activity_to_cutoff_valid,activity_conditioned,cutoff_valid,eligible_silent,879,20,0.8691695108077361,0.8434723305062324,0.5659799681311177,0.8882799718264249,0.11427288037273041,0.02569718030150364
oulab,6,temporal_hgb,cutoff_valid,cutoff_valid,cutoff_valid,eligible_active,26143,22,0.4160960869066289,0.4164979346195568,0.7596971039369618,0.6975072184816447,0.19417563447853295,0.01185082747750487
oulab,6,temporal_hgb,cutoff_valid,cutoff_valid,cutoff_valid,eligible_silent,879,20,0.8691695108077361,0.8514975247539719,0.3931026633280218,0.8307912601436018,0.11436363684577094,0.01767198605376405
oulab,8,base_lr_profile,activity_to_cutoff_valid,activity_conditioned,cutoff_valid,eligible_active,25768,22,0.4056969885128842,0.4553692116416523,0.629937709283622,0.5336696774305256,0.2313968397793511,0.05008145435050815
oulab,8,base_lr_profile,activity_to_cutoff_valid,activity_conditioned,cutoff_valid,eligible_silent,755,20,0.909933774834437,0.48697141629981466,0.6935097182977995,0.9517389413105419,0.2628611961293566,0.42296235853462233
oulab,8,base_lr_profile,cutoff_valid,cutoff_valid,cutoff_valid,eligible_active,25768,22,0.4056969885128842,0.40566410059081864,0.6312258766110275,0.5365601522126675,0.22845253504955312,0.00702525733281523
oulab,8,base_lr_profile,cutoff_valid,cutoff_valid,cutoff_valid,eligible_silent,755,20,0.909933774834437,0.9098236946397656,0.6694708451066017,0.9456760428968811,0.07923833685188444,0.013206015741532042
oulab,8,base_rf_gini,activity_to_cutoff_valid,activity_conditioned,cutoff_valid,eligible_active,25768,22,0.4056969885128842,0.4329173826738736,0.8103958625034384,0.7700838397892046,0.17121475594713037,0.03326924236460028
oulab,8,base_rf_gini,activity_to_cutoff_valid,activity_conditioned,cutoff_valid,eligible_silent,755,20,0.909933774834437,0.8866970971917615,0.8168293518280675,0.9773730686173201,0.07347445057112928,0.02323667764267566
oulab,8,base_rf_gini,cutoff_valid,cutoff_valid,cutoff_valid,eligible_active,25768,22,0.4056969885128842,0.43940787613743937,0.8108677207952131,0.7709478197390643,0.1719030863224516,0.04375297004239658
oulab,8,base_rf_gini,cutoff_valid,cutoff_valid,cutoff_valid,eligible_silent,755,20,0.909933774834437,0.9197567047026237,0.8074749550475212,0.9768807164757355,0.07410137331332305,0.015963284431466655
oulab,8,stack_7_full,activity_to_cutoff_valid,activity_conditioned,cutoff_valid,eligible_active,25768,22,0.4056969885128842,0.41283807353145874,0.8241672710878575,0.7891571034695609,0.16341228568671234,0.010107996190380433
oulab,8,stack_7_full,activity_to_cutoff_valid,activity_conditioned,cutoff_valid,eligible_silent,755,20,0.909933774834437,0.7728045658620283,0.8296729172018152,0.9789673507595636,0.09531231660163601,0.13712920897240874
oulab,8,stack_7_full,cutoff_valid,cutoff_valid,cutoff_valid,eligible_active,25768,22,0.4056969885128842,0.4055479087604787,0.8245046071973516,0.7896359766445324,0.16322914738888747,0.010370939033907517
oulab,8,stack_7_full,cutoff_valid,cutoff_valid,cutoff_valid,eligible_silent,755,20,0.909933774834437,0.9018632419038062,0.8165510745783029,0.974765743917555,0.07223999069923426,0.02077309693076769
oulab,8,temporal_hgb,activity_to_cutoff_valid,activity_conditioned,cutoff_valid,eligible_active,25768,22,0.4056969885128842,0.41943064806009733,0.792411878288707,0.7378969184555305,0.17901041019713324,0.014459517158522183
oulab,8,temporal_hgb,activity_to_cutoff_valid,activity_conditioned,cutoff_valid,eligible_silent,755,20,0.909933774834437,0.8875703154332151,0.5183662984844593,0.9225602441880792,0.08242165592356733,0.022363459401221863
oulab,8,temporal_hgb,cutoff_valid,cutoff_valid,cutoff_valid,eligible_active,25768,22,0.4056969885128842,0.4059076941146431,0.7938520889128662,0.7414265995666793,0.17823768047758584,0.012095097645095374
oulab,8,temporal_hgb,cutoff_valid,cutoff_valid,cutoff_valid,eligible_silent,755,20,0.909933774834437,0.892003057593538,0.37235636612723694,0.873343470475382,0.08254497614424379,0.023798023168717684
oulab,10,base_lr_profile,activity_to_cutoff_valid,activity_conditioned,cutoff_valid,eligible_active,25432,22,0.39627241270839886,0.45502044909536726,0.6293178997747491,0.5231650834917128,0.23084149864687237,0.059083872593569065
oulab,10,base_lr_profile,activity_to_cutoff_valid,activity_conditioned,cutoff_valid,eligible_silent,643,20,0.9548989113530326,0.4984632898374715,0.5333033808828485,0.9557334922982286,0.2654730234797389,0.4564356215155611
oulab,10,base_lr_profile,cutoff_valid,cutoff_valid,cutoff_valid,eligible_active,25432,22,0.39627241270839886,0.3962463043168881,0.6310867328106369,0.526922720922308,0.22678131563253295,0.006091801597616847
oulab,10,base_lr_profile,cutoff_valid,cutoff_valid,cutoff_valid,eligible_silent,643,20,0.9548989113530326,0.9546664468088026,0.48725148826238346,0.94982177661538,0.043581025824036335,0.004984229753654984
oulab,10,base_rf_gini,activity_to_cutoff_valid,activity_conditioned,cutoff_valid,eligible_active,25432,22,0.39627241270839886,0.42005909323217944,0.8289670904317691,0.7934482505325308,0.16036433955199944,0.03127319471993078
oulab,10,base_rf_gini,activity_to_cutoff_valid,activity_conditioned,cutoff_valid,eligible_silent,643,20,0.9548989113530326,0.9653807816482539,0.7550263955969898,0.9845424467221001,0.04150414632283438,0.010481870295221253
oulab,10,base_rf_gini,cutoff_valid,cutoff_valid,cutoff_valid,eligible_active,25432,22,0.39627241270839886,0.43087406523789035,0.8296101919939154,0.794037182725457,0.16112723244172167,0.042785458134287725
oulab,10,base_rf_gini,cutoff_valid,cutoff_valid,cutoff_valid,eligible_silent,643,20,0.9548989113530326,0.9657491285535661,0.7505896888689206,0.9831914266470432,0.04162305277800431,0.010850217200533436
oulab,10,stack_7_full,activity_to_cutoff_valid,activity_conditioned,cutoff_valid,eligible_active,25432,22,0.39627241270839886,0.40193485569731635,0.8413662154744898,0.8083487863518956,0.15327293971602565,0.008390223315629807
oulab,10,stack_7_full,activity_to_cutoff_valid,activity_conditioned,cutoff_valid,eligible_silent,643,20,0.9548989113530326,0.9035397884029821,0.7601931933056273,0.9855009213641581,0.04412374902899341,0.05135912295005059
oulab,10,stack_7_full,cutoff_valid,cutoff_valid,cutoff_valid,eligible_active,25432,22,0.39627241270839886,0.3954523777500442,0.8413030181698808,0.8082421996930674,0.15333216313324244,0.00799359329942471
oulab,10,stack_7_full,cutoff_valid,cutoff_valid,cutoff_valid,eligible_silent,643,20,0.9548989113530326,0.9536861145024247,0.744861282713692,0.9837119141979032,0.04198284533189514,0.0066344792603928995
oulab,10,temporal_hgb,activity_to_cutoff_valid,activity_conditioned,cutoff_valid,eligible_active,25432,22,0.39627241270839886,0.40494097960057124,0.8240590206342335,0.7869829356418365,0.1611248175875025,0.009295888398933413
oulab,10,temporal_hgb,activity_to_cutoff_valid,activity_conditioned,cutoff_valid,eligible_silent,643,20,0.9548989113530326,0.9566782998647884,0.5823317982702461,0.9668257984526533,0.04303773796160918,0.0017793885117555613
oulab,10,temporal_hgb,cutoff_valid,cutoff_valid,cutoff_valid,eligible_active,25432,22,0.39627241270839886,0.39621238614698695,0.8244594662608598,0.7874523877054724,0.1610527516857659,0.010828539833289717
oulab,10,temporal_hgb,cutoff_valid,cutoff_valid,cutoff_valid,eligible_silent,643,20,0.9548989113530326,0.9390818055606541,0.2879928114118836,0.9213480352050871,0.043554168540615466,0.01581710579237839
oulab,12,base_lr_profile,activity_to_cutoff_valid,activity_conditioned,cutoff_valid,eligible_active,25102,22,0.3881762409369771,0.4547971567770944,0.630209579588287,0.5158411167863343,0.23005776630858601,0.06675450240747259
oulab,12,base_lr_profile,activity_to_cutoff_valid,activity_conditioned,cutoff_valid,eligible_silent,627,20,0.9585326953748007,0.49903102758066775,0.5258543453218993,0.9596155490114304,0.26512308451303557,0.459501667794133
oulab,12,base_lr_profile,cutoff_valid,cutoff_valid,cutoff_valid,eligible_active,25102,22,0.3881762409369771,0.3881509330722926,0.6323601946515254,0.5201997306413179,0.22492432651999766,0.004293434885104774
oulab,12,base_lr_profile,cutoff_valid,cutoff_valid,cutoff_valid,eligible_silent,627,20,0.9585326953748007,0.9583169066272337,0.47958530654038145,0.9549724626796676,0.040238025446790775,0.004175090538256562
oulab,12,base_rf_gini,activity_to_cutoff_valid,activity_conditioned,cutoff_valid,eligible_active,25102,22,0.3881762409369771,0.41483527583642005,0.8336248701221916,0.7954976951400968,0.15760756715361063,0.038978250231990336
oulab,12,base_rf_gini,activity_to_cutoff_valid,activity_conditioned,cutoff_valid,eligible_silent,627,20,0.9585326953748007,0.9687788075874962,0.7380007679508511,0.985047566940662,0.038658465345456895,0.010246112212695621
oulab,12,base_rf_gini,cutoff_valid,cutoff_valid,cutoff_valid,eligible_active,25102,22,0.3881762409369771,0.42578756262789536,0.8336883656426768,0.7952298307109699,0.15866125559568997,0.04904210566999022
oulab,12,base_rf_gini,cutoff_valid,cutoff_valid,cutoff_valid,eligible_silent,627,20,0.9585326953748007,0.9691997782981181,0.7483681044413157,0.9850422606509248,0.03850806579370742,0.010667082923317526
oulab,12,stack_7_full,activity_to_cutoff_valid,activity_conditioned,cutoff_valid,eligible_active,25102,22,0.3881762409369771,0.3952221805700464,0.8487831727007591,0.8144095364248143,0.14835762314588957,0.007090924230557429
oulab,12,stack_7_full,activity_to_cutoff_valid,activity_conditioned,cutoff_valid,eligible_silent,627,20,0.9585326953748007,0.8917913527944074,0.761551260719314,0.9871359131784723,0.042589205442235704,0.0678491827625282
oulab,12,stack_7_full,cutoff_valid,cutoff_valid,cutoff_valid,eligible_active,25102,22,0.3881762409369771,0.3876911581516896,0.8486120649026593,0.8139462674367381,0.1485782376251007,0.009734035707361338
oulab,12,stack_7_full,cutoff_valid,cutoff_valid,cutoff_valid,eligible_silent,627,20,0.9585326953748007,0.9563293769931352,0.7753743760399335,0.9857075609908676,0.03835392637505593,0.009504533590484818
oulab,12,temporal_hgb,activity_to_cutoff_valid,activity_conditioned,cutoff_valid,eligible_active,25102,22,0.3881762409369771,0.3988484729033647,0.8302659423873908,0.7913291438239883,0.1571287927370303,0.010876867893887851
oulab,12,temporal_hgb,activity_to_cutoff_valid,activity_conditioned,cutoff_valid,eligible_silent,627,20,0.9585326953748007,0.9577082885313399,0.6194163573531294,0.9750622035616354,0.03971008499152696,0.0008244068434606969
oulab,12,temporal_hgb,cutoff_valid,cutoff_valid,cutoff_valid,eligible_active,25102,22,0.3881762409369771,0.38819996547229224,0.8303718506702966,0.7910826596405178,0.15709528992687363,0.011418613110398055
oulab,12,temporal_hgb,cutoff_valid,cutoff_valid,cutoff_valid,eligible_silent,627,20,0.9585326953748007,0.9432236999505298,0.28663765519006784,0.9198224251754445,0.040172895445772086,0.015308995424270937
oulab,14,base_lr_profile,activity_to_cutoff_valid,activity_conditioned,cutoff_valid,eligible_active,24755,22,0.379276913754797,0.4542499955704376,0.6286819934216472,0.5052250416832488,0.22964767306933392,0.0751027578253563
oulab,14,base_lr_profile,activity_to_cutoff_valid,activity_conditioned,cutoff_valid,eligible_silent,599,20,0.9699499165275459,0.49896333901868406,0.5617708930961943,0.976816579474448,0.264230207355523,0.4709865775088619
oulab,14,base_lr_profile,cutoff_valid,cutoff_valid,cutoff_valid,eligible_active,24755,22,0.379276913754797,0.37924417029412594,0.6318594012974466,0.5104569915037833,0.22313399154357866,0.003649612187103084
oulab,14,base_lr_profile,cutoff_valid,cutoff_valid,cutoff_valid,eligible_silent,599,20,0.9699499165275459,0.9697814482810952,0.5004781028877414,0.9716638663779728,0.029387743995800072,0.0001684682464506669
oulab,14,base_rf_gini,activity_to_cutoff_valid,activity_conditioned,cutoff_valid,eligible_active,24755,22,0.379276913754797,0.4042139732077119,0.8525219008450006,0.8149170115232149,0.14694713335491116,0.03721222347503677
oulab,14,base_rf_gini,activity_to_cutoff_valid,activity_conditioned,cutoff_valid,eligible_silent,599,20,0.9699499165275459,0.9789277248242388,0.7157200229489387,0.9877938379249811,0.02859852491249035,0.01004177884762391
oulab,14,base_rf_gini,cutoff_valid,cutoff_valid,cutoff_valid,eligible_active,24755,22,0.379276913754797,0.4171620996765567,0.8528837397777886,0.8151701977057949,0.14805394280388773,0.05100637372173749
oulab,14,base_rf_gini,cutoff_valid,cutoff_valid,cutoff_valid,eligible_silent,599,20,0.9699499165275459,0.9785230016336538,0.6617900172117039,0.9850841291068124,0.0288250547584081,0.008573085106107887
oulab,14,stack_7_full,activity_to_cutoff_valid,activity_conditioned,cutoff_valid,eligible_active,24755,22,0.379276913754797,0.38557113506187046,0.8677966704607665,0.8354077804951633,0.13668400100657896,0.008629242103815453
oulab,14,stack_7_full,activity_to_cutoff_valid,activity_conditioned,cutoff_valid,eligible_silent,599,20,0.9699499165275459,0.9711853575847657,0.7601835915088927,0.98926319136,0.02853330502267341,0.0012354410572197397
oulab,14,stack_7_full,cutoff_valid,cutoff_valid,cutoff_valid,eligible_active,24755,22,0.379276913754797,0.3789586173793357,0.8680304382489628,0.8359883908450368,0.13653121494566822,0.009029204924067585
oulab,14,stack_7_full,cutoff_valid,cutoff_valid,cutoff_valid,eligible_silent,599,20,0.9699499165275459,0.9692284762389964,0.6682922164849876,0.9830819331777515,0.02890909270086536,0.0007214402885495164
oulab,14,temporal_hgb,activity_to_cutoff_valid,activity_conditioned,cutoff_valid,eligible_active,24755,22,0.379276913754797,0.3887860233643322,0.8516218920878926,0.8126043472302572,0.14549379533903997,0.010399920929686996
oulab,14,temporal_hgb,activity_to_cutoff_valid,activity_conditioned,cutoff_valid,eligible_silent,599,20,0.9699499165275459,0.9665840737283063,0.553738764582138,0.9785875920768348,0.029136133572444736,0.0033658427992394498
oulab,14,temporal_hgb,cutoff_valid,cutoff_valid,cutoff_valid,eligible_active,24755,22,0.379276913754797,0.3789047909076223,0.8518614059917389,0.8130772312390955,0.14532249005464593,0.01000531034984389
oulab,14,temporal_hgb,cutoff_valid,cutoff_valid,cutoff_valid,eligible_silent,599,20,0.9699499165275459,0.9559541405183352,0.31602600879709314,0.9371701714162962,0.029474284399563826,0.013995776009210804
oulab,16,base_lr_profile,activity_to_cutoff_valid,activity_conditioned,cutoff_valid,eligible_active,24367,22,0.3691467968974433,0.45410630269398217,0.6300113458238646,0.49631006458889226,0.22868419827654052,0.08499153211505972
oulab,16,base_lr_profile,activity_to_cutoff_valid,activity_conditioned,cutoff_valid,eligible_silent,572,20,0.9772727272727273,0.4991799098510969,0.5385991468281272,0.9803303825596887,0.26478693479114973,0.47809281742163035
oulab,16,base_lr_profile,cutoff_valid,cutoff_valid,cutoff_valid,eligible_active,24367,22,0.3691467968974433,0.3691082273640812,0.6340219079700942,0.5024024167799594,0.22040649544656718,0.0034547106133959006
oulab,16,base_lr_profile,cutoff_valid,cutoff_valid,cutoff_valid,eligible_silent,572,20,0.9772727272727273,0.9770011171466024,0.443649373881932,0.973026669898519,0.022427772880499023,0.00027161012612484867
oulab,16,base_rf_gini,activity_to_cutoff_valid,activity_conditioned,cutoff_valid,eligible_active,24367,22,0.3691467968974433,0.3931840353637738,0.8656572730940093,0.8272570220181403,0.1383144473380888,0.03570258484070108
oulab,16,base_rf_gini,activity_to_cutoff_valid,activity_conditioned,cutoff_valid,eligible_silent,572,20,0.9772727272727273,0.984700190387239,0.7411586624466768,0.9917270379264262,0.021802342285477883,0.008163437577382124
oulab,16,base_rf_gini,cutoff_valid,cutoff_valid,cutoff_valid,eligible_active,24367,22,0.3691467968974433,0.40803707085728164,0.8660789012081626,0.8276224377486656,0.13945612835872612,0.04807970704562233
oulab,16,base_rf_gini,cutoff_valid,cutoff_valid,cutoff_valid,eligible_silent,572,20,0.9772727272727273,0.9841391159303934,0.6316224026420807,0.9871950316660796,0.02202470460643201,0.006866388657666155
oulab,16,stack_7_full,activity_to_cutoff_valid,activity_conditioned,cutoff_valid,eligible_active,24367,22,0.3691467968974433,0.37490570040162946,0.8798675124830823,0.8466682114699552,0.12852482942522533,0.008297688772682082
oulab,16,stack_7_full,activity_to_cutoff_valid,activity_conditioned,cutoff_valid,eligible_silent,572,20,0.9772727272727273,0.9578370124770449,0.8004678684464015,0.993746849819764,0.021882216053804315,0.02218960125357872
oulab,16,stack_7_full,cutoff_valid,cutoff_valid,cutoff_valid,eligible_active,24367,22,0.3691467968974433,0.3684184946349982,0.8803959669385817,0.8474677064005276,0.12816541151355876,0.009097451789395248
oulab,16,stack_7_full,cutoff_valid,cutoff_valid,cutoff_valid,eligible_silent,572,20,0.9772727272727273,0.9765396111682281,0.6653364524563095,0.9864273166035078,0.022066646640695856,0.0007331161044992658
oulab,16,temporal_hgb,activity_to_cutoff_valid,activity_conditioned,cutoff_valid,eligible_active,24367,22,0.3691467968974433,0.37802517495742805,0.8674162590978856,0.8295103065911069,0.13540778121744101,0.010302895905244474
oulab,16,temporal_hgb,activity_to_cutoff_valid,activity_conditioned,cutoff_valid,eligible_silent,572,20,0.9772727272727273,0.9695971339626985,0.6426310719691758,0.9878205724746764,0.0222537874200083,0.007675593310028799
oulab,16,temporal_hgb,cutoff_valid,cutoff_valid,cutoff_valid,eligible_active,24367,22,0.3691467968974433,0.36857849787309777,0.867266690648533,0.8294115991311124,0.13542579079061037,0.010700985938207914
oulab,16,temporal_hgb,cutoff_valid,cutoff_valid,cutoff_valid,eligible_silent,572,20,0.9772727272727273,0.9630793005999088,0.23723682399889914,0.9432024837955546,0.02255846274784162,0.01419342667281863
